event_id,event_date,landslide_category,landslide_trigger,landslide_size,fatality_count,admin_division_name,latitude,longitude
1054,07/22/2009 12:00:00 AM,landslide,downpour,medium,0.0,Bengal,26.8572,88.3143
1055,07/22/2009 12:00:00 AM,landslide,downpour,medium,0.0,Bengal,26.8826,88.2788
1061,07/01/2009 05:40:00 AM,landslide,downpour,medium,0.0,,27.478,88.527
2164,07/29/2010 11:00:00 PM,landslide,downpour,medium,0.0,Manipur,25.3098633,94.48214677
37,03/19/2007 12:00:00 AM,landslide,rain,medium,2.0,Kashmir,33.8778,74.3333
3669,06/29/2011 12:00:00 AM,landslide,downpour,medium,0.0,Uttarakhand,30.7666,78.7963
3750,07/09/2011 12:00:00 AM,landslide,downpour,medium,0.0,Uttarakhand,30.7652,78.5925
3751,07/09/2011 12:00:00 AM,landslide,downpour,medium,0.0,Uttarakhand,30.7331,79.0685
3752,07/09/2011 12:00:00 AM,landslide,downpour,medium,0.0,Uttarakhand,31.0188,78.4129
3821,07/21/2011 12:00:00 AM,landslide,rain,medium,1.0,Uttarakhand,29.7334,79.6367
3819,07/21/2011 12:00:00 AM,landslide,rain,medium,1.0,Uttarakhand,30.4043,79.3318
4565,09/18/2012 12:00:00 AM,landslide,downpour,medium,,Himachal Pradesh,31.0226,77.1029
4569,09/19/2012 12:00:00 AM,landslide,downpour,large,20.0,,27.8385,88.556
4571,09/19/2012 12:00:00 AM,landslide,downpour,large,,,27.6558,88.605
4929,06/16/2013 12:00:00 AM,landslide,rain,medium,0.0,Uttarakhand,30.4954,78.3881
4930,06/16/2013 12:00:00 AM,landslide,rain,medium,0.0,Uttarakhand,30.885,78.6695
4931,06/16/2013 12:00:00 AM,landslide,rain,medium,0.0,Uttarakhand,29.7986,80.417
4982,06/25/2013 08:00:00 AM,landslide,downpour,medium,0.0,Tamil Nādu,10.9628,77.5947
4983,06/25/2013 08:00:00 AM,landslide,downpour,medium,0.0,Tamil Nādu,10.9628,77.5947
5122,07/17/2013 12:00:00 AM,mudslide,rain,medium,0.0,Nāgāland,25.7658,93.9413
5123,07/17/2013 12:00:00 AM,mudslide,rain,medium,0.0,Nāgāland,25.7131,94.0885
7176,04/02/2015 12:00:00 AM,landslide,continuous_rain,medium,0.0,Kashmir,34.1587,74.4725
143,07/28/2007 12:00:00 AM,landslide,rain,medium,,Goa,15.4014,73.8277
3659,06/27/2011 12:00:00 AM,landslide,rain,medium,0.0,Karnataka,12.6771,75.2565
1097,08/17/2009 06:00:00 PM,landslide,continuous_rain,medium,0.0,Uttarakhand,29.4085,80.1327
4928,06/16/2013 12:00:00 AM,landslide,rain,medium,0.0,Uttarakhand,30.4619,79.0765
4445,07/05/2012 12:00:00 AM,landslide,downpour,large,1.0,Uttarakhand,30.1281,78.3221
2118,07/22/2010 05:00:00 AM,landslide,downpour,medium,0.0,Kashmir,33.3893,75.203
2502,09/25/2010 12:00:00 AM,landslide,downpour,medium,0.0,Kashmir,33.241,75.2382
5635,11/13/2013 11:00:00 PM,landslide,downpour,medium,0.0,Kerala,8.4557,77.009
5084,07/12/2013 11:00:00 PM,landslide,downpour,medium,0.0,Nāgāland,25.616,94.1167
3618,06/17/2011 12:00:00 AM,landslide,downpour,medium,0.0,Himachal Pradesh,31.5639,77.9798
7726,08/22/2015 04:30:00 AM,landslide,downpour,medium,0.0,Himachal Pradesh,31.0365,77.1213
5225,07/28/2013 12:00:00 AM,mudslide,downpour,small,1.0,Uttarakhand,30.819,78.6149
3986,09/25/2011 12:00:00 AM,landslide,downpour,medium,0.0,Bengal,27.0605,88.255
2566,10/08/2010 12:00:00 AM,mudslide,downpour,medium,0.0,Nāgāland,25.4769,94.1351
1050,07/03/2009 12:00:00 AM,landslide,rain,medium,0.0,Bengal,26.87324244,88.29184021
2226,08/09/2010 06:00:00 PM,landslide,downpour,medium,1.0,Kashmir,33.334,75.7627
3116,02/13/2011 12:00:00 AM,landslide,rain,medium,,Kashmir,33.33875958,75.1921061
1988,06/15/2010 12:00:00 AM,landslide,downpour,small,0.0,Maharashtra,18.7624,73.3747
4139,01/12/2012 10:00:00 PM,landslide,downpour,medium,0.0,Kashmir,33.2407,75.2373
1109,08/20/2009 12:00:00 AM,landslide,downpour,medium,0.0,Assam,25.5215,93.1645
7196,07/12/2015 12:00:00 AM,landslide,continuous_rain,medium,0.0,Kashmir,33.2049,75.2845
3128,02/16/2011 06:00:00 PM,landslide,downpour,medium,0.0,Kashmir,33.2609,75.244
3777,07/15/2011 06:00:00 PM,landslide,downpour,medium,1.0,Himachal Pradesh,32.3491,77.2181
2206,08/06/2010 12:30:00 AM,landslide,downpour,very_large,234.0,Kashmir,34.1416,77.4871
1961,06/09/2010 02:15:00 PM,landslide,downpour,medium,0.0,Meghālaya,25.8833,91.2
595,06/20/2008 12:00:00 AM,landslide,rain,medium,,Bengal,26.885,88.2778
9474,08/07/2016 12:00:00 AM,landslide,continuous_rain,medium,1.0,Kashmir,32.6987,75.0582
9199,06/08/2016 10:00:00 PM,landslide,downpour,medium,0.0,Kashmir,34.2952,75.3226
2578,10/09/2010 12:00:00 AM,landslide,downpour,medium,0.0,Nāgāland,25.3179,94.0462
322,10/21/2007 12:00:00 AM,landslide,rain,medium,,Assam,24.75,93.4333
7370,08/01/2015 12:00:00 AM,landslide,continuous_rain,medium,0.0,Manipur,24.1419,94.1078
5552,09/24/2013 12:00:00 AM,landslide,unknown,medium,,Manipur,25.0985,94.3619
3707,07/03/2011 12:00:00 AM,landslide,rain,medium,0.0,Kashmir,34.1601,75.496
3621,06/17/2011 12:00:00 AM,mudslide,downpour,large,4.0,Bengal,26.88,88.28
2241,08/13/2010 12:00:00 AM,landslide,downpour,medium,,Uttarakhand,30.80200029,78.61786282
3562,06/01/2011 11:00:00 PM,landslide,downpour,medium,0.0,Kerala,9.6326,76.9792
9356,08/02/2016 10:30:00 PM,rock_fall,monsoon,medium,0.0,Maharashtra,19.3421,73.7735
5208,07/26/2013 12:00:00 AM,landslide,rain,medium,,Uttarakhand,30.2835,79.2498
5053,07/07/2013 12:00:00 AM,landslide,downpour,medium,,Himachal Pradesh,31.9671,76.8521
3250,03/19/2011 12:00:00 AM,landslide,downpour,medium,0.0,Kashmir,33.3308,75.1773
1993,06/16/2010 12:00:00 AM,landslide,downpour,medium,0.0,Bengal,26.8073,88.3162
6928,03/31/2015 12:00:00 AM,landslide,construction,medium,4.0,Uttarakhand,30.6145,79.8102
7031,05/24/2015 12:00:00 AM,landslide,unknown,medium,0.0,Sikkim,27.6163,88.6586
9351,03/07/2016 12:00:00 AM,landslide,unknown,medium,3.0,Madhya Pradesh,22.1337,78.8979
7932,06/28/2016 12:00:00 AM,landslide,downpour,small,0.0,Goa,15.3455,73.8976
4535,09/03/2012 12:00:00 AM,landslide,downpour,medium,,Maharashtra,19.0397,72.907
4514,08/24/2012 12:00:00 AM,landslide,downpour,medium,,Himachal Pradesh,31.709,76.9312
7084,07/06/2015 12:00:00 AM,landslide,downpour,medium,0.0,Uttarakhand,29.393,79.4525
4498,08/18/2012 12:00:00 AM,landslide,downpour,medium,,Himachal Pradesh,32.1797,77.1947
1157,09/12/2009 11:00:00 PM,landslide,downpour,small,,Himachal Pradesh,31.1032,77.1625
2460,09/19/2010 12:00:00 AM,landslide,downpour,medium,0.0,Himachal Pradesh,31.9843,77.1889
2025,06/28/2010 12:00:00 AM,landslide,downpour,medium,1.0,Meghālaya,25.5728,91.885
9405,04/19/2016 12:00:00 AM,landslide,continuous_rain,medium,0.0,Nagaland,26.7223,95.0243
6962,06/18/2015 10:00:00 PM,landslide,continuous_rain,medium,0.0,Goa,15.4465,73.927
1908,05/27/2010 09:45:00 AM,landslide,rain,medium,0.0,Kashmir,34.5628,77.6001
5343,08/17/2013 11:00:00 PM,landslide,continuous_rain,medium,,Assam,24.7625,93.4341
6971,06/09/2015 12:00:00 AM,landslide,continuous_rain,medium,2.0,Arunachal Pradesh,27.0987,93.816
57,04/11/2007 12:00:00 AM,landslide,downpour,medium,,,27.4459,88.6193
1611,04/01/2010 12:00:00 AM,landslide,downpour,medium,3.0,Assam,25.1553,93.028
3905,08/10/2011 12:00:00 AM,landslide,rain,medium,0.0,Uttarakhand,30.2828,78.3041
3749,07/09/2011 12:00:00 AM,landslide,downpour,medium,0.0,Uttarakhand,30.7412,79.4929
2015,06/25/2010 12:00:00 AM,landslide,downpour,medium,0.0,Maharashtra,19.069,72.8703
6189,08/03/2014 09:00:00 AM,landslide,continuous_rain,small,0.0,State of Odisha,19.1497,83.6299
6358,09/06/2014 12:00:00 AM,landslide,rain,medium,5.0,Kashmir,32.8468,75.137
4382,06/03/2012 12:00:00 AM,landslide,downpour,medium,,Assam,25.1175,92.8573
8367,06/30/2016 10:00:00 PM,mudslide,monsoon,large,0.0,Uttarakhand,29.8002,80.2565
1112,08/20/2009 12:00:00 AM,mudslide,downpour,medium,0.0,Sikkim,27.1761,88.5287
100,06/25/2007 12:00:00 AM,landslide,rain,medium,,Kerala,11.2738,75.8275
2424,09/13/2010 12:00:00 AM,landslide,downpour,medium,0.0,Mizoram,23.591,92.9296
9166,07/18/2016 12:00:00 AM,rock_fall,rain,medium,,Uttarakhand,30.7313,78.4358
2379,09/03/2010 12:00:00 AM,landslide,downpour,medium,0.0,Uttarakhand,30.2851,78.9829
2391,09/04/2010 12:00:00 AM,landslide,downpour,medium,0.0,Uttarakhand,30.8987,78.3399
78,05/23/2007 12:00:00 AM,landslide,rain,medium,,Sikkim,27.3383,88.6069
705,08/10/2008 12:00:00 AM,landslide,rain,medium,,Maharashtra,18.72,73.47
5638,11/13/2013 12:00:00 AM,landslide,downpour,medium,0.0,Tamil Nadu,8.1747,77.444
5097,07/14/2013 12:00:00 AM,landslide,downpour,medium,1.0,Himachal Pradesh,31.4711,77.6746
2136,07/25/2010 12:00:00 AM,landslide,downpour,medium,0.0,Himachal Pradesh,30.904,77.0969
6322,10/27/2014 09:00:00 AM,rock_fall,downpour,medium,0.0,Tamil Nadu,10.2379,77.6377
4504,08/21/2012 12:00:00 AM,landslide,downpour,medium,,Kashmir,34.6113,74.9499
5431,09/01/2013 12:00:00 AM,mudslide,continuous_rain,medium,0.0,Assam,24.9829,93.5063
2963,01/11/2011 12:00:00 AM,landslide,construction,medium,0.0,Goa,15.4838,73.8164
3672,06/29/2011 12:00:00 AM,landslide,downpour,medium,0.0,Assam,25.5125,93.3613
2416,09/12/2010 12:00:00 AM,landslide,downpour,medium,0.0,Uttarakhand,30.7333,78.4403
7262,07/21/2015 12:00:00 AM,landslide,continuous_rain,small,0.0,Kashmir,33.7403,77.7559
2161,07/29/2010 12:00:00 AM,landslide,downpour,medium,0.0,Uttarakhand,30.7467,78.4517
3997,09/30/2011 12:00:00 AM,landslide,unknown,medium,0.0,,27.5161,88.5575
2253,08/15/2010 11:00:00 PM,landslide,downpour,medium,0.0,Manipur,25.31006064,94.48265093
3764,07/12/2011 05:15:00 PM,landslide,rain,medium,0.0,Maharashtra,19.6699,73.5111
2210,08/06/2010 12:30:00 AM,landslide,downpour,large,0.0,Kashmir,34.1619,77.5528
2464,09/19/2010 12:00:00 AM,landslide,downpour,medium,0.0,Himachal Pradesh,30.9544,77.5063
5099,07/14/2013 12:00:00 AM,landslide,rain,medium,0.0,Himachal Pradesh,30.6738,77.3544
2305,08/21/2010 12:00:00 AM,landslide,downpour,medium,0.0,Himachal Pradesh,31.5304,77.7755
5285,08/05/2013 12:00:00 AM,landslide,monsoon,medium,1.0,Uttarakhand,29.5659,80.3657
1108,08/20/2009 12:00:00 AM,landslide,downpour,medium,0.0,Assam,24.9925,93.5
2467,09/19/2010 12:00:00 AM,landslide,downpour,medium,0.0,Himachal Pradesh,30.7198,77.1695
448,02/08/2008 12:00:00 AM,landslide,rain,medium,,Karnātaka,12.9752,77.6092
6105,06/26/2014 11:00:00 PM,landslide,continuous_rain,medium,0.0,Arunachal Pradesh,28.9205,95.3429
7175,04/05/2015 12:00:00 AM,landslide,continuous_rain,medium,0.0,Kashmir,33.9243,74.6163
9168,06/12/2016 11:00:00 PM,landslide,downpour,medium,0.0,Arunachal Pradesh,27.6438,93.871
554,05/28/2008 12:00:00 AM,landslide,downpour,medium,,Kerala,9.7327,76.8403
7021,06/27/2015 11:00:00 PM,landslide,downpour,medium,1.0,West Bengal,27.0076,88.251
7159,07/10/2015 12:00:00 AM,landslide,continuous_rain,medium,0.0,Uttarakhand,29.3908,79.4552
3560,05/31/2011 02:30:00 PM,landslide,downpour,medium,2.0,Manipur,24.8286,93.5935
2215,08/06/2010 01:00:00 AM,landslide,downpour,medium,0.0,Himachal Pradesh,32.371,77.2468
587,06/15/2008 12:00:00 AM,landslide,downpour,medium,17.0,Assam,27.2298,94.0989
8012,09/06/2015 03:00:00 PM,landslide,unknown,medium,0.0,Meghalaya,25.9703,91.8584
7062,05/14/2015 09:00:00 AM,landslide,downpour,small,0.0,Kashmir,33.6303,74.4838
5633,11/13/2013 04:00:00 AM,landslide,downpour,medium,0.0,Kerala,8.4951,76.921
2369,08/31/2010 12:00:00 AM,landslide,downpour,medium,0.0,Andhra Pradesh,16.5332,80.6103
7335,08/18/2015 09:00:00 AM,landslide,continuous_rain,medium,0.0,Meghalaya,25.5145,90.2023
7215,07/13/2015 11:00:00 PM,landslide,continuous_rain,small,1.0,Himachal Pradesh,32.2473,78.037
5179,07/24/2013 12:00:00 AM,landslide,downpour,medium,0.0,Uttarakhand,30.262,79.2191
704,08/10/2008 12:00:00 AM,landslide,downpour,medium,,Karnataka,12.6445,75.605
6840,02/05/2015 12:00:00 AM,landslide,unknown,medium,0.0,Kashmir,33.7453,74.1794
3568,06/02/2011 12:00:00 AM,landslide,downpour,medium,0.0,Kerala,9.8721,76.7046
6544,08/22/2014 10:30:00 PM,other,downpour,medium,0.0,Tamil Nadu,11.683,77.571
2014,06/25/2010 12:00:00 AM,landslide,downpour,medium,0.0,Maharashtra,19.153,72.9266
8962,06/18/2016 12:00:00 AM,mudslide,downpour,medium,0.0,Goa,15.0275,74.1623
6570,08/30/2011 12:00:00 AM,landslide,continuous_rain,medium,0.0,Maharashtra,17.4303,73.5097
7167,04/08/2015 12:00:00 AM,landslide,continuous_rain,small,0.0,Kashmir,34.6609,73.9593
141,07/26/2007 12:00:00 AM,landslide,rain,medium,,Meghālaya,25.38,91.88
3983,09/23/2011 12:00:00 AM,landslide,downpour,large,4.0,Assam,26.1548,91.7351
395,12/16/2007 12:00:00 AM,landslide,rain,medium,13.0,Kashmir,34.93977198,76.83270934
1487,02/08/2010 06:00:00 PM,landslide,downpour,medium,1.0,Kashmir,34.0876,74.0225
419,01/09/2008 12:00:00 AM,landslide,rain,medium,,Kashmir,33.23738085,75.24528226
148,07/30/2007 12:00:00 AM,landslide,downpour,medium,,Mizoram,22.479,92.967
3899,08/08/2011 12:00:00 AM,landslide,downpour,medium,0.0,Uttarakhand,30.2258,78.3755
2120,07/22/2010 12:00:00 AM,landslide,downpour,medium,1.0,Uttarakhand,29.6095,79.6628
1094,08/16/2009 09:30:00 PM,landslide,downpour,medium,1.0,Bengal,27.15977181,88.63411246
7156,07/09/2015 12:00:00 AM,landslide,unknown,medium,0.0,Tamil Nadu,10.3448,77.5666
2454,09/19/2010 06:00:00 PM,landslide,downpour,medium,2.0,Uttarakhand,30.9013,79.5322
7161,07/11/2015 12:00:00 AM,landslide,continuous_rain,medium,0.0,Uttarakhand,30.241,78.9
1775,04/21/2010 12:00:00 AM,landslide,downpour,medium,12.0,Arunāchal Pradesh,27.8965,96.1779
7158,07/11/2015 12:00:00 AM,landslide,continuous_rain,medium,0.0,Kashmir,32.9262,75.1447
3663,06/28/2011 12:00:00 AM,landslide,downpour,medium,0.0,Nāgāland,25.6682,94.1099
7385,08/01/2015 12:00:00 AM,landslide,continuous_rain,medium,0.0,Manipur,24.004,93.9815
5410,08/28/2013 06:00:00 PM,landslide,downpour,medium,0.0,Uttarakhand,29.9531,78.1514
3643,06/23/2011 11:30:00 PM,landslide,downpour,large,16.0,,27.2879,88.2579
4978,06/24/2013 12:00:00 AM,debris_flow,downpour,medium,0.0,Uttarakhand,30.4542,78.3911
2575,10/09/2010 12:00:00 AM,landslide,downpour,medium,0.0,Assam,25.5242,92.9914
6873,03/15/2015 11:00:00 PM,landslide,snowfall_snowmelt,medium,0.0,Kashmir,33.0809,75.2966
9478,08/07/2016 12:00:00 AM,landslide,continuous_rain,medium,0.0,Kashmir,32.4298,75.5807
1526,02/26/2010 11:00:00 PM,landslide,downpour,medium,2.0,Kashmir,33.0097,74.9402
3759,07/11/2011 12:00:00 AM,landslide,downpour,medium,0.0,Uttarakhand,30.506,79.1127
4523,08/29/2012 12:00:00 AM,landslide,downpour,medium,,Kashmir,33.775,74.0934
3840,07/25/2011 12:00:00 AM,landslide,downpour,medium,0.0,Manipur,24.6869,93.9157
73,05/08/2007 12:00:00 AM,landslide,rain,medium,,Kashmir,33.242,75.231
237,09/06/2007 12:00:00 AM,landslide,rain,large,,Uttarakhand,29.5833,80.2167
2594,10/12/2010 06:00:00 PM,landslide,downpour,medium,0.0,Kashmir,33.1847,75.8062
6015,05/08/2014 12:00:00 AM,mudslide,rain,medium,0.0,Arunachal Pradesh,27.9032,96.174
7123,04/26/2015 12:00:00 AM,landslide,unknown,small,0.0,Andhra Pradesh,16.5172,80.6024
3741,07/07/2011 12:00:00 AM,landslide,rain,medium,0.0,Nāgāland,25.4191,94.1079
9476,08/07/2016 12:00:00 AM,landslide,continuous_rain,medium,0.0,Kashmir,33.1457,75.7964
523,05/05/2008 12:00:00 AM,landslide,downpour,medium,,Kashmir,33.9513,74.9845
8654,07/04/2016 08:00:00 AM,landslide,unknown,small,0.0,Karnataka,12.8041,74.8678
4516,08/24/2012 12:00:00 AM,landslide,downpour,medium,,Himachal Pradesh,30.9044,77.0969
210,08/25/2007 12:00:00 AM,landslide,rain,medium,,Bengal,27.0713,88.4308
5098,07/14/2013 12:00:00 AM,landslide,downpour,medium,1.0,Himachal Pradesh,32.17,77.1788
7287,07/26/2015 12:00:00 AM,landslide,continuous_rain,small,0.0,Himachal Pradesh,32.5606,76.1206
2106,07/20/2010 12:00:00 AM,landslide,downpour,medium,0.0,Nāgāland,26.8716,94.9921
5044,07/06/2013 12:00:00 AM,landslide,downpour,medium,,Himachal Pradesh,31.1628,77.7241
9051,07/19/2016 09:00:00 AM,landslide,unknown,medium,0.0,Meghalaya,26.09748244,91.8744337
870,10/29/2008 12:00:00 AM,mudslide,downpour,medium,12.0,Arunāchal Pradesh,27.4,92.35
2392,09/04/2010 12:00:00 AM,landslide,downpour,medium,0.0,Sikkim,27.3702,88.7334
1037,06/17/2009 04:00:00 AM,mudslide,downpour,medium,0.0,Bengal,26.89,88.47
2293,08/20/2010 12:00:00 AM,landslide,downpour,medium,0.0,Uttarakhand,30.7221,78.6437
7111,04/28/2015 12:00:00 AM,landslide,continuous_rain,small,0.0,Uttarakhand,30.5631,79.5765
3830,07/22/2011 12:00:00 AM,landslide,downpour,small,0.0,Manipur,24.3527,94.3429
4906,06/07/2013 12:00:00 AM,landslide,unknown,medium,,Nāgāland,26.0977,94.7499
1091,08/16/2009 09:00:00 AM,landslide,downpour,medium,2.0,Bengal,27.02459801,88.43849551
2135,07/25/2010 12:00:00 AM,landslide,downpour,medium,0.0,Himachal Pradesh,32.2067,76.3641
4497,08/18/2012 12:00:00 AM,landslide,downpour,medium,,Himachal Pradesh,32.2278,78.071
151,08/02/2007 12:00:00 AM,mudslide,rain,medium,3.0,Bengal,26.8905,88.2789
7076,07/04/2015 06:00:00 PM,landslide,unknown,small,0.0,West Bengal,26.9282,88.4553
5023,07/04/2013 12:00:00 AM,landslide,continuous_rain,medium,,Uttarakhand,30.0712,80.2386
5197,07/25/2013 12:00:00 AM,landslide,continuous_rain,medium,,Uttarakhand,30.8203,78.6185
218,08/29/2007 12:00:00 AM,landslide,rain,medium,,Bengal,27.0096,88.2548
6973,06/21/2015 12:00:00 AM,landslide,continuous_rain,small,0.0,Maharashtra,18.7833,73.4703
5290,08/07/2013 03:30:00 AM,landslide,downpour,medium,0.0,Himachal Pradesh,32.2322,76.3037
2261,08/17/2010 08:00:00 AM,landslide,downpour,medium,0.0,Bengal,26.9435,88.4445
93,06/13/2007 12:00:00 AM,landslide,rain,small,,Bengal,26.7324,88.4089
7289,07/26/2015 12:00:00 AM,landslide,continuous_rain,small,0.0,Himachal Pradesh,31.7085,76.9297
9603,10/12/2016 12:00:00 AM,landslide,downpour,medium,0.0,West Bengal,26.8861,88.1704
6225,09/07/2014 12:00:00 AM,mudslide,downpour,medium,41.0,Kashmir,33.0677,75.1466
6462,07/30/2014 12:00:00 AM,landslide,construction,medium,0.0,Maharashtra,19.678,73.5036
3269,03/22/2011 12:00:00 AM,landslide,downpour,medium,0.0,Arunāchal Pradesh,28.0791,96.5242
715,08/14/2008 12:00:00 AM,complex,monsoon,medium,,Himachal Pradesh,31.0,77.12
7178,04/03/2015 12:00:00 AM,landslide,continuous_rain,small,0.0,Kashmir,34.0604,74.4203
6539,08/20/2014 06:00:00 PM,landslide,rain,medium,0.0,Gujarat,20.5349,73.1703
3820,07/21/2011 12:00:00 AM,landslide,rain,medium,1.0,Uttarakhand,30.1665,78.1123
7596,08/07/2015 03:30:00 AM,rock_fall,continuous_rain,small,0.0,Maharashtra,18.7631,73.347
1755,04/17/2010 03:00:00 PM,landslide,downpour,small,0.0,Sikkim,27.3341,88.6083
6990,06/24/2015 12:00:00 AM,landslide,continuous_rain,medium,0.0,Nagaland,26.0319,94.5466
5332,08/14/2013 12:00:00 AM,landslide,downpour,medium,,Kashmir,33.7705,74.0967
7678,08/11/2015 11:00:00 PM,landslide,rain,medium,0.0,Himachal Pradesh,32.1967,76.3194
3902,08/09/2011 12:00:00 AM,landslide,downpour,medium,0.0,Rajasthan,24.5958,72.7169
98,06/25/2007 12:00:00 AM,landslide,rain,medium,10.0,Andhra Pradesh,18.431,79.1492
3708,07/03/2011 12:00:00 AM,landslide,downpour,medium,0.0,Kashmir,34.1491,76.826
9002,07/16/2016 03:00:00 PM,debris_flow,downpour,medium,0.0,Uttarakhand,30.4554,78.0973
1995,06/16/2010 12:00:00 AM,landslide,rain,medium,3.0,Bengal,27.0765,88.4808
6222,10/01/2014 11:00:00 AM,landslide,unknown,small,5.0,Arunachal Pradesh,27.1249,93.7706
9169,06/12/2016 12:00:00 AM,landslide,continuous_rain,unknown,0.0,Nagaland,26.1677,94.2442
2177,07/30/2010 12:00:00 AM,landslide,downpour,medium,0.0,Maharashtra,15.949,73.9667
4435,06/25/2012 12:00:00 AM,landslide,downpour,large,,Arunāchal Pradesh,27.174,95.8011
2439,09/17/2010 09:00:00 AM,landslide,downpour,medium,0.0,Andhra Pradesh,16.5141,80.6055
4313,04/08/2012 12:00:00 AM,landslide,downpour,medium,0.0,Arunāchal Pradesh,28.4659,95.86
2165,07/29/2010 12:00:00 AM,landslide,downpour,medium,0.0,Karnataka,12.896,74.8735
3559,05/31/2011 06:00:00 PM,landslide,rain,medium,1.0,Uttarakhand,30.4783,78.2741
6341,09/11/2014 12:00:00 AM,landslide,downpour,medium,0.0,Uttarakhand,30.688,79.0478
2227,08/09/2010 12:00:00 AM,landslide,downpour,medium,0.0,Uttarakhand,30.6463,79.5306
2537,10/03/2010 12:00:00 AM,landslide,rain,medium,0.0,Karnataka,12.9711,76.2728
2344,08/27/2010 04:30:00 PM,landslide,downpour,medium,0.0,Assam,24.7505,93.4221
7263,07/22/2015 12:00:00 AM,landslide,continuous_rain,medium,0.0,Manipur,25.4477,94.0489
4486,08/17/2012 12:00:00 AM,landslide,downpour,medium,,Kerala,9.7285,76.803
5271,08/04/2013 12:00:00 AM,landslide,continuous_rain,medium,,Nāgāland,26.284,94.5808
3525,05/22/2011 12:00:00 AM,landslide,downpour,medium,0.0,Assam,25.0672,93.4093
4949,06/18/2013 03:00:00 PM,landslide,rain,medium,0.0,Uttarakhand,30.3797,78.5017
706,08/10/2008 12:00:00 AM,landslide,rain,medium,2.0,Rajasthan,25.08,75.72
7369,08/01/2015 12:00:00 AM,landslide,continuous_rain,medium,0.0,Manipur,24.1988,94.1016
7676,08/12/2015 09:00:00 AM,landslide,monsoon,medium,0.0,Himachal Pradesh,32.1764,76.3075
4936,06/17/2013 12:00:00 AM,landslide,downpour,large,13.0,Uttarakhand,30.6945,79.0544
3895,08/07/2011 12:00:00 AM,landslide,rain,medium,0.0,Himachal Pradesh,31.0766,77.3913
8860,06/17/2016 12:00:00 AM,rock_fall,monsoon,large,0.0,Himachal Pradesh,31.5124,78.1181
1291,11/09/2009 12:00:00 AM,landslide,downpour,medium,42.0,Tamil Nadu,11.4098,76.6939
4424,06/20/2012 12:00:00 AM,landslide,downpour,medium,,Assam,26.149,91.7351
6356,11/07/2014 12:00:00 AM,mudslide,downpour,medium,0.0,Kashmir,32.9411,75.0922
4198,02/15/2012 12:00:00 AM,landslide,downpour,medium,0.0,Kashmir,32.3682,75.5227
5180,07/24/2013 12:00:00 AM,landslide,downpour,medium,0.0,Maharashtra,19.1711,73.0207
5200,07/25/2013 12:00:00 AM,landslide,downpour,medium,,Tamil Nadu,11.3192,76.5959
5637,11/13/2013 12:00:00 AM,landslide,downpour,medium,0.0,Kerala,8.4863,76.9517
4892,06/01/2013 12:00:00 AM,landslide,downpour,large,,Arunāchal Pradesh,27.8776,94.25
2546,10/04/2010 12:00:00 AM,landslide,downpour,medium,0.0,Himachal Pradesh,30.9546,77.1792
8086,06/24/2016 11:00:00 PM,landslide,downpour,medium,0.0,Karnataka,12.8157,74.8586
4377,06/02/2012 12:00:00 AM,landslide,downpour,large,,Assam,26.1475,91.7356
5430,09/01/2013 12:00:00 AM,mudslide,continuous_rain,medium,0.0,Manipur,24.9037,93.487
7264,07/22/2015 12:00:00 AM,landslide,continuous_rain,medium,0.0,Manipur,25.4538,93.9827
9220,07/26/2016 11:00:00 PM,landslide,downpour,unknown,0.0,West Bengal,27.1027,88.1218
5006,07/01/2013 12:00:00 AM,landslide,downpour,medium,0.0,Nāgāland,26.1147,94.3864
3115,02/13/2011 12:00:00 AM,landslide,snowfall_snowmelt,medium,0.0,Kashmir,33.3037,75.1827
2468,09/19/2010 12:00:00 AM,landslide,downpour,medium,0.0,Himachal Pradesh,30.9035,77.0965
428,01/16/2008 12:00:00 AM,landslide,snowfall_snowmelt,medium,,Kashmir,33.2537,75.2006
9092,12/20/2015 09:00:00 AM,landslide,unknown,medium,4.0,Tamil Nadu,10.8319,78.7075
256,09/10/2007 12:00:00 AM,landslide,rain,medium,,Sikkim,27.3425,88.6236
9335,05/18/2016 08:00:00 AM,landslide,continuous_rain,unknown,2.0,Assam,24.5202,92.7239
9386,05/09/2016 12:10:00 PM,landslide,construction,small,1.0,Tamil Nadu,10.3316,76.9592
8233,09/16/2015 12:00:00 AM,landslide,downpour,medium,0.0,Odisha,19.316,83.2414
7279,07/24/2015 12:00:00 AM,mudslide,monsoon,medium,0.0,Manipur,24.9818,93.5142
3114,02/13/2011 12:00:00 AM,landslide,snowfall_snowmelt,medium,0.0,Kashmir,33.1804,75.8101
1963,06/11/2010 12:00:00 AM,landslide,downpour,medium,0.0,Bengal,26.944,88.4441
5278,08/05/2013 09:30:00 AM,mudslide,monsoon,medium,5.0,Kerala,10.0539,76.8298
3174,03/05/2011 12:00:00 AM,landslide,downpour,medium,0.0,Himachal Pradesh,32.0996,77.1586
9257,07/31/2016 11:00:00 AM,mudslide,downpour,medium,0.0,Maharashtra,19.1869,73.02
5329,08/14/2013 12:00:00 AM,landslide,downpour,medium,,Kashmir,32.9913,75.1915
9449,08/04/2016 12:00:00 AM,debris_flow,continuous_rain,medium,0.0,Uttarakhand,30.7386,79.4954
3696,07/02/2011 06:00:00 PM,landslide,rain,small,0.0,Karnataka,13.1819,76.1147
9258,07/31/2016 12:00:00 AM,landslide,continuous_rain,medium,0.0,Uttarakhand,30.9753,78.4375
5182,07/24/2013 12:00:00 AM,landslide,downpour,medium,0.0,Uttarakhand,30.301,79.3628
1133,09/03/2009 11:30:00 PM,mudslide,downpour,large,12.0,Maharashtra,19.0949,72.8899
3614,06/16/2011 12:00:00 AM,landslide,rain,medium,0.0,Tamil Nadu,11.2993,76.9354
6288,09/22/2014 12:00:00 AM,landslide,rain,small,0.0,Assam,26.1985,91.7998
5087,07/12/2013 12:00:00 AM,landslide,downpour,medium,0.0,Nāgāland,25.6269,94.1139
5284,08/05/2013 12:00:00 AM,landslide,monsoon,medium,1.0,Kerala,10.3228,76.4319
5554,09/25/2013 07:00:00 AM,rock_fall,downpour,medium,8.0,Maharashtra,21.6989,74.172
3917,08/13/2011 09:00:00 AM,landslide,downpour,medium,2.0,Himachal Pradesh,31.7077,76.9313
6933,03/30/2015 12:00:00 AM,landslide,continuous_rain,medium,0.0,Kashmir,33.9344,74.6566
4481,08/17/2012 12:00:00 AM,landslide,downpour,medium,4.0,Uttarakhand,30.6594,79.5605
2461,09/19/2010 12:00:00 AM,landslide,downpour,medium,0.0,Himachal Pradesh,31.4582,78.2114
5382,08/21/2013 12:00:00 AM,landslide,downpour,medium,,Himachal Pradesh,31.5375,77.3737
588,06/15/2008 12:00:00 AM,landslide,rain,medium,,Kashmir,32.5659,75.0944
6966,06/17/2015 12:00:00 AM,landslide,downpour,small,0.0,West Bengal,26.9974,88.4314
725,08/17/2008 12:00:00 AM,landslide,rain,medium,,Himachal Pradesh,31.1,77.16
6299,10/26/2014 12:00:00 AM,landslide,unknown,medium,0.0,Kashmir,33.1206,75.3142
9266,07/31/2016 12:00:00 AM,landslide,rain,small,0.0,Uttar Pradesh,25.4941,82.5725
5291,08/07/2013 08:00:00 AM,landslide,monsoon,medium,0.0,Kerala,10.0606,76.6331
2228,08/09/2010 12:00:00 AM,landslide,downpour,medium,0.0,Uttarakhand,30.6785,78.3475
2104,07/20/2010 12:00:00 AM,landslide,downpour,medium,0.0,Uttarakhand,29.36,80.126
5338,08/16/2013 12:00:00 AM,landslide,rain,medium,,Assam,26.8727,94.9275
2411,09/10/2010 12:00:00 AM,landslide,downpour,medium,0.0,Arunāchal Pradesh,27.0011,93.7273
6143,07/14/2014 06:00:00 PM,landslide,downpour,medium,1.0,Mizoram,23.7327,92.7463
3557,05/31/2011 12:00:00 AM,landslide,downpour,medium,0.0,Kerala,9.8012,76.9006
3609,06/14/2011 12:00:00 AM,landslide,downpour,medium,0.0,Karnataka,14.0354,74.6624
5994,04/15/2014 12:00:00 AM,landslide,unknown,small,1.0,Kashmir,34.209,74.3524
3894,08/07/2011 12:00:00 AM,landslide,downpour,medium,0.0,Himachal Pradesh,31.0766,77.3916
7177,04/03/2015 03:00:00 PM,landslide,continuous_rain,medium,0.0,Kashmir,34.0978,74.4016
5022,07/04/2013 12:00:00 AM,landslide,downpour,medium,,Uttarakhand,29.58,80.2214
4908,06/08/2013 05:00:00 PM,landslide,downpour,medium,0.0,Sikkim,27.3721,88.708
4218,02/22/2012 12:00:00 AM,landslide,downpour,medium,0.0,Kashmir,33.241,75.234
7221,07/19/2015 03:00:00 PM,landslide,continuous_rain,small,3.0,Maharashtra,18.7632,73.347
4966,06/19/2013 12:00:00 AM,landslide,rain,medium,0.0,Uttarakhand,29.5935,79.6805
9124,07/19/2016 12:00:00 AM,translational_slide,continuous_rain,large,0.0,Meghalaya,25.203,90.5573
7649,08/11/2015 12:00:00 AM,landslide,downpour,medium,0.0,Himachal Pradesh,31.3237,76.7622
6874,03/22/2015 11:00:00 PM,landslide,snowfall_snowmelt,medium,0.0,Kashmir,33.3343,75.1969
2282,08/19/2010 06:30:00 AM,landslide,downpour,medium,0.0,Nāgāland,26.1984,94.8158
9338,05/18/2016 08:00:00 AM,landslide,continuous_rain,medium,5.0,Assam,24.4638,92.4943
8227,09/15/2015 06:00:00 PM,rock_fall,downpour,medium,0.0,Odisha,18.7734,82.8555
7746,08/20/2015 11:00:00 PM,landslide,unknown,medium,0.0,Kashmir,32.6173,75.264
1210,10/02/2009 12:00:00 AM,landslide,rain,medium,,Karnataka,14.9935,74.0478
2421,09/13/2010 09:00:00 AM,landslide,downpour,medium,,Mizoram,23.75406693,92.74128531
3581,06/09/2011 12:00:00 AM,landslide,downpour,medium,1.0,Kashmir,33.1617,75.3278
2709,11/08/2010 07:00:00 PM,rock_fall,downpour,medium,1.0,Karnataka,14.7822,74.2279
2249,08/14/2010 12:00:00 AM,landslide,downpour,medium,0.0,Nāgāland,26.0814,94.803
8901,07/10/2016 12:00:00 AM,landslide,downpour,medium,0.0,Nagaland,25.7902,94.1318
2283,08/19/2010 12:00:00 AM,mudslide,downpour,medium,0.0,Manipur,24.8961,93.4957
4552,09/14/2012 12:00:00 AM,landslide,downpour,medium,,Sikkim,27.0377,88.3603
3117,02/13/2011 10:00:00 PM,landslide,downpour,medium,0.0,Kashmir,33.0165,74.9437
3888,08/07/2011 01:00:00 AM,landslide,downpour,medium,0.0,Himachal Pradesh,31.2403,77.9258
3746,07/08/2011 12:00:00 AM,landslide,downpour,medium,0.0,Uttarakhand,30.6509,79.5192
7168,04/07/2015 12:00:00 AM,landslide,continuous_rain,medium,0.0,Kashmir,34.2088,74.3279
6016,05/09/2014 11:00:00 PM,landslide,rain,small,7.0,Assam,24.8669,92.3576
2016,06/25/2010 12:00:00 AM,landslide,downpour,medium,0.0,Maharashtra,19.1095,72.8929
4551,09/14/2012 12:00:00 AM,landslide,downpour,large,9.0,Uttarakhand,29.841,79.7758
43,03/23/2007 12:00:00 AM,landslide,downpour,medium,10.0,Kashmir,33.9659,74.3313
3146,02/25/2011 12:00:00 AM,rock_fall,continuous_rain,medium,0.0,Himachal Pradesh,32.2338,77.1784
7780,08/26/2015 12:00:00 AM,landslide,continuous_rain,medium,1.0,Mizoram,23.3572,92.7878
2281,08/19/2010 06:00:00 PM,landslide,downpour,medium,,Nāgāland,25.61560252,94.11603493
1996,06/17/2010 07:30:00 PM,landslide,downpour,medium,0.0,Nāgāland,26.4333,94.8833
5533,09/16/2013 03:00:00 PM,landslide,downpour,small,1.0,Bengal,27.0599,88.4674
7012,06/25/2015 12:00:00 AM,landslide,downpour,medium,0.0,Uttarakhand,30.6838,79.0479
5282,08/05/2013 12:00:00 AM,landslide,monsoon,medium,1.0,Kerala,9.8957,76.9346
260,09/11/2007 12:00:00 AM,debris_flow,rain,medium,,,27.2084,88.4909
1213,10/03/2009 12:00:00 AM,landslide,downpour,medium,,Kerala,11.4816,75.9957
2291,08/20/2010 12:00:00 AM,landslide,downpour,medium,0.0,Uttarakhand,30.966,78.4151
6283,09/22/2014 12:00:00 AM,landslide,rain,small,0.0,Assam,26.1314,91.7548
6339,09/06/2014 12:00:00 AM,landslide,downpour,medium,13.0,Kashmir,33.5405,74.3723
5683,12/10/2013 10:30:00 AM,landslide,mining,small,0.0,,15.7051,74.2197
2478,09/20/2010 12:00:00 AM,landslide,downpour,medium,0.0,Uttarakhand,30.7332,78.4401
8930,07/11/2016 11:00:00 PM,landslide,unknown,large,0.0,Nagaland,26.1699,94.4922
869,10/29/2008 12:00:00 AM,landslide,downpour,medium,,Assam,27.2333,94.1167
285,09/29/2007 12:00:00 AM,landslide,rain,medium,,Mizoram,24.1293,92.6921
3662,06/28/2011 12:00:00 AM,landslide,rain,medium,,Manipur,25.03561729,94.0144205
7273,07/26/2015 12:00:00 AM,landslide,continuous_rain,medium,0.0,Uttarakhand,30.2411,78.9014
5328,08/14/2013 12:00:00 AM,landslide,downpour,medium,,Kashmir,33.3018,75.1793
5427,08/15/2013 12:00:00 AM,landslide,downpour,medium,,Nāgāland,25.3833,94.1884
2458,09/19/2010 12:00:00 AM,landslide,downpour,medium,0.0,Uttarakhand,30.9015,78.7756
8339,09/23/2015 12:00:00 AM,landslide,continuous_rain,medium,0.0,Assam,26.1666,91.7042
5360,08/18/2013 12:00:00 AM,landslide,rain,medium,,Uttarakhand,30.3642,79.3158
4905,06/07/2013 12:00:00 AM,landslide,unknown,medium,,Nāgāland,26.0977,94.7031
1072,08/08/2009 02:00:00 AM,landslide,downpour,large,15.0,Uttarakhand,29.5885,80.2098
2745,11/23/2010 08:00:00 AM,landslide,downpour,medium,0.0,Tamil Nadu,10.2462,77.582
336,10/30/2007 12:00:00 AM,landslide,rain,medium,2.0,Tamil Nadu,11.2777,77.1236
3896,08/07/2011 12:00:00 AM,landslide,downpour,medium,1.0,Kerala,9.5988,76.5289
4914,06/12/2013 10:00:00 PM,landslide,downpour,medium,0.0,Uttarakhand,30.7394,78.5306
9186,07/25/2016 12:30:00 PM,landslide,continuous_rain,medium,0.0,Manipur,25.48,94.1383
6934,03/30/2015 12:00:00 AM,landslide,continuous_rain,medium,0.0,Kashmir,34.0096,74.5915
3579,06/08/2011 12:00:00 AM,landslide,downpour,medium,4.0,Kashmir,33.1289,75.4325
5107,07/15/2013 12:00:00 AM,landslide,rain,medium,0.0,Nāgāland,25.6269,94.1139
7253,07/22/2015 12:00:00 AM,landslide,continuous_rain,medium,5.0,Assam,24.7979,92.9974
1089,08/16/2009 01:30:00 AM,landslide,downpour,medium,4.0,Bengal,26.7914,88.363
7310,08/15/2015 12:00:00 AM,landslide,continuous_rain,medium,0.0,Uttarakhand,30.9085,78.3299
3668,06/29/2011 12:00:00 AM,landslide,downpour,medium,0.0,Uttarakhand,29.607,79.9298
6932,03/23/2015 12:00:00 AM,landslide,continuous_rain,medium,0.0,Kashmir,34.0796,74.0357
4325,04/16/2012 12:00:00 AM,landslide,unknown,medium,1.0,Kashmir,33.1467,75.5488
5567,09/30/2013 12:00:00 AM,landslide,unknown,medium,1.0,Uttarakhand,30.6004,78.3154
2466,09/19/2010 12:00:00 AM,landslide,downpour,medium,0.0,Himachal Pradesh,30.8741,76.9576
7940,09/03/2015 12:00:00 AM,landslide,unknown,medium,1.0,Kashmir,33.6794,74.2525
2479,09/20/2010 12:00:00 AM,landslide,downpour,medium,0.0,Himachal Pradesh,31.5699,78.2844
7736,06/02/2016 02:00:00 AM,rock_fall,downpour,small,1.0,Andhra Pradesh,16.5145,80.6526
7040,07/01/2015 12:00:00 AM,landslide,downpour,medium,1.0,West Bengal,26.9978,88.167
1212,10/03/2009 12:00:00 AM,landslide,downpour,medium,,Kerala,11.4477,75.8289
6782,09/28/2011 12:00:00 AM,landslide,rain,medium,0.0,West Bengal,26.8545,88.3372
6891,03/15/2015 12:00:00 AM,landslide,continuous_rain,small,0.0,Kashmir,34.1327,74.5594
594,06/19/2008 12:00:00 AM,mudslide,monsoon,medium,,Manipur,24.9336,93.8275
3674,06/29/2011 12:00:00 AM,landslide,downpour,large,10.0,Uttarakhand,30.0667,79.0193
5337,08/16/2013 12:00:00 AM,landslide,rain,medium,,Nāgāland,26.4205,94.9731
6186,07/30/2014 09:00:00 AM,mudslide,continuous_rain,large,151.0,Maharashtra,19.162,73.6873
3881,08/05/2011 12:00:00 AM,landslide,downpour,medium,0.0,Arunāchal Pradesh,27.1034,93.6885
3925,08/15/2011 12:00:00 AM,landslide,downpour,medium,0.0,Arunāchal Pradesh,27.4888,93.0153
5187,07/25/2013 01:30:00 AM,rock_fall,downpour,small,2.0,Maharashtra,19.3379,73.7767
6867,03/15/2015 06:00:00 PM,landslide,continuous_rain,small,1.0,Kashmir,33.8911,74.9781
2654,10/27/2010 06:00:00 PM,landslide,downpour,medium,2.0,Kerala,9.8678,76.7705
7383,08/01/2015 12:00:00 AM,landslide,rain,medium,0.0,Manipur,23.899,94.1434
2209,08/06/2010 12:30:00 AM,landslide,downpour,large,0.0,Kashmir,34.208,77.5101
568,06/03/2008 12:00:00 AM,landslide,rain,medium,,Himachal Pradesh,31.2077,77.193
5864,02/12/2014 12:00:00 AM,landslide,snowfall_snowmelt,large,0.0,Himachal Pradesh,31.8246,77.4702
8900,07/07/2016 12:00:00 AM,landslide,monsoon,large,0.0,Manipur,25.0118,94.3136
9447,08/05/2016 12:00:00 AM,landslide,downpour,medium,5.0,Kashmir,33.0068,74.9455
4757,02/18/2013 12:00:00 AM,landslide,rain,medium,3.0,Arunāchal Pradesh,28.1193,95.1645
2427,09/13/2010 11:00:00 PM,landslide,downpour,medium,0.0,Himachal Pradesh,32.3109,77.2195
7666,08/11/2015 12:00:00 AM,landslide,continuous_rain,medium,0.0,Manipur,25.1019,93.3729
2492,09/23/2010 12:00:00 AM,landslide,downpour,medium,,Kashmir,33.27140108,75.17707406
6931,03/23/2015 12:00:00 AM,landslide,continuous_rain,large,0.0,Kashmir,33.7099,74.7959
8287,09/21/2015 12:00:00 AM,landslide,downpour,medium,1.0,Maharashtra,19.4662,72.8276
7284,07/27/2015 12:00:00 AM,landslide,downpour,small,0.0,Kashmir,33.2706,75.7702
4981,06/25/2013 08:00:00 AM,landslide,downpour,medium,0.0,Tamil Nadu,10.9628,77.5947
3813,07/20/2011 12:00:00 AM,landslide,rain,small,0.0,Bengal,27.1141,88.4658
2113,07/21/2010 08:00:00 AM,landslide,downpour,medium,0.0,Sikkim,27.3773,88.559
2045,07/06/2010 12:00:00 AM,mudslide,monsoon,medium,0.0,Nāgāland,26.2363,94.8133
7701,08/19/2015 03:00:00 PM,landslide,continuous_rain,medium,0.0,Nagaland,25.6278,94.1051
2470,09/19/2010 12:00:00 AM,landslide,downpour,medium,0.0,Uttarakhand,30.4326,78.0767
215,08/28/2007 12:00:00 AM,landslide,rain,medium,1.0,Nāgāland,25.7428,93.9136
3757,07/10/2011 12:00:00 AM,landslide,downpour,medium,0.0,Uttarakhand,30.7333,78.4399
2422,09/13/2010 12:00:00 AM,landslide,downpour,medium,,Mizoram,23.74182634,92.7141905
6513,08/14/2014 11:00:00 PM,mudslide,downpour,medium,3.0,Tripura,23.0137,91.7174
940,12/20/2008 12:00:00 AM,landslide,rain,medium,,Kashmir,33.245,75.247
6374,11/06/2014 06:00:00 PM,landslide,unknown,medium,0.0,Kashmir,33.1261,75.4481
4990,06/27/2013 11:00:00 PM,landslide,downpour,medium,0.0,Sikkim,27.3765,88.7628
4277,03/19/2012 11:00:00 PM,rock_fall,rain,medium,1.0,Kashmir,34.6507,74.7362
3886,08/06/2011 12:00:00 AM,landslide,downpour,medium,0.0,Kerala,9.4237,76.9371
2248,08/14/2010 12:00:00 AM,landslide,downpour,medium,0.0,Nāgāland,26.222,94.9152
5268,08/04/2013 12:00:00 AM,landslide,continuous_rain,medium,,Nāgāland,26.0137,94.5163
6014,05/07/2014 05:30:00 PM,landslide,rain,small,0.0,Maharashtra,18.5158,73.1822
6340,09/11/2014 12:00:00 AM,landslide,continuous_rain,medium,0.0,Rajasthan,24.1965,73.703
6106,06/26/2014 11:00:00 PM,landslide,continuous_rain,small,3.0,Assam,26.1407,91.7645
3965,09/06/2011 08:00:00 AM,landslide,rain,medium,3.0,Assam,24.808,93.117
858,10/22/2008 12:00:00 AM,landslide,downpour,medium,2.0,Kashmir,33.6549,74.6326
9328,05/20/2016 01:10:00 AM,landslide,unknown,small,0.0,Tamil Nadu,8.2117,77.312
6460,08/09/2014 08:00:00 AM,rock_fall,unknown,medium,0.0,Bihar,24.544,85.3492
8935,07/12/2016 12:00:00 AM,landslide,monsoon,small,0.0,Goa,15.6019,73.8093
3900,08/08/2011 12:00:00 AM,landslide,downpour,medium,0.0,Uttarakhand,30.6521,79.5566
1111,08/20/2009 12:00:00 AM,landslide,downpour,medium,0.0,Bengal,27.1344,88.4575
7035,06/30/2015 12:00:00 AM,landslide,downpour,medium,3.0,West Bengal,25.4243,88.2746
6969,06/16/2015 06:15:00 AM,landslide,downpour,medium,4.0,Meghalaya,25.5114,90.215
2044,07/06/2010 12:00:00 AM,mudslide,monsoon,medium,0.0,Nāgāland,25.8877,94.7861
2587,10/10/2010 06:00:00 AM,landslide,downpour,medium,0.0,Nāgāland,25.6623,94.1072
8684,07/07/2016 12:00:00 AM,landslide,continuous_rain,medium,2.0,Assam,25.9611,91.3681
5263,08/04/2013 11:00:00 PM,landslide,monsoon,medium,2.0,Kerala,9.9995,77.0309
6949,06/22/2015 03:30:00 AM,landslide,downpour,medium,12.0,Maharashtra,17.5861,73.1742
1596,03/27/2010 08:00:00 PM,mudslide,downpour,medium,0.0,Manipur,24.7339,93.9161
5320,08/13/2013 08:00:00 AM,landslide,downpour,medium,2.0,Uttarakhand,30.6014,78.3449
4482,08/17/2012 03:30:00 PM,landslide,downpour,large,4.0,Kerala,10.0604,76.635
5130,07/18/2013 12:00:00 AM,debris_flow,downpour,small,0.0,Uttarakhand,30.7314,78.4347
1771,04/20/2010 12:00:00 AM,landslide,downpour,medium,0.0,Assam,26.1978,91.7665
710,08/12/2008 11:00:00 PM,landslide,downpour,large,,Karnataka,13.986,75.452
3141,02/23/2011 12:00:00 AM,landslide,downpour,medium,0.0,Uttarakhand,30.4749,79.2293
3913,08/12/2011 12:00:00 AM,landslide,rain,medium,0.0,Uttarakhand,29.9121,78.1723
6968,06/13/2015 12:00:00 AM,landslide,continuous_rain,medium,4.0,Meghalaya,25.463,92.2121
7373,08/01/2015 12:00:00 AM,landslide,continuous_rain,medium,,Manipur,24.9111,94.4759
3893,08/07/2011 12:00:00 AM,landslide,downpour,medium,0.0,Goa,15.7067,73.9551
4570,09/19/2012 12:00:00 AM,landslide,downpour,medium,,Arunāchal Pradesh,27.8458,95.2253
443,02/03/2008 12:00:00 AM,landslide,downpour,medium,,Kashmir,33.33280503,75.21320384
5399,08/25/2013 03:00:00 PM,rock_fall,other,small,0.0,Andhra Pradesh,18.2807,83.0394
2260,08/17/2010 01:00:00 PM,landslide,downpour,medium,1.0,Maharashtra,19.0997,72.8974
1935,06/03/2010 12:00:00 AM,landslide,downpour,medium,0.0,Tripura,23.8986,91.7599
2480,09/20/2010 12:00:00 AM,landslide,downpour,medium,0.0,Himachal Pradesh,31.944,77.1179
6371,09/03/2014 12:00:00 AM,landslide,downpour,medium,5.0,Kashmir,33.1253,74.8288
9477,08/07/2016 12:00:00 AM,landslide,continuous_rain,medium,0.0,Kashmir,33.0716,74.839
6022,05/12/2014 12:00:00 AM,landslide,rain,small,0.0,Kashmir,34.0893,74.0241
2577,10/09/2010 12:00:00 AM,landslide,downpour,medium,0.0,Nāgāland,25.5265,93.8673
4975,06/24/2013 10:00:00 PM,landslide,downpour,medium,0.0,Uttarakhand,30.2524,78.9228
2397,09/06/2010 12:00:00 AM,landslide,downpour,medium,0.0,Himachal Pradesh,32.0987,77.1495
8944,11/14/2015 12:00:00 AM,landslide,rain,medium,0.0,Tamil Nadu,12.9746,80.2119
3678,06/30/2011 12:00:00 AM,landslide,downpour,medium,0.0,Uttarakhand,30.15,78.7753
7172,04/03/2015 12:00:00 AM,landslide,continuous_rain,medium,4.0,Kashmir,33.1445,75.5469
7276,07/25/2015 09:00:00 AM,landslide,continuous_rain,medium,2.0,Assam,26.1062,91.8717
2390,09/04/2010 12:00:00 AM,landslide,downpour,medium,0.0,Uttarakhand,30.796,78.623
7364,07/31/2015 09:00:00 AM,landslide,continuous_rain,medium,0.0,Manipur,24.819,94.3551
2017,06/25/2010 12:00:00 AM,landslide,downpour,medium,,Karnataka,12.89163444,74.88548779
9264,07/31/2016 11:00:00 PM,landslide,rain,medium,0.0,Himachal Pradesh,31.6865,77.1043
2139,07/25/2010 12:00:00 AM,landslide,downpour,medium,0.0,Himachal Pradesh,31.1054,77.1727
3558,05/31/2011 12:00:00 AM,landslide,rain,medium,0.0,Uttarakhand,30.9206,78.3276
2576,10/09/2010 12:00:00 AM,landslide,downpour,medium,0.0,Nāgāland,25.4788,94.1399
7598,08/06/2015 12:00:00 AM,landslide,unknown,medium,0.0,Kashmir,33.1078,74.7756
3763,07/12/2011 12:00:00 AM,landslide,downpour,small,,Himachal Pradesh,31.10587659,77.17798485
9037,12/07/2015 12:00:00 AM,rock_fall,unknown,medium,0.0,Himachal Pradesh,31.6817,77.1209
3907,08/11/2011 12:00:00 AM,landslide,downpour,medium,0.0,Kashmir,32.7327,74.8556
1102,08/19/2009 08:30:00 PM,landslide,downpour,medium,2.0,,27.2644,88.1365
6872,03/15/2015 12:00:00 AM,mudslide,rain,medium,1.0,Kashmir,33.7732,74.1011
9630,10/04/2016 12:00:00 AM,rock_fall,unknown,medium,0.0,Uttarakhand,29.8521,80.553
1056,07/22/2009 12:00:00 AM,landslide,downpour,medium,0.0,Bengal,27.04,88.264
6293,10/20/2014 12:00:00 AM,landslide,rain,medium,6.0,Meghalaya,25.5006,90.0896
5183,07/24/2013 12:00:00 AM,landslide,downpour,medium,0.0,Uttarakhand,30.3056,79.3286
2444,09/18/2010 12:00:00 AM,landslide,downpour,medium,4.0,Uttarakhand,29.2484,79.5371
4858,05/11/2013 09:00:00 AM,landslide,rain,medium,,Assam,26.1662,91.7138
3610,06/14/2011 08:00:00 AM,landslide,downpour,medium,0.0,Goa,15.5935,73.9434
5269,08/04/2013 12:00:00 AM,landslide,continuous_rain,medium,,Nāgāland,25.8376,94.5234
5270,08/04/2013 12:00:00 AM,landslide,continuous_rain,medium,,Nāgāland,26.0481,94.4619
8682,06/05/2016 11:00:00 PM,rock_fall,downpour,medium,0.0,Bihar,24.6997,85.6285
6284,09/22/2014 12:00:00 AM,landslide,rain,small,0.0,Assam,26.1324,91.8342
157,08/06/2007 12:00:00 AM,landslide,rain,medium,,Kashmir,33.2451,75.2257
2465,09/19/2010 12:00:00 AM,landslide,downpour,medium,0.0,Himachal Pradesh,31.4161,77.4153
2798,12/09/2010 11:00:00 PM,landslide,downpour,medium,0.0,Tamil Nadu,8.3295,77.1963
2202,08/05/2010 08:00:00 AM,landslide,downpour,medium,5.0,Uttarakhand,30.4068,79.3351
6369,09/04/2014 12:00:00 AM,rock_fall,downpour,small,0.0,Kashmir,33.0086,74.9426
6146,07/15/2014 12:00:00 AM,landslide,rain,small,0.0,West Bengal,27.059,88.4694
4394,06/07/2012 04:30:00 AM,landslide,rain,large,7.0,Sikkim,27.1748,88.6458
5017,07/03/2013 02:00:00 AM,landslide,downpour,medium,0.0,,15.4123,74.2664
9251,07/28/2016 11:00:00 PM,landslide,downpour,medium,0.0,Nagaland,25.8702,94.7844
7699,08/19/2015 12:00:00 AM,landslide,continuous_rain,medium,0.0,Nagaland,26.0214,94.5224
3660,06/27/2011 12:00:00 AM,landslide,downpour,large,0.0,Karnataka,12.9141,74.856
5224,07/28/2013 12:00:00 AM,mudslide,downpour,small,1.0,Uttarakhand,29.9964,80.201
7664,08/11/2015 12:00:00 AM,landslide,continuous_rain,medium,0.0,Manipur,24.7459,93.4251
6871,03/15/2015 06:00:00 PM,mudslide,snowfall_snowmelt,medium,1.0,Kashmir,33.6846,74.2453
1088,08/16/2009 02:00:00 AM,landslide,downpour,medium,5.0,Bengal,26.8867642,88.28044714
8866,10/25/2015 12:00:00 AM,landslide,downpour,medium,0.0,Kashmir,33.3041,75.1982
6948,06/22/2015 12:00:00 AM,rock_fall,monsoon,small,0.0,Maharashtra,18.7686,73.3678
7589,08/19/2015 12:00:00 AM,landslide,rain,medium,0.0,Meghalaya,25.2568,92.3825
6264,10/12/2014 12:00:00 AM,landslide,tropical_cyclone,large,0.0,Odisha,19.2046,84.1917
7027,06/25/2015 12:00:00 AM,landslide,downpour,medium,0.0,Kashmir,34.6056,76.0539
7887,08/16/2015 12:00:00 AM,landslide,continuous_rain,medium,0.0,Arunachal Pradesh,27.8835,96.9262
7226,07/18/2015 12:00:00 AM,landslide,monsoon,medium,0.0,Himachal Pradesh,32.2239,76.3226
9404,05/01/2016 12:00:00 AM,landslide,downpour,medium,0.0,Arunachal Pradesh,28.0822,96.5316
1289,11/08/2009 12:00:00 AM,landslide,downpour,medium,1.0,Tamil Nadu,10.3018,77.1711
6287,09/22/2014 12:00:00 AM,landslide,rain,small,0.0,Assam,26.1295,91.7056
7367,08/08/2014 12:00:00 AM,landslide,unknown,medium,0.0,Himachal Pradesh,32.2237,76.3369
2296,08/20/2010 12:00:00 AM,complex,downpour,medium,0.0,Sikkim,27.167,88.3652
4933,06/16/2013 12:00:00 AM,landslide,downpour,medium,4.0,Himachal Pradesh,31.5986,78.4384
8221,09/16/2015 12:00:00 AM,landslide,downpour,medium,0.0,Odisha,18.7828,82.7935
9120,12/24/2015 10:00:00 AM,landslide,construction,small,1.0,NCT,28.5746,77.2791
3374,04/17/2011 12:00:00 AM,landslide,downpour,medium,0.0,Kashmir,34.1802,74.2718
2229,08/09/2010 12:00:00 AM,landslide,downpour,medium,0.0,Uttarakhand,30.5151,78.3684
2339,08/26/2010 08:00:00 AM,landslide,downpour,medium,0.0,Uttarakhand,30.365,78.0641
149,07/30/2007 12:00:00 AM,landslide,downpour,medium,,Uttarakhand,30.557,79.56
2590,10/11/2010 12:00:00 AM,landslide,downpour,medium,0.0,Andhra Pradesh,16.5141,80.6058
5273,08/04/2013 12:00:00 AM,landslide,monsoon,medium,,Nāgāland,26.1807,94.5497
4946,06/17/2013 12:00:00 AM,landslide,downpour,medium,5.0,Himachal Pradesh,31.6223,78.0193
1125,08/26/2009 12:00:00 AM,landslide,rain,medium,,Sikkim,27.3746,88.7648
6538,08/20/2014 11:00:00 PM,landslide,unknown,medium,2.0,Himachal Pradesh,31.5216,78.1346
131,07/20/2007 12:00:00 AM,landslide,downpour,medium,,Kerala,11.855,75.361
4658,12/11/2012 12:00:00 AM,mudslide,rain,medium,,Kashmir,32.9522,75.1533
2304,08/21/2010 06:00:00 PM,landslide,downpour,medium,0.0,Nāgāland,25.5718,94.1211
8995,07/14/2016 12:00:00 AM,landslide,monsoon,small,1.0,Assam,26.1963,91.8074
6827,03/05/2015 12:00:00 AM,landslide,continuous_rain,medium,0.0,Kashmir,34.2092,74.321
2455,09/19/2010 12:00:00 AM,landslide,downpour,medium,0.0,Uttarakhand,30.1035,78.4265
1134,09/03/2009 12:00:00 AM,landslide,rain,medium,,Himachal Pradesh,32.351,77.2234
2567,10/08/2010 12:00:00 AM,complex,downpour,medium,0.0,Manipur,25.6633,94.4703
6250,10/12/2014 06:00:00 PM,debris_flow,tropical_cyclone,medium,5.0,Andhra Pradesh,18.3297,82.9565
241,09/07/2007 12:00:00 AM,landslide,rain,large,,,27.201,88.4883
9318,05/23/2016 01:00:00 AM,rock_fall,rain,small,10.0,Uttarakhand,30.7007,77.8644
6631,01/05/2015 09:00:00 AM,other,unknown,small,0.0,Uttar Pradesh,28.6363,77.3957
2432,09/15/2010 12:00:00 AM,landslide,downpour,medium,0.0,Himachal Pradesh,31.4135,77.895
3127,02/16/2011 06:00:00 PM,landslide,downpour,medium,0.0,Kashmir,33.3308,75.1774
4485,08/17/2012 12:00:00 AM,landslide,downpour,medium,,Kerala,9.7268,76.8081
6530,08/17/2014 06:00:00 PM,landslide,downpour,medium,0.0,Kashmir,34.5382,74.2493
5088,07/12/2013 12:00:00 AM,mudslide,downpour,medium,6.0,Uttarakhand,29.3802,79.4633
3794,07/17/2011 12:00:00 AM,landslide,rain,medium,,Sikkim,26.99195749,88.42280921
481,03/17/2008 12:00:00 AM,landslide,snowfall_snowmelt,medium,25.0,Himachal Pradesh,32.2862,77.1613
5196,07/25/2013 12:00:00 AM,landslide,continuous_rain,medium,,Uttarakhand,30.8928,78.48
3616,06/17/2011 12:00:00 AM,landslide,rain,medium,0.0,Goa,15.5931,73.8119
2340,08/26/2010 12:00:00 AM,landslide,downpour,medium,0.0,Himachal Pradesh,32.7029,75.9568
8472,07/02/2016 08:00:00 AM,landslide,unknown,medium,0.0,Kashmir,33.6296,74.5264
2469,09/19/2010 12:00:00 AM,landslide,downpour,medium,0.0,Himachal Pradesh,30.9009,77.4668
7312,08/15/2015 07:30:00 AM,rock_fall,monsoon,small,0.0,Maharashtra,18.7631,73.3471
5043,07/06/2013 12:00:00 AM,landslide,downpour,small,,Himachal Pradesh,31.9906,76.7907
8921,11/07/2015 12:00:00 AM,rock_fall,unknown,small,0.0,Tamil Nadu,11.3432,76.8285
5384,08/22/2013 11:00:00 AM,landslide,continuous_rain,medium,0.0,Maharashtra,19.0402,72.9089
5086,07/12/2013 12:00:00 AM,landslide,rain,medium,6.0,Uttarakhand,29.3802,79.4633
5215,07/27/2013 12:00:00 AM,landslide,rain,medium,,Uttarakhand,30.4521,78.754
9465,08/07/2016 12:00:00 AM,landslide,continuous_rain,medium,2.0,Kashmir,32.9834,75.6953
5283,08/05/2013 12:00:00 AM,landslide,monsoon,medium,1.0,Kerala,9.8539,76.9468
5359,08/18/2013 12:00:00 AM,landslide,rain,medium,,Uttarakhand,30.742,78.4543
6285,09/22/2014 12:00:00 AM,landslide,rain,small,0.0,Assam,26.159,91.8178
868,10/29/2008 12:00:00 AM,landslide,downpour,medium,7.0,Assam,26.3333,91.25
6294,09/06/2014 12:00:00 AM,landslide,continuous_rain,medium,3.0,Kashmir,33.3551,74.5128
5005,07/01/2013 12:00:00 AM,landslide,downpour,medium,0.0,Nāgāland,26.72,95.029
3860,07/29/2011 12:00:00 AM,landslide,rain,medium,0.0,Nāgāland,25.4192,94.108
2134,07/25/2010 12:00:00 AM,landslide,downpour,medium,,Maharashtra,16.94054188,73.46485294
9584,10/11/2016 03:30:00 AM,landslide,downpour,medium,0.0,Karnataka,14.8009,74.118
5476,09/07/2013 03:00:00 PM,landslide,rain,medium,0.0,Sikkim,27.3736,88.7323
1032,05/26/2009 12:00:00 AM,landslide,tropical_cyclone,medium,6.0,Bengal,27.0095,88.2592
1127,08/27/2009 12:00:00 AM,landslide,downpour,medium,,Assam,25.1718,93.123
221,08/31/2007 12:00:00 AM,landslide,rain,medium,,Bengal,22.6461,88.3403
2112,07/21/2010 08:00:00 AM,landslide,downpour,medium,0.0,,27.5509,88.6475
4917,06/12/2013 12:00:00 AM,landslide,downpour,medium,0.0,Himachal Pradesh,32.5552,76.1249
4984,06/25/2013 12:00:00 AM,landslide,downpour,small,0.0,Tamil Nadu,11.4991,76.4949
1107,08/20/2009 12:00:00 AM,landslide,continuous_rain,medium,1.0,Bengal,27.0736,88.4779
2201,08/05/2010 12:00:00 AM,landslide,downpour,medium,0.0,Bengal,27.0366,88.263
4927,06/16/2013 12:00:00 AM,landslide,rain,medium,0.0,Himachal Pradesh,30.5728,77.6521
653,07/18/2008 12:00:00 AM,landslide,rain,medium,14.0,Uttarakhand,29.33,80.1
2132,07/24/2010 09:00:00 AM,mudslide,downpour,medium,,Maharashtra,16.93911427,73.4745894
7614,08/08/2015 12:00:00 AM,landslide,downpour,medium,3.0,Himachal Pradesh,31.8028,76.757
1959,06/08/2010 12:00:00 AM,landslide,monsoon,medium,0.0,Maharashtra,19.1646,72.9325
3671,06/29/2011 12:00:00 AM,landslide,downpour,medium,,Uttarakhand,30.81507336,78.2242533
5603,10/13/2013 07:30:00 PM,mudslide,downpour,medium,0.0,Manipur,25.426,94.6024
7251,07/21/2015 12:00:00 AM,landslide,continuous_rain,medium,0.0,Kashmir,34.2689,75.1495
5050,07/07/2013 12:00:00 AM,mudslide,rain,medium,,Himachal Pradesh,31.703,76.936
2042,07/06/2010 12:00:00 AM,mudslide,monsoon,medium,0.0,Nāgāland,26.0093,94.5238
5442,09/02/2013 12:00:00 AM,landslide,downpour,large,,Arunāchal Pradesh,27.1614,93.7525
7913,06/26/2016 12:00:00 AM,rock_fall,rain,small,1.0,Maharashtra,18.241,73.4469
7933,09/01/2015 12:00:00 AM,rock_fall,rain,medium,2.0,Assam,26.1868,91.6739
3637,06/21/2011 12:00:00 AM,landslide,rain,medium,,Nāgāland,25.51614662,94.2341227
5177,07/23/2013 12:00:00 AM,landslide,downpour,medium,0.0,Uttarakhand,30.2902,79.151
2111,07/21/2010 12:00:00 AM,landslide,downpour,medium,0.0,Karnataka,12.8277,75.0772
2003,06/19/2010 08:00:00 AM,landslide,downpour,medium,8.0,Maharashtra,17.8975,73.2961
5181,07/24/2013 12:00:00 AM,landslide,downpour,medium,,Uttarakhand,30.2733,79.233
8163,06/23/2016 09:00:00 AM,rock_fall,downpour,medium,0.0,Goa,15.3739,73.8911
7288,07/26/2015 12:00:00 AM,landslide,continuous_rain,small,0.0,Himachal Pradesh,31.9563,77.1135
4823,04/26/2013 12:00:00 AM,mudslide,rain,medium,1.0,Kashmir,34.2946,75.4832
6965,06/17/2015 12:00:00 AM,landslide,downpour,small,0.0,West Bengal,27.0257,88.4301
4140,01/13/2012 08:00:00 AM,landslide,downpour,medium,0.0,Kashmir,33.4209,75.2045
6167,07/20/2014 12:00:00 AM,landslide,continuous_rain,small,3.0,Uttarakhand,30.6326,78.9953
9314,05/22/2016 03:00:00 PM,rock_fall,rain,small,10.0,Uttarakhand,30.306,78.0648
5277,08/05/2013 05:30:00 AM,mudslide,monsoon,small,0.0,Kerala,10.0539,76.8294
5361,08/18/2013 12:00:00 AM,landslide,unknown,medium,,Himachal Pradesh,31.0826,78.066
4393,06/07/2012 12:00:00 AM,landslide,downpour,large,7.0,,27.7565,88.632
9017,07/17/2016 12:00:00 AM,landslide,downpour,medium,4.0,Uttarakhand,30.1642,78.2936
5293,08/07/2013 12:00:00 AM,landslide,unknown,small,,Kashmir,32.9913,75.1915
2310,08/22/2010 12:00:00 AM,complex,downpour,medium,1.0,Haryana,30.4084,77.0666
3837,07/24/2011 12:30:00 PM,landslide,downpour,medium,0.0,Assam,26.5836,93.0038
220,08/31/2007 12:00:00 AM,landslide,rain,medium,,Manipur,25.1333,93.9667
5565,09/30/2013 12:00:00 AM,landslide,unknown,medium,0.0,Goa,15.7156,73.8049
6036,05/22/2014 09:00:00 AM,landslide,downpour,small,0.0,Goa,15.4951,73.8288
711,08/12/2008 12:00:00 AM,mudslide,rain,small,,Karnataka,14.229,74.8122
7372,07/31/2015 11:00:00 PM,mudslide,continuous_rain,medium,0.0,Manipur,25.0634,94.3415
2292,08/20/2010 12:00:00 AM,landslide,downpour,medium,0.0,Uttarakhand,30.8183,78.6186
6510,08/15/2014 12:00:00 AM,debris_flow,rain,medium,14.0,Uttarakhand,30.1176,78.7472
2570,10/08/2010 12:00:00 AM,landslide,downpour,medium,0.0,Manipur,24.837,93.9128
2676,10/31/2010 12:00:00 AM,landslide,downpour,medium,0.0,Andhra Pradesh,18.2733,83.0645
126,07/16/2007 12:00:00 AM,mudslide,rain,medium,,Sikkim,27.1499,88.38
1168,09/17/2009 12:00:00 AM,landslide,rain,medium,,Sikkim,27.1954,88.6115
3806,07/19/2011 12:00:00 AM,landslide,downpour,medium,3.0,Arunāchal Pradesh,27.1032,93.6884
2262,08/17/2010 12:00:00 AM,landslide,downpour,medium,10.0,Maharashtra,19.1993,73.0109
2214,08/06/2010 12:00:00 AM,landslide,downpour,medium,0.0,Bengal,27.0375,88.2627
5199,07/25/2013 12:00:00 AM,landslide,continuous_rain,medium,0.0,Uttarakhand,30.7866,78.6171
2026,06/28/2010 12:00:00 AM,landslide,downpour,medium,0.0,Meghālaya,25.4916,91.2698
2380,09/03/2010 12:00:00 AM,landslide,downpour,medium,0.0,Uttarakhand,30.4008,79.0278
3943,08/23/2011 12:00:00 AM,landslide,downpour,medium,5.0,,27.13862165,88.22551799
35,03/12/2007 12:00:00 AM,landslide,rain,medium,2.0,Kashmir,34.0935,74.9112
3567,06/02/2011 12:00:00 AM,landslide,downpour,medium,0.0,Tamil Nadu,9.5207,77.0198
714,08/14/2008 12:00:00 AM,landslide,rain,medium,,Assam,27.163,94.0
5184,07/24/2013 12:00:00 AM,landslide,downpour,medium,0.0,Uttarakhand,30.9058,78.0906
6110,06/27/2014 12:00:00 AM,landslide,rain,small,3.0,Assam,26.1619,91.7697
4559,09/17/2012 12:00:00 AM,landslide,downpour,medium,,Kashmir,33.9639,74.9597
247,09/08/2007 12:00:00 AM,landslide,rain,medium,,Manipur,25.0604,93.9877
5598,10/11/2013 03:00:00 PM,landslide,downpour,medium,3.0,Himachal Pradesh,32.3665,77.0857
5129,07/18/2013 12:00:00 AM,landslide,downpour,medium,0.0,Uttarakhand,30.4043,79.3308
2445,09/18/2010 12:00:00 AM,landslide,downpour,medium,0.0,Uttarakhand,30.1454,78.6007
5309,08/10/2013 10:00:00 AM,landslide,downpour,medium,7.0,Orissa,21.786,83.8847
3789,07/16/2011 12:00:00 AM,landslide,downpour,medium,0.0,Arunāchal Pradesh,27.2743,92.9064
9618,10/15/2016 12:00:00 AM,rock_fall,downpour,small,0.0,West Bengal,26.9343,88.4486
2022,06/27/2010 11:00:00 PM,landslide,downpour,medium,0.0,Karnataka,12.89307458,74.88567317
798,09/19/2008 12:00:00 AM,landslide,downpour,medium,,Himachal Pradesh,31.587,78.315
2645,10/21/2010 11:00:00 PM,landslide,downpour,medium,3.0,Kashmir,34.0887,74.0227
6783,07/19/2012 12:00:00 AM,landslide,monsoon,medium,0.0,West Bengal,26.8546,88.3373
4483,08/17/2012 04:00:00 PM,landslide,downpour,medium,2.0,Kerala,10.007,76.7105
545,05/20/2008 12:00:00 AM,mudslide,mining,medium,5.0,Assam,24.9849,92.8411
4501,08/20/2012 12:00:00 AM,landslide,downpour,medium,1.0,Kashmir,33.0829,74.8333
3884,08/06/2011 10:00:00 PM,landslide,continuous_rain,medium,,Himachal Pradesh,31.69137979,77.13222306
7265,07/22/2015 12:00:00 AM,landslide,continuous_rain,medium,0.0,Manipur,25.5007,93.9854
2051,07/07/2010 12:00:00 AM,landslide,downpour,medium,0.0,Himachal Pradesh,31.1011,77.1793
4407,06/13/2012 12:00:00 AM,landslide,downpour,medium,,Assam,25.0951,92.3567
6084,06/22/2014 03:00:00 AM,landslide,rain,medium,0.0,Kerala,9.9983,76.7329
2436,09/16/2010 03:00:00 AM,landslide,downpour,medium,0.0,Mizoram,24.3069,93.125
7727,08/20/2015 06:00:00 PM,landslide,continuous_rain,medium,0.0,Nagaland,25.6263,94.1057
7160,07/11/2015 12:00:00 AM,landslide,continuous_rain,medium,0.0,Uttarakhand,30.3799,78.4862
2049,07/07/2010 12:00:00 AM,landslide,downpour,medium,0.0,Himachal Pradesh,31.5041,77.9521
7305,08/01/2015 03:15:00 PM,rock_fall,continuous_rain,medium,0.0,Maharashtra,18.7687,73.3679
1946,06/05/2010 12:00:00 AM,landslide,downpour,medium,0.0,Kashmir,34.0901,74.0256
7334,08/18/2015 12:00:00 AM,landslide,unknown,medium,1.0,Arunachal Pradesh,28.1737,94.7596
492,04/05/2008 12:00:00 AM,landslide,rain,medium,,Kashmir,33.9337,74.9985
6200,08/17/2014 12:00:00 AM,landslide,downpour,large,0.0,Arunachal Pradesh,27.0869,93.6086
212,08/26/2007 12:00:00 AM,complex,rain,medium,,Meghālaya,25.5576,91.8506
4090,12/10/2011 12:00:00 AM,landslide,downpour,medium,0.0,Uttarakhand,29.913,79.3532
1092,08/16/2009 09:00:00 AM,landslide,downpour,medium,1.0,Bengal,26.74452462,88.40011959
9617,10/15/2016 12:00:00 AM,landslide,unknown,medium,0.0,West Bengal,26.888,88.2796
1172,09/19/2009 12:00:00 AM,landslide,downpour,medium,,Kerala,11.2695,76.2227
9415,08/03/2016 09:00:00 AM,landslide,downpour,medium,0.0,Maharashtra,18.3978,73.5086
7778,08/26/2015 12:00:00 AM,mudslide,continuous_rain,medium,0.0,Mizoram,23.8447,93.0514
3914,08/12/2011 12:00:00 AM,landslide,rain,large,11.0,Uttarakhand,28.8665,79.5682
2213,08/06/2010 12:30:00 AM,mudslide,downpour,very_large,0.0,Kashmir,34.1114,77.5874
5940,03/10/2014 12:00:00 AM,landslide,snowfall_snowmelt,medium,0.0,Kashmir,33.2359,75.2439
6263,09/26/2014 12:00:00 AM,landslide,continuous_rain,medium,0.0,Kashmir,33.0365,74.4889
6290,09/23/2014 03:00:00 AM,landslide,continuous_rain,small,8.0,Meghalaya,25.5772,91.8666
4019,10/17/2011 12:00:00 AM,landslide,downpour,medium,1.0,Kerala,9.9903,76.7898
2145,07/26/2010 12:00:00 AM,landslide,downpour,medium,,Maharashtra,16.94057232,73.46476377
4408,06/13/2012 12:00:00 AM,landslide,downpour,medium,,Meghālaya,25.5498,92.0757
1110,08/20/2009 08:30:00 PM,landslide,continuous_rain,medium,,Bengal,26.88405686,88.28087032
4403,06/10/2012 12:00:00 AM,landslide,downpour,very_large,,Manipur,24.8142,93.5444
5429,09/01/2013 06:00:00 PM,landslide,downpour,medium,5.0,Sikkim,27.3425,88.2426
8922,11/07/2015 12:00:00 AM,rock_fall,unknown,small,0.0,Tamil Nadu,11.3237,76.9101
2459,09/19/2010 12:00:00 AM,landslide,downpour,medium,0.0,Uttarakhand,29.5477,79.3211
2091,07/17/2010 12:00:00 AM,landslide,downpour,medium,0.0,Himachal Pradesh,30.6358,77.5435
2140,07/25/2010 12:00:00 AM,landslide,downpour,medium,0.0,Assam,25.0477,92.801
2243,08/13/2010 12:00:00 AM,landslide,downpour,medium,0.0,Nāgāland,25.70223725,94.04619681
9074,07/20/2016 12:00:00 AM,landslide,downpour,large,3.0,West Bengal,27.1176,88.1069
4515,08/24/2012 12:00:00 AM,landslide,downpour,medium,,Himachal Pradesh,30.7395,77.2847
6292,09/23/2014 12:00:00 AM,landslide,continuous_rain,small,1.0,Assam,25.7238,89.9032
4202,02/16/2012 12:00:00 AM,landslide,downpour,medium,2.0,Himachal Pradesh,32.5655,76.1201
6804,02/26/2015 12:00:00 AM,landslide,unknown,medium,2.0,Kashmir,33.3376,75.1922
9142,06/14/2016 08:00:00 AM,landslide,continuous_rain,medium,0.0,Nagaland,26.3185,94.5247
7994,09/07/2015 12:00:00 AM,landslide,unknown,medium,2.0,Tamil Nadu,11.81,78.2253
4916,06/12/2013 12:00:00 AM,landslide,downpour,medium,0.0,Himachal Pradesh,32.2108,76.2833
6107,06/26/2014 11:00:00 PM,landslide,continuous_rain,small,1.0,Assam,26.1844,91.7896
6569,08/28/2011 12:00:00 AM,landslide,continuous_rain,medium,2.0,Maharashtra,19.1355,72.9981
7026,05/30/2015 12:00:00 AM,landslide,rain,small,0.0,Kashmir,34.2607,75.4446
5943,03/11/2014 12:00:00 AM,landslide,continuous_rain,large,0.0,Kashmir,34.0823,74.056
4926,06/16/2013 12:00:00 AM,landslide,rain,medium,0.0,Himachal Pradesh,30.6738,77.3544
7295,07/24/2015 12:00:00 AM,landslide,continuous_rain,small,0.0,Uttarakhand,30.4517,78.1443
255,09/10/2007 12:00:00 AM,landslide,rain,medium,,Manipur,24.2451,94.0691
6567,08/27/2011 12:00:00 AM,landslide,downpour,medium,0.0,Kashmir,32.5764,75.8466
4423,06/20/2012 05:45:00 PM,landslide,downpour,large,3.0,Maharashtra,20.855,77.7274
2211,08/06/2010 12:30:00 AM,landslide,downpour,large,0.0,Kashmir,34.3061,77.3265
4447,07/05/2012 12:00:00 AM,landslide,downpour,medium,,Himachal Pradesh,31.1066,77.209
7660,08/12/2015 12:00:00 AM,mudslide,continuous_rain,medium,0.0,Nagaland,25.6237,94.1136
1475,02/06/2010 12:00:00 AM,landslide,downpour,medium,,Kashmir,33.1595,75.8011
7037,07/01/2015 12:00:00 AM,landslide,downpour,medium,0.0,West Bengal,26.8811,88.2779
102,06/25/2007 12:00:00 AM,landslide,rain,medium,,Andhra Pradesh,15.8294,78.0501
6188,08/02/2014 09:00:00 AM,landslide,continuous_rain,small,0.0,Kerala,9.9431,76.3738
1884,05/20/2010 11:00:00 PM,landslide,tropical_cyclone,medium,4.0,Andhra Pradesh,16.5121,80.6296
4556,09/16/2012 12:00:00 AM,landslide,downpour,medium,,Sikkim,27.1675,88.3651
8744,06/21/2016 12:00:00 AM,landslide,downpour,medium,0.0,Kashmir,32.99,75.1892
4487,08/17/2012 12:00:00 AM,landslide,downpour,medium,,Uttarakhand,30.6179,78.3233
3251,03/19/2011 12:00:00 AM,landslide,downpour,medium,,Kashmir,33.3390327,75.1916877
697,08/08/2008 12:00:00 AM,landslide,rain,medium,,Himachal Pradesh,31.13,77.09
3611,06/14/2011 12:00:00 AM,landslide,downpour,medium,0.0,Himachal Pradesh,32.3709,77.2466
7389,08/01/2015 12:00:00 AM,landslide,continuous_rain,medium,0.0,Manipur,24.4072,94.0644
5068,07/10/2013 04:30:00 AM,landslide,rain,medium,7.0,Uttarakhand,30.3629,79.2143
2437,09/16/2010 12:00:00 AM,landslide,downpour,medium,0.0,Mizoram,23.7527,92.694
2648,10/22/2010 12:00:00 AM,landslide,downpour,medium,1.0,Kashmir,33.0107,74.9397
4924,06/16/2013 07:30:00 PM,debris_flow,downpour,very_large,5000.0,Uttarakhand,30.7351,79.0666
731,08/19/2008 12:00:00 AM,mudslide,downpour,medium,4.0,Nāgāland,26.138,94.25
2234,08/11/2010 05:00:00 AM,landslide,downpour,medium,0.0,Himachal Pradesh,31.958,77.1104
6237,10/09/2014 12:00:00 AM,debris_flow,flooding,medium,0.0,Kerala,10.9654,76.5516
7371,08/01/2015 12:00:00 AM,landslide,continuous_rain,medium,0.0,Manipur,23.9939,94.0573
7923,09/01/2015 12:00:00 AM,landslide,rain,medium,2.0,Assam,26.49349035,91.72137514
8893,10/31/2015 12:00:00 AM,landslide,downpour,small,0.0,Tamil Nadu,11.3742,77.899
9020,07/17/2016 09:00:00 AM,mudslide,downpour,medium,0.0,Uttarakhand,29.9551,78.1677
4557,09/16/2012 12:00:00 AM,landslide,downpour,medium,,Kashmir,33.303,77.8876
3839,07/25/2011 08:00:00 AM,landslide,downpour,medium,0.0,Himachal Pradesh,32.1896,77.187
4489,08/17/2012 12:00:00 AM,landslide,downpour,medium,,Tamil Nadu,9.8232,77.1498
760,08/29/2008 12:00:00 AM,complex,downpour,medium,,Nāgāland,25.67,94.1066
258,09/11/2007 12:00:00 AM,landslide,rain,medium,3.0,Manipur,24.4279,94.0564
2368,08/31/2010 09:00:00 AM,landslide,downpour,medium,0.0,Andhra Pradesh,16.5157,80.6525
1153,09/10/2009 12:00:00 AM,landslide,downpour,medium,,Himachal Pradesh,31.8833,78.6167
5281,08/05/2013 12:00:00 AM,landslide,unknown,medium,0.0,Kerala,10.0486,76.7606
1384,01/03/2010 02:00:00 AM,landslide,downpour,medium,0.0,Kashmir,33.0289,74.9489
2212,08/06/2010 12:30:00 AM,landslide,downpour,large,0.0,Kashmir,34.1482,77.5971
4590,10/21/2012 09:00:00 AM,landslide,rain,medium,,Tamil Nadu,11.338,76.8806
2182,07/31/2010 09:00:00 AM,landslide,rain,medium,0.0,Manipur,24.9356,93.8443
2462,09/19/2010 12:00:00 AM,landslide,downpour,medium,0.0,Himachal Pradesh,30.9086,77.1103
3632,06/20/2011 08:30:00 PM,landslide,rain,medium,0.0,Bengal,27.0638,88.4659
4947,06/18/2013 10:30:00 AM,landslide,continuous_rain,medium,3.0,Maharashtra,19.0811,73.0226
9507,10/03/2016 11:00:00 AM,landslide,construction,medium,0.0,Himachal Pradesh,30.8974,77.0588
4979,06/25/2013 10:15:00 AM,mudslide,monsoon,medium,0.0,Maharashtra,16.9214,73.593
2048,07/07/2010 12:00:00 AM,landslide,downpour,medium,0.0,Himachal Pradesh,32.6598,76.853
7311,08/15/2015 12:00:00 AM,landslide,continuous_rain,medium,0.0,Uttarakhand,30.6494,79.5269
5013,07/02/2013 11:00:00 PM,landslide,downpour,medium,0.0,Himachal Pradesh,31.0722,77.1402
5331,08/14/2013 12:00:00 AM,landslide,downpour,medium,,Kashmir,33.0498,74.6264
1954,06/07/2010 12:00:00 AM,landslide,rain,medium,0.0,Manipur,24.7543,93.5039
3951,08/29/2011 12:30:00 PM,landslide,downpour,medium,1.0,Maharashtra,18.9774,72.8102
2198,08/04/2010 12:00:00 AM,landslide,downpour,medium,0.0,Himachal Pradesh,32.7571,77.4138
7636,08/09/2015 01:00:00 PM,landslide,downpour,medium,0.0,Kashmir,33.3852,74.2562
942,12/21/2008 12:00:00 AM,rock_fall,unknown,medium,1.0,Himachal Pradesh,30.895,77.089
6963,06/19/2015 12:00:00 AM,landslide,rain,medium,0.0,Mizoram,23.7131,92.7362
797,09/19/2008 12:00:00 AM,landslide,downpour,large,38.0,Himachal Pradesh,31.1,77.1645
5336,08/16/2013 12:00:00 AM,landslide,rain,medium,,Nāgāland,26.3897,94.9439
5214,07/27/2013 12:00:00 AM,landslide,mining,medium,,Himachal Pradesh,31.8931,78.63
5024,07/04/2013 12:00:00 AM,landslide,continuous_rain,medium,,Uttarakhand,30.1719,80.8576
2119,07/22/2010 12:00:00 AM,landslide,downpour,medium,0.0,Maharashtra,16.5676,73.6608
2267,08/18/2010 04:30:00 AM,landslide,downpour,medium,0.0,Maharashtra,17.0661,73.5027
7286,07/26/2015 12:00:00 AM,landslide,continuous_rain,small,0.0,Himachal Pradesh,31.1003,77.1751
7704,08/20/2015 12:00:00 AM,landslide,unknown,medium,0.0,Kashmir,32.6175,75.6157
7590,08/19/2015 12:00:00 AM,landslide,rain,small,0.0,Meghalaya,25.1416,92.3807
7391,08/01/2015 12:00:00 AM,rock_fall,continuous_rain,medium,0.0,Uttarakhand,31.0358,78.8578
7227,07/19/2015 03:00:00 PM,rock_fall,monsoon,small,1.0,Uttarakhand,30.0705,80.2364
1222,10/05/2009 12:00:00 AM,landslide,downpour,medium,3.0,Mizoram,23.73478778,92.72124394
8222,06/22/2016 12:00:00 PM,mudslide,downpour,medium,1.0,Assam,26.1961,91.7825
7706,08/19/2015 12:00:00 AM,landslide,rain,medium,0.0,Meghalaya,25.0728,92.3636
3756,07/10/2011 12:00:00 AM,landslide,downpour,medium,0.0,Himachal Pradesh,31.7099,76.933
9215,01/14/2016 05:15:00 AM,rock_fall,unknown,medium,1.0,West Bengal,27.1758,88.5294
7195,07/12/2015 12:00:00 AM,landslide,continuous_rain,small,1.0,Kashmir,33.2504,75.2102
4528,09/01/2012 04:30:00 AM,landslide,downpour,medium,,Goa,15.3826,73.9239
2246,08/14/2010 12:00:00 AM,landslide,downpour,medium,2.0,Himachal Pradesh,30.9012,77.0958
6024,05/14/2014 12:00:00 AM,landslide,rain,small,2.0,Kashmir,33.2394,75.2405
9620,10/15/2016 12:00:00 AM,landslide,downpour,medium,0.0,Sikkim,27.172,88.5292
4396,06/08/2012 12:00:00 AM,landslide,downpour,medium,,Kashmir,34.1534,77.5768
7248,07/18/2015 05:30:00 PM,mudslide,continuous_rain,medium,0.0,Jharkhand,24.0406,84.0696
4550,09/14/2012 08:00:00 AM,landslide,downpour,very_large,19.0,Uttarakhand,30.2853,78.9829
3376,04/17/2011 12:00:00 AM,landslide,downpour,medium,5.0,Kashmir,33.1488,75.5526
9490,08/29/2016 11:00:00 PM,rock_fall,continuous_rain,medium,0.0,Himachal Pradesh,31.5728,77.8561
6011,05/04/2014 12:00:00 AM,landslide,rain,small,0.0,Tamil Nadu,11.3403,76.8267
7275,07/24/2015 12:00:00 AM,landslide,continuous_rain,medium,0.0,Kashmir,34.258,75.4189
5611,10/18/2013 09:00:00 AM,landslide,rain,medium,0.0,Uttarakhand,30.5345,79.0853
5244,08/01/2013 08:00:00 PM,landslide,downpour,medium,,Kashmir,34.4332,76.2851
2338,08/26/2010 09:00:00 AM,complex,downpour,medium,0.0,Andhra Pradesh,16.5141,80.6053
8224,09/14/2015 01:30:00 AM,landslide,downpour,medium,0.0,Mizoram,23.7313,92.7187
2495,09/24/2010 01:00:00 AM,landslide,downpour,medium,0.0,Kerala,9.8988,76.3902
614,06/29/2008 12:00:00 AM,landslide,unknown,medium,,Bengal,26.89,88.28
2414,09/11/2010 04:00:00 PM,landslide,downpour,medium,0.0,Haryana,30.7059,76.9844
540,05/18/2008 12:00:00 AM,landslide,mining,medium,5.0,Orissa,19.5178,83.1809
9380,04/04/2016 12:00:00 AM,landslide,continuous_rain,small,0.0,Kashmir,34.4002,74.2798
242,09/07/2007 12:00:00 AM,landslide,rain,medium,,Bengal,26.8833,88.2833
5240,07/31/2013 08:00:00 AM,landslide,downpour,medium,4.0,Uttarakhand,30.3822,78.0949
6889,03/15/2015 12:00:00 AM,landslide,continuous_rain,medium,0.0,Kashmir,34.0786,74.3836
3889,08/07/2011 07:00:00 AM,landslide,downpour,medium,0.0,Himachal Pradesh,31.7083,76.9316
6525,08/18/2014 12:00:00 AM,landslide,downpour,medium,0.0,Uttarakhand,30.9936,78.4594
1209,10/02/2009 12:00:00 AM,landslide,downpour,medium,,Karnataka,14.7395,74.2566
5189,07/25/2013 05:00:00 AM,rock_fall,downpour,medium,,Maharashtra,19.3379,73.7767
4241,03/04/2012 12:00:00 AM,landslide,unknown,medium,0.0,Manipur,25.1604,93.6795
609,06/25/2008 12:00:00 AM,landslide,downpour,medium,,Tamil Nadu,11.41,76.69
5054,07/07/2013 12:00:00 AM,landslide,downpour,small,,Himachal Pradesh,31.7018,76.9424
755,08/28/2008 12:00:00 AM,landslide,downpour,medium,,Sikkim,27.337,88.609
1756,04/17/2010 12:00:00 AM,landslide,downpour,small,0.0,Sikkim,27.322,88.6087
1930,05/31/2010 12:00:00 AM,landslide,downpour,medium,0.0,Arunāchal Pradesh,28.4298,95.8776
8745,06/21/2016 09:00:00 AM,landslide,downpour,small,0.0,Maharashtra,19.19,73.009
9334,05/18/2016 08:00:00 AM,landslide,continuous_rain,unknown,2.0,Assam,24.5204,92.7264
8237,07/01/2016 12:00:00 AM,landslide,downpour,large,5.0,Arunachal Pradesh,27.0136,92.6351
3747,07/08/2011 12:00:00 AM,landslide,rain,medium,0.0,Himachal Pradesh,32.3237,77.1935
5323,08/13/2013 12:00:00 AM,landslide,downpour,medium,,Kashmir,34.2601,75.4466
6972,06/12/2015 11:15:00 AM,landslide,downpour,small,0.0,Maharashtra,19.1209,72.8406
4385,06/03/2012 12:00:00 AM,landslide,downpour,medium,,,27.7167,88.5577
4950,06/18/2013 08:00:00 AM,landslide,rain,medium,4.0,Karnataka,12.8446,75.2476
3565,06/02/2011 12:00:00 AM,landslide,downpour,medium,0.0,Kerala,9.8306,76.9408
585,06/14/2008 12:00:00 AM,landslide,rain,large,21.0,Arunāchal Pradesh,27.0998,93.6287
2041,07/06/2010 12:00:00 AM,landslide,downpour,medium,0.0,Uttarakhand,30.2485,78.8847
6286,09/22/2014 12:00:00 AM,landslide,rain,small,0.0,Assam,26.1044,91.7082
6174,07/22/2014 05:30:00 AM,landslide,rain,small,0.0,Kashmir,33.2395,75.2406
4859,05/11/2013 12:00:00 AM,landslide,rain,medium,,Assam,26.1771,91.7599
6307,10/12/2014 12:00:00 AM,landslide,tropical_cyclone,medium,0.0,Odisha,19.1008,84.0502
2536,10/03/2010 07:00:00 PM,landslide,unknown,medium,0.0,Karnataka,12.7796,75.5844
7613,08/08/2015 12:00:00 AM,landslide,downpour,medium,0.0,Kashmir,32.9961,75.1994
4436,06/25/2012 12:00:00 AM,landslide,downpour,medium,,Arunāchal Pradesh,26.9986,95.4993
3916,08/13/2011 08:00:00 AM,mudslide,downpour,medium,0.0,Assam,25.7713,93.8067
7034,06/30/2015 12:00:00 AM,landslide,downpour,medium,1.0,West Bengal,27.0875,88.6556
150,07/30/2007 12:00:00 AM,landslide,downpour,medium,,Uttarakhand,30.4,79.349
5377,08/19/2013 12:00:00 AM,landslide,tropical_cyclone,medium,2.0,Kashmir,34.0942,74.0226
7628,08/09/2015 12:00:00 AM,rock_fall,rain,small,0.0,Himachal Pradesh,31.6916,76.5102
5250,08/01/2013 12:00:00 AM,mudslide,rain,medium,,Arunachal Pradesh,27.8837,93.0515
173,08/11/2007 12:00:00 AM,landslide,rain,medium,,Uttarakhand,30.0702,78.3027
3805,07/19/2011 12:00:00 AM,landslide,rain,medium,0.0,Sikkim,27.05374234,88.42572376
2471,09/19/2010 12:00:00 AM,landslide,downpour,medium,0.0,Uttarakhand,29.7911,80.058
7171,03/30/2015 12:00:00 AM,landslide,continuous_rain,medium,16.0,Kashmir,33.9445,74.799
2488,09/22/2010 12:00:00 AM,landslide,downpour,medium,0.0,Himachal Pradesh,31.0215,77.1038
3666,06/29/2011 12:00:00 AM,landslide,continuous_rain,medium,0.0,Himachal Pradesh,32.4318,77.2147
9144,12/29/2015 12:00:00 AM,complex,construction,medium,0.0,Himachal Pradesh,31.46626719,76.86927482
8988,12/07/2015 12:00:00 AM,landslide,rain,medium,0.0,Tamil Nadu,10.2288,77.4767
3738,07/06/2011 12:00:00 AM,landslide,downpour,medium,6.0,Manipur,24.8063,93.9482
240,09/07/2007 12:00:00 AM,landslide,rain,medium,8.0,Goa,15.5063,73.8362
3629,06/19/2011 12:00:00 AM,landslide,downpour,medium,0.0,Goa,15.2932,74.1447
804,09/22/2008 12:00:00 AM,landslide,rain,medium,,Haryana,30.7,77.08
3891,08/07/2011 12:00:00 AM,landslide,downpour,medium,0.0,Kashmir,33.4406,75.1996
2426,09/13/2010 12:00:00 AM,landslide,downpour,medium,0.0,Mizoram,22.7176,92.8416
1084,08/12/2009 12:00:00 AM,landslide,downpour,medium,0.0,Arunāchal Pradesh,27.7,92.8
7266,07/22/2015 12:00:00 AM,landslide,continuous_rain,medium,0.0,Manipur,25.5098,93.8794
7292,07/27/2015 09:30:00 AM,mudslide,mining,small,2.0,Kerala,11.8348,75.4856
101,06/25/2007 12:00:00 AM,landslide,monsoon,large,4.0,Kerala,11.7095,76.074
1129,08/30/2009 12:00:00 AM,landslide,downpour,medium,,Manipur,24.8628,94.4182
2453,09/19/2010 06:00:00 PM,landslide,downpour,medium,0.0,Uttarakhand,29.6131,79.494
4536,09/04/2012 09:00:00 AM,landslide,downpour,medium,,Maharashtra,19.6241,72.9084
2166,07/29/2010 12:00:00 AM,landslide,downpour,medium,0.0,Assam,24.9786,93.5027
213,08/26/2007 12:00:00 AM,landslide,rain,medium,,Assam,25.2946,92.8339
5327,08/14/2013 12:00:00 AM,landslide,downpour,medium,,Kashmir,33.4431,75.1915
7274,07/25/2015 12:00:00 AM,landslide,downpour,small,0.0,Goa,15.3904,73.8182
5252,08/02/2013 04:30:00 AM,landslide,continuous_rain,medium,0.0,Kashmir,32.5282,75.1199
1871,05/17/2010 12:00:00 AM,landslide,downpour,medium,0.0,Kashmir,34.3951,75.6233
9178,07/23/2016 11:00:00 PM,rock_fall,downpour,medium,0.0,Andhra Pradesh,16.0781,78.8743
5583,10/06/2013 04:30:00 PM,landslide,downpour,medium,0.0,,15.6365,74.1158
178,08/12/2007 12:00:00 AM,landslide,rain,large,2.0,Himachal Pradesh,32.0985,76.2665
4426,06/22/2012 12:00:00 AM,landslide,downpour,medium,3.0,Assam,26.1226,91.7162
8366,09/23/2015 03:00:00 PM,landslide,downpour,medium,2.0,Meghalaya,25.583,91.893
9048,07/17/2016 12:00:00 AM,landslide,unknown,small,1.0,Himachal Pradesh,31.5007,78.1758
3829,07/22/2011 12:00:00 AM,landslide,downpour,small,0.0,Maharashtra,16.1078,73.7167
7309,08/15/2015 12:00:00 AM,landslide,continuous_rain,medium,0.0,Uttarakhand,30.7864,78.616
5047,07/07/2013 03:00:00 AM,landslide,downpour,medium,,Himachal Pradesh,31.8795,76.9161
1934,06/03/2010 05:00:00 AM,landslide,downpour,medium,2.0,Assam,24.6005,92.3814
3342,04/06/2011 12:00:00 AM,landslide,downpour,medium,0.0,Kashmir,34.2101,74.3445
6162,07/19/2014 05:00:00 AM,landslide,rain,small,0.0,Uttarakhand,30.4305,78.0803
5139,07/19/2013 12:00:00 AM,landslide,downpour,medium,0.0,Uttarakhand,30.0718,80.2369
146,07/30/2007 12:00:00 AM,landslide,downpour,medium,2.0,Uttarakhand,30.733,78.439
7655,04/22/2016 02:30:00 AM,landslide,continuous_rain,medium,17.0,Arunachal Pradesh,27.5799,91.8569
234,09/05/2007 12:00:00 AM,landslide,rain,medium,,Kashmir,33.1662,75.3098
5265,08/04/2013 12:00:00 AM,landslide,continuous_rain,very_large,3.0,Kerala,9.9147,77.011
9464,08/05/2016 12:00:00 AM,landslide,downpour,medium,0.0,Arunachal Pradesh,27.5754,91.9754
104,06/25/2007 12:00:00 AM,landslide,rain,medium,,Andhra Pradesh,16.6252,80.6128
3912,08/12/2011 12:00:00 AM,landslide,rain,medium,0.0,Arunāchal Pradesh,27.44,92.2833
5195,07/25/2013 12:00:00 AM,landslide,continuous_rain,medium,,Uttarakhand,30.4041,79.3276
5272,08/04/2013 12:00:00 AM,landslide,monsoon,medium,,Nāgāland,26.2083,94.5438
6890,03/15/2015 12:00:00 AM,landslide,continuous_rain,medium,0.0,Kashmir,34.0968,74.4117
9006,07/16/2016 03:00:00 PM,landslide,construction,small,0.0,Karnataka,12.8962,74.8859
580,06/09/2008 12:00:00 AM,landslide,monsoon,medium,,Manipur,24.6596,93.9784
5074,07/10/2013 12:00:00 AM,landslide,downpour,medium,2.0,Maharashtra,19.0263,72.8676
5575,10/05/2013 11:00:00 PM,mudslide,continuous_rain,medium,0.0,Nāgāland,25.8266,94.1497
2105,07/20/2010 06:00:00 PM,landslide,downpour,medium,1.0,Uttarakhand,29.3576,79.5519
5036,07/05/2013 11:00:00 PM,landslide,downpour,medium,1.0,Kashmir,33.0852,74.8799
8996,07/14/2016 12:00:00 AM,landslide,monsoon,small,1.0,Assam,26.1768,91.7702
1613,04/02/2010 11:00:00 PM,mudslide,downpour,large,12.0,Arunāchal Pradesh,27.8997,93.3497
7138,07/07/2015 12:00:00 AM,landslide,continuous_rain,small,0.0,Sikkim,27.0816,88.4397
5341,08/17/2013 03:00:00 PM,landslide,downpour,medium,0.0,Goa,15.5419,73.9214
5333,08/14/2013 12:00:00 AM,landslide,downpour,medium,3.0,Kashmir,33.7706,74.0967
4484,08/17/2012 12:00:00 AM,landslide,downpour,medium,,Kerala,9.6991,76.8168
3380,04/19/2011 12:00:00 AM,landslide,downpour,medium,0.0,Kashmir,33.5808,74.9035
6730,12/31/2014 12:00:00 AM,landslide,unknown,large,0.0,Kashmir,33.287,77.2853
2596,10/14/2010 07:30:00 PM,landslide,rain,medium,,Himachal Pradesh,31.5158,78.2619
8998,07/13/2016 11:00:00 PM,mudslide,monsoon,medium,2.0,Uttar Pradesh,26.3221,80.4703
3097,02/07/2011 12:00:00 AM,landslide,downpour,medium,,Kashmir,33.35406635,75.17240669
4592,10/22/2012 09:00:00 AM,landslide,rain,medium,,Kerala,10.077,76.322
4857,05/11/2013 09:00:00 AM,landslide,rain,large,15.0,Mizoram,23.7281,92.7175
2538,10/03/2010 12:00:00 AM,landslide,continuous_rain,medium,0.0,Himachal Pradesh,30.9141,76.818
5652,11/20/2013 11:30:00 PM,landslide,unknown,medium,0.0,Maharashtra,20.0014,73.7917
6945,06/19/2015 12:00:00 AM,landslide,monsoon,medium,0.0,Manipur,25.16,93.686
6177,07/23/2014 11:30:00 PM,landslide,continuous_rain,small,2.0,Uttarakhand,29.1585,79.1464
5330,08/14/2013 12:00:00 AM,landslide,downpour,medium,,Kashmir,33.3216,75.1984
2242,08/13/2010 12:00:00 AM,landslide,rain,medium,0.0,Himachal Pradesh,30.8522,76.991
2743,11/22/2010 12:00:00 AM,landslide,unknown,medium,,Arunāchal Pradesh,27.5798729,91.85672387
4507,08/22/2012 12:00:00 AM,landslide,downpour,medium,,Kashmir,33.2412,75.2382
9409,04/13/2016 01:00:00 PM,mudslide,construction,small,1.0,Tamil Nadu,11.3464,76.8076
6734,01/29/2015 10:00:00 AM,mudslide,unknown,small,1.0,NCT,28.5714,77.2135
1857,05/11/2010 09:00:00 AM,landslide,downpour,medium,0.0,Meghālaya,25.3433,92.2897
4860,05/11/2013 12:00:00 AM,landslide,rain,medium,,Assam,26.1016,91.6906
4845,05/07/2013 12:00:00 AM,mudslide,rain,medium,,Mizoram,24.2315,92.6755
7363,06/30/2015 11:00:00 PM,landslide,downpour,medium,19.0,West Bengal,26.8843,88.1835
1770,04/20/2010 12:00:00 AM,landslide,downpour,medium,0.0,Assam,26.1965,91.763
4925,06/16/2013 12:00:00 AM,landslide,rain,medium,0.0,Himachal Pradesh,31.4551,78.1996
6184,07/28/2014 12:00:00 AM,landslide,continuous_rain,medium,7.0,Uttarakhand,29.5829,80.2182
488,03/30/2008 12:00:00 AM,landslide,rain,medium,2.0,Kashmir,34.219,77.2665
3947,08/27/2011 12:00:00 AM,landslide,downpour,medium,1.0,NCT,28.6809,77.1958
2290,08/20/2010 12:00:00 AM,landslide,downpour,medium,0.0,Uttarakhand,30.6509,79.0264
7728,08/22/2015 09:00:00 AM,landslide,continuous_rain,medium,0.0,Assam,26.1028,91.8806
3373,04/17/2011 03:00:00 PM,landslide,downpour,medium,0.0,Kashmir,33.3645,75.1999
97,06/25/2007 12:00:00 AM,landslide,rain,medium,18.0,Maharashtra,16.9648,73.5189
5287,08/06/2013 07:00:00 AM,landslide,downpour,medium,0.0,Kashmir,32.8363,75.1489
8916,07/10/2016 08:30:00 AM,landslide,unknown,medium,1.0,Maharashtra,19.34,73.7746
5334,08/15/2013 11:00:00 PM,landslide,downpour,medium,,Himachal Pradesh,32.3573,77.3052
7285,07/26/2015 12:00:00 AM,landslide,continuous_rain,medium,3.0,Himachal Pradesh,31.1263,77.3525
5346,08/17/2013 12:00:00 AM,landslide,rain,medium,,Uttarakhand,31.0343,78.7248
3908,08/11/2011 04:30:00 AM,landslide,rain,medium,1.0,Kashmir,32.737,74.876
7198,07/14/2015 12:00:00 AM,landslide,continuous_rain,small,3.0,Karnataka,12.8747,74.9566
3807,07/19/2011 12:00:00 AM,landslide,rain,medium,3.0,Kashmir,33.6917,76.0412
7950,09/06/2015 07:10:00 AM,rock_fall,unknown,medium,0.0,Tamil Nadu,11.404,76.6952
5079,07/11/2013 12:00:00 AM,mudslide,continuous_rain,medium,0.0,Jharkhand,26.9734,87.3412
2180,07/31/2010 08:00:00 AM,landslide,downpour,medium,0.0,Karnataka,12.8715,74.8862
9426,03/26/2016 12:00:00 AM,landslide,continuous_rain,medium,5.0,Kashmir,33.04965334,75.29048614
7366,07/31/2015 06:00:00 PM,debris_flow,continuous_rain,medium,0.0,Himachal Pradesh,32.2241,76.3374
5274,08/04/2013 12:00:00 AM,landslide,rain,medium,,Nāgāland,26.0838,94.564
2207,08/06/2010 12:30:00 AM,landslide,downpour,large,11.0,Kashmir,34.1481,77.6538
7961,09/05/2015 12:00:00 AM,landslide,unknown,medium,1.0,Bihar,25.4551,84.5322
7836,08/27/2015 12:00:00 AM,landslide,downpour,medium,0.0,Mizoram,24.042,92.6724
103,06/25/2007 12:00:00 AM,landslide,rain,medium,,Andhra Pradesh,14.4702,78.8205
3673,06/29/2011 12:00:00 AM,landslide,downpour,medium,0.0,Uttarakhand,30.2416,78.8996
1315,11/20/2009 06:30:00 PM,landslide,construction,medium,5.0,Gujarāt,23.0396,72.566
451,02/13/2008 12:00:00 AM,landslide,rain,medium,,Tamil Nadu,11.3484,76.7937
2389,09/04/2010 12:00:00 AM,landslide,downpour,medium,0.0,Uttarakhand,30.5004,79.3888
3776,07/15/2011 06:00:00 PM,landslide,downpour,small,0.0,Arunāchal Pradesh,27.125,93.7145
4798,04/07/2013 12:00:00 AM,landslide,rain,medium,,Arunachal Pradesh,28.8254,96.1509
2138,07/25/2010 09:00:00 AM,landslide,downpour,medium,2.0,Himachal Pradesh,31.0931,77.1675
7388,08/01/2015 12:00:00 AM,landslide,continuous_rain,medium,0.0,Manipur,24.416,94.0984
111,07/02/2007 12:00:00 AM,landslide,downpour,medium,,Kashmir,33.2443135,75.22742083
5421,08/30/2013 12:00:00 AM,mudslide,unknown,medium,,Nāgāland,26.4205,94.9731
6359,09/06/2014 12:00:00 AM,other,rain,medium,2.0,Kashmir,32.9148,75.0556
4513,08/24/2012 12:00:00 AM,landslide,downpour,medium,,Himachal Pradesh,32.1002,76.2699
452,02/13/2008 12:00:00 AM,landslide,rain,medium,,Kashmir,33.2418,75.242
1154,09/10/2009 12:00:00 AM,landslide,downpour,medium,,Himachal Pradesh,32.4035,77.5796
7249,07/13/2015 12:00:00 AM,mudslide,continuous_rain,small,0.0,Himachal Pradesh,31.0851,77.1665
5897,02/23/2014 06:00:00 PM,landslide,unknown,large,2.0,Kashmir,33.2359,75.244
2343,08/27/2010 04:30:00 PM,landslide,downpour,medium,0.0,Nāgāland,25.4786,94.1327
5617,10/25/2013 12:00:00 AM,landslide,rain,medium,0.0,Andhra Pradesh,16.5175,80.6117
3619,06/17/2011 07:30:00 PM,mudslide,rain,medium,0.0,,27.4885,88.4451
2208,08/06/2010 12:15:00 AM,landslide,downpour,large,182.0,Kashmir,34.2116,77.3504
3683,07/01/2011 12:00:00 AM,landslide,downpour,medium,0.0,Nāgāland,25.8782,94.1739
9619,10/15/2016 12:00:00 AM,landslide,rain,medium,0.0,Sikkim,27.1695,88.3664
6552,08/26/2014 12:00:00 AM,landslide,unknown,medium,2.0,Himachal Pradesh,31.5593,77.9277
7591,03/19/2015 12:00:00 AM,landslide,rain,small,0.0,Assam,25.0318,92.4584
1521,02/23/2010 12:00:00 AM,landslide,downpour,medium,2.0,Uttarakhand,30.383,78.5094
2047,07/07/2010 12:00:00 AM,landslide,downpour,medium,0.0,Himachal Pradesh,32.219,78.072
7110,04/30/2015 12:00:00 AM,landslide,continuous_rain,small,0.0,Uttarakhand,30.5568,79.5541
5441,09/02/2013 12:00:00 AM,landslide,downpour,large,,Arunāchal Pradesh,28.611,94.9829
9232,07/28/2016 11:00:00 PM,landslide,continuous_rain,medium,2.0,Mizoram,23.5397,93.3783
4555,09/15/2012 12:00:00 AM,landslide,downpour,medium,,Kashmir,32.9295,75.1432
4434,06/25/2012 06:00:00 PM,landslide,downpour,large,1.0,Assam,26.1049,91.7369
1090,08/16/2009 12:00:00 AM,landslide,downpour,medium,2.0,Bengal,26.9599,88.268
2162,07/29/2010 12:00:00 AM,landslide,downpour,medium,0.0,Uttarakhand,30.4054,79.3426
592,06/18/2008 12:00:00 AM,landslide,rain,medium,,Himachal Pradesh,32.3712,77.2466
4378,06/02/2012 12:00:00 AM,landslide,downpour,medium,,Arunachal Pradesh,28.8254,96.1517
2452,09/19/2010 09:00:00 AM,landslide,downpour,medium,0.0,Uttarakhand,30.1977,77.9137
6841,03/05/2015 12:00:00 AM,landslide,unknown,medium,0.0,Kashmir,33.1213,75.2449
7214,07/15/2015 08:00:00 AM,landslide,monsoon,medium,3.0,Arunachal Pradesh,27.36,93.0385
5582,10/06/2013 12:45:00 PM,landslide,downpour,medium,1.0,Assam,26.1309,91.8383
2405,09/09/2010 11:00:00 PM,landslide,downpour,medium,10.0,Arunāchal Pradesh,28.3036,95.4112
785,09/10/2008 12:00:00 AM,rock_fall,rain,medium,,Goa,15.323,73.974
3556,05/31/2011 02:00:00 PM,landslide,continuous_rain,small,0.0,Manipur,25.1555,93.8474
4488,08/17/2012 12:00:00 AM,landslide,downpour,medium,,Kerala,9.5527,76.9299
5358,08/18/2013 12:00:00 AM,landslide,rain,medium,,Uttarakhand,30.6639,78.0574
2569,10/08/2010 12:00:00 AM,landslide,downpour,medium,0.0,Nāgāland,25.2745,94.0212
2423,09/13/2010 12:00:00 AM,landslide,downpour,medium,,Mizoram,23.73504471,92.71060943
3532,05/24/2011 12:00:00 AM,complex,downpour,medium,0.0,Assam,25.0888,92.8551
2345,08/27/2010 06:00:00 PM,landslide,downpour,medium,0.0,Sikkim,27.3392,88.6188
9638,10/17/2016 07:00:00 AM,mudslide,construction,medium,1.0,Telangana,17.4655,78.4606
4940,06/17/2013 12:00:00 AM,landslide,rain,medium,3.0,Uttarakhand,30.3069,78.0169
7956,09/05/2015 12:00:00 AM,landslide,unknown,medium,0.0,Meghalaya,26.048,91.8695
5213,07/27/2013 12:00:00 AM,landslide,downpour,small,2.0,Jharkhand,24.3599,85.6179
2425,09/13/2010 12:00:00 AM,landslide,downpour,medium,0.0,Mizoram,23.3439,93.0748
6970,06/16/2015 12:00:00 AM,rock_fall,downpour,small,1.0,Meghalaya,25.5084,90.2191
2040,07/06/2010 12:00:00 AM,landslide,downpour,medium,0.0,Uttarakhand,30.638,78.3297
5312,08/11/2013 11:00:00 PM,landslide,downpour,very_large,0.0,Assam,26.7103,94.693
2711,11/11/2010 12:00:00 AM,landslide,downpour,medium,0.0,Karnataka,12.8806,75.0327
6247,10/15/2014 12:00:00 AM,landslide,mining,medium,2.0,Himachal Pradesh,31.0164,77.0991
1929,05/31/2010 11:00:00 PM,landslide,downpour,medium,0.0,Sikkim,27.3543,88.6428
2568,10/08/2010 12:00:00 AM,landslide,downpour,medium,0.0,Assam,24.7679,93.4108
3171,03/03/2011 11:00:00 PM,landslide,downpour,medium,1.0,Kashmir,33.2257,75.6695
3375,04/17/2011 12:00:00 AM,landslide,downpour,medium,1.0,Kashmir,33.2599,75.8886
4452,07/07/2012 12:00:00 AM,landslide,downpour,medium,,Kashmir,34.0123,77.9988
6947,06/21/2015 12:00:00 AM,landslide,rain,small,0.0,Uttarakhand,30.0261,78.6278
6414,09/02/2014 06:00:00 PM,landslide,continuous_rain,small,1.0,Maharashtra,19.2677,73.0618
1130,09/01/2009 03:00:00 PM,landslide,downpour,medium,3.0,Uttarakhand,29.7036,78.5658
6370,09/04/2014 12:00:00 AM,landslide,rain,medium,1.0,Kashmir,33.798,74.2562
3159,03/01/2011 03:00:00 PM,landslide,downpour,medium,0.0,Kashmir,33.2477,75.1919
5608,10/16/2013 06:00:00 PM,landslide,unknown,medium,0.0,Uttarakhand,30.5345,79.0853
5209,07/26/2013 12:00:00 AM,landslide,rain,medium,,Uttarakhand,30.6539,78.3366
7409,08/02/2015 12:00:00 AM,landslide,continuous_rain,medium,0.0,Nagaland,25.72,94.6219
9219,07/26/2016 11:00:00 PM,landslide,downpour,medium,0.0,Nagaland,26.0101,94.5282
5178,07/24/2013 12:00:00 AM,landslide,continuous_rain,medium,2.0,Uttarakhand,30.4605,79.4774
6950,06/22/2015 06:15:00 AM,landslide,continuous_rain,medium,5.0,Maharashtra,19.029,73.311
4875,05/26/2013 12:00:00 AM,landslide,downpour,medium,,NCT,28.758,77.15
7141,07/08/2015 12:00:00 AM,landslide,rain,small,0.0,Karnataka,12.9455,75.7797
177,08/12/2007 12:00:00 AM,landslide,rain,medium,11.0,Himachal Pradesh,32.7334,77.5914
9008,07/16/2016 12:00:00 AM,rock_fall,rain,small,0.0,Uttarakhand,30.3351,78.5113
274,09/20/2007 12:00:00 AM,landslide,rain,medium,,Bengal,27.0875,88.4572
2579,10/09/2010 12:00:00 AM,landslide,downpour,medium,0.0,Nāgāland,25.682,94.1076
5100,07/14/2013 12:00:00 AM,landslide,rain,medium,0.0,Himachal Pradesh,31.673,76.5338
8223,09/14/2015 03:10:00 AM,landslide,downpour,large,0.0,Mizoram,23.7348,92.7187
1962,06/09/2010 12:00:00 AM,landslide,downpour,medium,0.0,Himachal Pradesh,31.09907494,77.1723589
181,08/13/2007 12:00:00 AM,landslide,rain,medium,,Andhra Pradesh,17.3895,78.499
840,10/12/2008 12:00:00 AM,mudslide,rain,medium,,Uttar Pradesh,27.0167,78.1333
5198,07/25/2013 12:00:00 AM,landslide,continuous_rain,medium,0.0,Uttarakhand,30.8928,78.48
5347,08/17/2013 12:00:00 AM,landslide,rain,medium,,Uttarakhand,30.7292,78.4396
7336,08/19/2015 09:00:00 AM,landslide,continuous_rain,medium,0.0,Meghalaya,25.2193,90.5549
9252,07/28/2016 12:00:00 AM,landslide,monsoon,medium,0.0,Arunachal Pradesh,27.5748,91.8644
1208,10/02/2009 12:00:00 AM,landslide,downpour,large,24.0,Karnataka,14.7812,74.499
7038,07/01/2015 12:00:00 AM,landslide,downpour,medium,0.0,West Bengal,26.8781,88.2807
5300,08/09/2013 12:00:00 AM,landslide,downpour,large,,Nāgāland,25.318,94.0441
5049,07/07/2013 12:00:00 AM,landslide,downpour,medium,,Himachal Pradesh,31.5596,77.1679
7665,08/11/2015 12:00:00 AM,landslide,continuous_rain,medium,0.0,Manipur,24.7016,93.5291
279,09/23/2007 12:00:00 AM,landslide,rain,medium,,Orissa,21.464,83.9462
133,07/21/2007 12:00:00 AM,landslide,rain,medium,1.0,Bengal,23.9304,88.2374
8571,10/02/2015 12:00:00 AM,landslide,downpour,medium,2.0,Andhra Pradesh,17.6874,83.1993
4183,02/04/2012 12:00:00 AM,landslide,downpour,medium,0.0,Kashmir,33.2424,75.2381
3737,07/06/2011 12:00:00 AM,landslide,downpour,medium,0.0,Uttarakhand,30.3214,78.0319
9475,08/07/2016 03:00:00 AM,landslide,continuous_rain,medium,0.0,Kashmir,32.9041,75.0911
5176,07/23/2013 12:00:00 AM,landslide,downpour,medium,0.0,Uttarakhand,30.1944,79.1939
7685,08/13/2015 12:00:00 AM,landslide,unknown,medium,0.0,Himachal Pradesh,31.7756,76.9876
9216,07/26/2016 11:00:00 PM,rock_fall,downpour,large,2.0,Himachal Pradesh,30.6935,77.4266
1994,06/16/2010 12:00:00 AM,landslide,downpour,medium,0.0,Assam,25.0633,92.8025
5660,11/24/2013 11:00:00 PM,rock_fall,downpour,medium,0.0,Tamil Nadu,11.344,76.8691
4015,10/15/2011 12:00:00 AM,landslide,downpour,medium,0.0,Tamil Nadu,10.4497,77.5206
3760,07/11/2011 09:00:00 AM,landslide,downpour,medium,0.0,Nāgāland,25.6703,94.1095
6851,03/10/2015 04:00:00 AM,mudslide,downpour,medium,0.0,Himachal Pradesh,32.5612,76.1238
4943,06/17/2013 12:00:00 AM,landslide,downpour,medium,4.0,Uttarakhand,29.5987,79.6592
9587,10/12/2016 12:00:00 AM,landslide,downpour,medium,0.0,West Bengal,26.8692,88.4695
2443,09/18/2010 12:00:00 AM,landslide,downpour,large,24.0,Uttarakhand,29.6042,79.5343
6310,08/05/2012 11:30:00 PM,rock_fall,unknown,medium,0.0,Uttarakhand,30.4876,78.0366
2183,07/31/2010 12:00:00 AM,landslide,downpour,medium,0.0,Himachal Pradesh,31.0655,77.1325
1156,09/12/2009 12:00:00 AM,landslide,rain,medium,1.0,Kerala,8.742,76.8902
4480,08/17/2012 12:00:00 AM,landslide,downpour,medium,6.0,Kerala,10.0011,76.7416
709,08/12/2008 12:00:00 AM,landslide,rain,medium,,Karnataka,12.845,75.66
6566,08/27/2011 12:00:00 AM,landslide,downpour,medium,0.0,Kashmir,32.6188,75.3504
7139,07/07/2015 11:00:00 PM,landslide,continuous_rain,medium,1.0,West Bengal,26.8826,88.2806
5365,08/19/2013 11:00:00 PM,debris_flow,downpour,medium,,Uttarakhand,30.6293,78.3303
692,08/07/2008 12:00:00 AM,landslide,downpour,medium,,Nāgāland,25.705,94.04
3633,06/20/2011 12:00:00 AM,landslide,downpour,medium,0.0,Nāgāland,26.3186,94.5121
703,08/09/2008 12:00:00 AM,landslide,rain,medium,,Goa,15.15,74.11
7374,08/01/2015 12:00:00 AM,landslide,continuous_rain,medium,0.0,Manipur,25.1122,94.3591
2341,08/26/2010 11:00:00 PM,landslide,downpour,medium,0.0,,27.2319,88.497
3861,07/29/2011 12:00:00 AM,landslide,downpour,medium,6.0,Uttar Pradesh,27.5862,80.1306
7185,04/03/2015 12:00:00 AM,landslide,downpour,small,0.0,Himachal Pradesh,32.2934,77.1803
410,01/06/2008 12:00:00 AM,landslide,rain,medium,1.0,Kashmir,33.1517,75.5464
4446,07/05/2012 12:00:00 AM,landslide,downpour,large,,Arunachal Pradesh,28.9986,94.8885
3113,02/13/2011 11:00:00 PM,landslide,downpour,medium,0.0,Kashmir,33.577,74.1872
2098,07/19/2010 06:00:00 AM,landslide,downpour,medium,0.0,Nāgāland,26.7215,95.0283
2294,08/20/2010 12:00:00 AM,landslide,downpour,medium,0.0,Uttarakhand,30.3846,78.8371
7616,08/06/2015 12:00:00 AM,other,downpour,medium,0.0,Andaman and Nicobar Islands,11.6753,92.749
269,09/18/2007 12:00:00 AM,landslide,rain,medium,,Sikkim,27.2872,88.2816
2137,07/25/2010 12:00:00 AM,landslide,downpour,medium,0.0,Himachal Pradesh,30.5589,77.2889
2309,08/22/2010 12:00:00 AM,landslide,downpour,medium,0.0,Uttarakhand,30.4238,79.6724
2205,08/06/2010 12:00:00 AM,landslide,downpour,medium,0.0,Mizoram,23.7365,92.7146
4610,11/11/2012 12:00:00 AM,landslide,downpour,medium,4.0,Mizoram,23.7705,92.5217
8680,07/03/2016 10:00:00 PM,rock_fall,monsoon,medium,0.0,Maharashtra,19.336,73.7793
3143,02/24/2011 12:00:00 AM,landslide,downpour,medium,0.0,Kashmir,33.3307,75.1772
1769,04/20/2010 12:00:00 AM,landslide,downpour,medium,0.0,Kashmir,34.38667467,76.34149164
7011,06/25/2015 09:00:00 AM,mudslide,downpour,medium,0.0,Kashmir,34.141,74.6568
4920,06/15/2013 12:00:00 AM,landslide,downpour,medium,0.0,Himachal Pradesh,31.5168,78.0976
2378,09/03/2010 12:00:00 AM,landslide,downpour,medium,0.0,Uttarakhand,30.135,78.3896
5275,08/04/2013 12:00:00 AM,landslide,monsoon,medium,,Nāgāland,26.1498,94.6055
2440,09/17/2010 12:00:00 AM,landslide,downpour,very_large,,Uttarakhand,30.75402442,79.49970189
9468,08/07/2016 12:00:00 AM,landslide,downpour,medium,0.0,Kashmir,33.2483,75.2131
9138,07/21/2016 09:00:00 AM,landslide,rain,medium,0.0,West Bengal,26.9015,88.4719
3892,08/07/2011 12:00:00 AM,landslide,downpour,medium,0.0,Kashmir,33.0271,75.0018
1031,05/26/2009 12:00:00 AM,landslide,tropical_cyclone,medium,7.0,Bengal,26.8836,88.2791
324,10/25/2007 12:00:00 AM,landslide,rain,medium,1.0,Tamil Nādu,11.7792,78.2034
4240,03/04/2012 08:00:00 AM,landslide,unknown,medium,2.0,Uttarakhand,29.5798,80.2123
2247,08/14/2010 12:00:00 AM,landslide,downpour,medium,0.0,Nāgāland,26.148,94.8422
2176,07/30/2010 03:00:00 PM,landslide,rain,medium,0.0,Maharashtra,15.9517,73.9958
2181,07/31/2010 06:20:00 PM,landslide,downpour,medium,0.0,Maharashtra,19.1287,72.8889
6964,06/17/2015 12:00:00 AM,landslide,downpour,small,0.0,West Bengal,27.0087,88.443
1149,09/09/2009 11:00:00 PM,landslide,downpour,medium,,Himachal Pradesh,31.5494,76.9001
3927,08/16/2011 08:00:00 AM,landslide,downpour,medium,6.0,Meghālaya,25.5144,90.2167
7127,04/22/2015 04:00:00 PM,mudslide,downpour,small,0.0,Karnataka,12.8659,74.8852
2476,09/20/2010 12:00:00 AM,landslide,downpour,medium,0.0,Uttarakhand,29.3987,79.4841
7308,08/15/2015 12:00:00 AM,landslide,continuous_rain,medium,0.0,Uttarakhand,30.9111,78.6814
3890,08/07/2011 12:00:00 AM,landslide,downpour,medium,,Himachal Pradesh,31.71456806,77.02239366
2103,07/20/2010 12:00:00 AM,landslide,downpour,medium,0.0,Uttarakhand,29.9862,78.6115
4468,07/22/2012 12:00:00 AM,landslide,downpour,medium,,Kerala,11.405,76.0376
6924,03/28/2015 06:00:00 PM,landslide,downpour,medium,0.0,Kashmir,33.9548314,74.79428356
259,09/11/2007 12:00:00 AM,landslide,rain,medium,,Meghālaya,25.52,91.27
326,10/26/2007 12:00:00 AM,landslide,rain,large,,Tamil Nadu,11.4046,76.6953
6112,06/28/2014 09:00:00 AM,landslide,rain,medium,0.0,Assam,26.1964,91.7652
7174,04/03/2015 12:00:00 AM,landslide,continuous_rain,small,4.0,Kashmir,34.0886,74.0301
4974,06/24/2013 03:00:00 PM,landslide,rain,medium,0.0,Uttarakhand,30.4091,79.0579
5051,07/07/2013 12:00:00 AM,landslide,downpour,medium,,Himachal Pradesh,31.7017,76.973
2050,07/07/2010 12:00:00 AM,landslide,downpour,medium,0.0,Himachal Pradesh,31.645,78.4354
7039,07/01/2015 12:00:00 AM,landslide,downpour,medium,0.0,West Bengal,27.0678,88.456
231,09/05/2007 12:00:00 AM,landslide,rain,medium,15.0,Bengal,27.06826195,88.28121204
1901,05/25/2010 06:00:00 PM,landslide,downpour,medium,0.0,Kashmir,34.09,74.0256
2268,08/18/2010 08:30:00 AM,complex,downpour,large,18.0,Uttarakhand,30.0134,79.9261
7390,08/01/2015 12:00:00 AM,landslide,continuous_rain,medium,0.0,Manipur,24.4265,94.1913
7594,08/05/2015 12:10:00 PM,landslide,mining,medium,0.0,Goa,15.3956,74.0113
5292,08/07/2013 06:00:00 PM,landslide,monsoon,medium,0.0,Kerala,9.835,76.8661
2457,09/19/2010 12:00:00 AM,rock_fall,downpour,medium,1.0,Himachal Pradesh,31.563,77.9796
1204,10/01/2009 12:00:00 AM,landslide,downpour,medium,8.0,Maharashtra,16.656,73.5178
6197,08/16/2014 11:00:00 PM,landslide,downpour,medium,0.0,Kashmir,33.0272,74.9465
4912,06/11/2013 11:00:00 PM,landslide,downpour,medium,1.0,Himachal Pradesh,31.4898,76.7043
7036,07/01/2015 12:00:00 AM,landslide,downpour,large,42.0,West Bengal,26.8352,88.1881
1106,08/20/2009 12:00:00 AM,landslide,continuous_rain,medium,2.0,Bengal,26.8992,88.1667
2420,09/13/2010 12:00:00 AM,landslide,downpour,medium,1.0,Mizoram,23.72988966,92.71495623
264,09/13/2007 12:00:00 AM,landslide,rain,medium,,Assam,26.1833,91.8
2034,07/04/2010 12:00:00 AM,landslide,rain,medium,0.0,Bengal,26.8712,88.3052
251,09/09/2007 12:00:00 AM,landslide,rain,medium,1.0,Sikkim,27.1667,88.35
4373,05/30/2012 12:00:00 AM,landslide,downpour,large,,Rajasthan,26.876,75.8101
3670,06/29/2011 12:00:00 AM,landslide,downpour,medium,,Uttarakhand,30.67629482,79.04191791
6214,10/05/2014 05:45:00 PM,landslide,rain,medium,1.0,Meghalaya,25.9702,91.8587
2257,08/16/2010 12:00:00 AM,landslide,downpour,medium,0.0,Uttarakhand,30.7284,79.4971
5052,07/07/2013 12:00:00 AM,landslide,downpour,medium,,Himachal Pradesh,31.7093,76.9297
7329,08/18/2015 03:00:00 PM,rock_fall,rain,medium,8.0,Himachal Pradesh,32.0275,77.3446
3944,08/25/2011 12:00:00 AM,landslide,downpour,medium,2.0,,27.7344,88.633
4411,06/14/2012 04:00:00 AM,landslide,downpour,medium,,Sikkim,27.339,88.6065
7296,07/24/2015 12:00:00 AM,landslide,continuous_rain,medium,0.0,Uttarakhand,30.416,78.3415
2463,09/19/2010 12:00:00 AM,landslide,downpour,medium,0.0,Himachal Pradesh,31.1191,77.5092
252,09/09/2007 12:00:00 AM,landslide,rain,medium,,Nāgāland,25.4993,94.1192
4033,11/03/2011 12:00:00 AM,landslide,downpour,medium,0.0,Tamil Nadu,10.2445,77.5146
3578,06/07/2011 09:00:00 AM,landslide,downpour,medium,0.0,Uttarakhand,30.2414,78.908
7297,07/28/2015 12:00:00 AM,landslide,continuous_rain,small,0.0,Uttarakhand,30.7204,79.0758
6842,03/02/2015 12:00:00 AM,landslide,continuous_rain,medium,0.0,Kashmir,33.3296,75.203
7920,06/26/2016 12:00:00 AM,landslide,downpour,medium,0.0,Odisha,19.3805,84.5699
142,07/27/2007 12:00:00 AM,rock_fall,rain,large,8.0,Meghālaya,25.5212,90.232
7157,07/10/2015 12:00:00 AM,landslide,continuous_rain,medium,2.0,Kashmir,34.0404,75.3156
7384,08/01/2015 12:00:00 AM,landslide,rain,medium,0.0,Manipur,23.9278,94.0906
211,08/26/2007 12:00:00 AM,mudslide,continuous_rain,medium,1.0,Manipur,24.9667,93.55
2046,07/07/2010 12:00:00 AM,landslide,downpour,medium,0.0,Himachal Pradesh,32.3733,77.2498
2280,08/19/2010 06:00:00 PM,landslide,downpour,medium,6.0,Maharashtra,19.1935,73.0114
8864,07/07/2016 12:00:00 AM,rock_fall,mining,small,3.0,Tamil Nadu,10.0545,78.0298
4384,06/03/2012 12:00:00 AM,landslide,downpour,medium,,Assam,25.1775,93.0123
6337,09/09/2014 11:00:00 PM,landslide,unknown,large,0.0,Himachal Pradesh,31.7766,76.9832
6925,03/28/2015 12:00:00 AM,landslide,downpour,medium,0.0,Kashmir,33.0186,75.2405
5234,07/29/2013 10:30:00 AM,rock_fall,rain,medium,,Kashmir,32.9918,75.1945
7033,06/29/2015 12:00:00 AM,landslide,downpour,medium,0.0,West Bengal,27.0161,88.2478
5294,08/07/2013 12:00:00 AM,landslide,monsoon,medium,,Kerala,10.3031,76.7604
4383,06/03/2012 12:00:00 AM,landslide,downpour,medium,,Assam,25.3056,93.1265
516,05/01/2008 12:00:00 AM,complex,unknown,medium,12.0,Kashmir,33.1463,75.7454
3963,09/04/2011 12:30:00 AM,landslide,rain,small,0.0,Maharashtra,17.9031,73.4361
8892,10/31/2015 12:00:00 AM,landslide,downpour,small,0.0,Tamil Nadu,11.374,77.8987
4335,04/24/2012 12:00:00 AM,landslide,downpour,medium,,Kashmir,33.2413,75.2381
571,06/06/2008 12:00:00 AM,landslide,rain,medium,,Goa,15.3925,73.8377
6338,09/11/2014 12:00:00 AM,landslide,unknown,small,0.0,Kashmir,33.2611,75.2138
7375,08/01/2015 12:00:00 AM,landslide,continuous_rain,medium,0.0,Manipur,25.1941,94.4481
5280,08/05/2013 08:00:00 AM,landslide,monsoon,medium,2.0,Kerala,9.879,76.9683
5636,11/13/2013 11:00:00 PM,landslide,downpour,medium,0.0,Maharashtra,18.7654,73.364
2729,11/16/2010 12:00:00 AM,landslide,downpour,medium,0.0,Tamil Nadu,10.3184,77.5277
2163,07/29/2010 12:00:00 AM,landslide,downpour,medium,0.0,Nāgāland,25.4196,94.1054
6967,06/13/2015 06:30:00 AM,landslide,downpour,medium,0.0,West Bengal,27.0165,88.2476
7238,07/19/2015 12:00:00 AM,landslide,continuous_rain,small,0.0,Karnataka,14.8937,74.5828
3932,08/18/2011 12:00:00 AM,landslide,monsoon,medium,0.0,Nāgāland,25.83,94.13
9141,06/15/2016 09:00:00 AM,rock_fall,downpour,medium,2.0,Kerala,9.7967,77.0611
7302,07/28/2015 12:00:00 AM,landslide,continuous_rain,small,0.0,Rajasthan,24.5938,72.7308
7270,07/24/2015 12:00:00 AM,landslide,continuous_rain,small,0.0,Uttarakhand,29.5863,80.2186
4861,05/12/2013 12:00:00 AM,mudslide,rain,medium,,Assam,24.9926,93.4946
1093,08/16/2009 12:00:00 AM,landslide,downpour,medium,1.0,Bengal,26.88211522,88.3195318
7972,08/28/2015 01:45:00 AM,landslide,downpour,large,0.0,Mizoram,23.4495,92.8112
3831,07/22/2011 12:00:00 AM,landslide,downpour,medium,0.0,Manipur,24.7992,93.948
5584,10/06/2013 12:00:00 AM,landslide,downpour,medium,0.0,Assam,26.1665,91.7049
2364,08/30/2010 05:00:00 AM,landslide,downpour,medium,4.0,Maharashtra,19.2179,73.1694
6908,03/15/2015 12:00:00 AM,landslide,unknown,medium,0.0,Kashmir,33.0977,75.5787
3252,03/19/2011 12:00:00 AM,landslide,downpour,medium,0.0,Kashmir,33.2466,75.1611
1986,06/15/2010 12:00:00 AM,landslide,downpour,medium,0.0,Nāgāland,26.3335,94.5512
5264,08/04/2013 12:00:00 AM,mudslide,downpour,large,,Kerala,10.3228,76.4319
7387,08/01/2015 12:00:00 AM,landslide,continuous_rain,small,0.0,Manipur,24.954,94.2156
5171,07/23/2013 08:45:00 AM,rock_fall,unknown,small,2.0,Kerala,10.0533,76.4788
2573,10/09/2010 12:00:00 AM,mudslide,downpour,medium,1.0,Assam,25.1796,93.0083
7261,07/21/2015 12:00:00 AM,landslide,continuous_rain,small,0.0,Kashmir,33.616,77.7652
3859,07/29/2011 12:00:00 AM,landslide,downpour,medium,0.0,Uttarakhand,30.012,78.197
319,10/19/2007 12:00:00 AM,landslide,rain,medium,,Nāgāland,25.4379,94.1162
2056,07/11/2010 12:00:00 AM,landslide,downpour,medium,0.0,Himachal Pradesh,32.304,77.2106
313,10/16/2007 12:00:00 AM,landslide,rain,large,,Nāgāland,25.7055,94.0132
2456,09/19/2010 12:00:00 AM,landslide,downpour,medium,0.0,Uttarakhand,30.7991,79.4356
9010,07/16/2016 12:00:00 AM,mudslide,downpour,medium,1.0,Arunachal Pradesh,27.3034,93.804
2539,10/03/2010 12:00:00 AM,landslide,downpour,medium,10.0,Arunāchal Pradesh,28.3092,95.4149
1043,06/29/2009 02:30:00 AM,rock_fall,continuous_rain,medium,1.0,Maharashtra,18.7591,73.3852
6331,09/08/2014 12:00:00 AM,mudslide,unknown,medium,0.0,Nagaland,25.9466,94.6279
5485,09/08/2013 12:00:00 AM,rock_fall,rain,medium,1.0,,27.6047,88.6463
4764,02/22/2013 12:00:00 AM,landslide,snowfall_snowmelt,medium,,Kashmir,33.4372,75.2027
94,06/15/2007 12:00:00 AM,landslide,rain,medium,,Bengal,26.8096,88.526
1958,06/08/2010 09:00:00 AM,landslide,monsoon,medium,2.0,Maharashtra,19.0176,72.8562
99,06/25/2007 12:00:00 AM,landslide,rain,medium,2.0,Maharashtra,19.0298,72.9104
1498,02/10/2010 12:00:00 AM,landslide,rain,medium,0.0,Kashmir,34.151,74.1213
1768,04/20/2010 12:00:00 AM,landslide,downpour,medium,0.0,Kashmir,34.38663064,76.34158851
162,08/07/2007 12:00:00 AM,landslide,rain,medium,,Goa,15.0296,74.0253
1987,06/15/2010 12:00:00 AM,landslide,downpour,medium,0.0,Assam,25.2269,93.1658
6432,08/04/2014 11:00:00 PM,complex,downpour,medium,0.0,Haryana,30.709,76.9834
5062,07/08/2013 12:00:00 AM,mudslide,downpour,medium,2.0,Kashmir,33.3118,75.7525
5073,07/10/2013 12:00:00 AM,landslide,downpour,medium,5.0,Maharashtra,19.0222,72.8663
2043,07/06/2010 12:00:00 AM,mudslide,monsoon,medium,0.0,Nāgāland,26.7225,95.0281
7910,08/01/2015 12:00:00 AM,landslide,unknown,medium,0.0,Manipur,24.3481,94.1146
9448,08/05/2016 11:00:00 PM,rock_fall,downpour,small,1.0,Uttarakhand,29.5866,80.2154
3745,07/08/2011 12:00:00 AM,landslide,rain,medium,0.0,Himachal Pradesh,30.9209,77.0206
6775,02/14/2015 12:00:00 AM,landslide,mining,small,1.0,Assam,26.1468,91.6469
1776,04/21/2010 12:00:00 AM,landslide,downpour,medium,0.0,Meghālaya,25.3612,92.2845
6786,02/19/2015 11:00:00 PM,landslide,mining,medium,2.0,Assam,24.6108,92.562
6291,09/21/2014 12:00:00 AM,landslide,continuous_rain,large,0.0,Meghalaya,25.7354,90.3852
6213,09/24/2014 12:00:00 AM,landslide,continuous_rain,large,0.0,Meghalaya,25.8143,90.5763
2415,09/12/2010 12:00:00 AM,landslide,downpour,medium,,Nāgāland,25.63961883,94.11112157
5970,03/20/2014 12:00:00 AM,landslide,unknown,medium,0.0,Kashmir,33.2355,75.2449
9336,05/18/2016 08:00:00 AM,landslide,continuous_rain,small,1.0,Assam,24.5308,92.5121
6907,03/21/2015 12:00:00 AM,landslide,continuous_rain,medium,0.0,Kashmir,33.1754,75.8103
5233,07/29/2013 10:00:00 AM,landslide,rain,small,,Kashmir,32.9918,75.1945
1170,09/18/2009 12:00:00 AM,landslide,rain,medium,,Bengal,26.8342,88.2798
3577,06/07/2011 12:00:00 AM,landslide,downpour,medium,0.0,Uttarakhand,30.5319,79.3541
796,09/19/2008 12:00:00 AM,landslide,downpour,medium,6.0,Himachal Pradesh,30.56,77.3
7837,08/27/2015 12:00:00 AM,landslide,downpour,medium,0.0,Mizoram,23.7269,92.7265
9604,10/12/2016 12:00:00 AM,landslide,continuous_rain,medium,0.0,Sikkim,27.2676,88.2891
7267,07/22/2015 12:00:00 AM,landslide,continuous_rain,small,0.0,Manipur,25.3908,94.0926
4848,05/08/2013 12:00:00 AM,landslide,rain,medium,1.0,Tripura,24.0896,91.4663
2018,07/22/2010 02:00:00 AM,landslide,continuous_rain,medium,0.0,Maharashtra,19.17377751,72.88274367
3617,06/17/2011 11:00:00 PM,landslide,continuous_rain,medium,0.0,Bengal,26.84850975,88.26181745
2475,09/20/2010 12:00:00 AM,landslide,downpour,medium,0.0,Himachal Pradesh,31.1581,77.7155
5241,07/31/2013 08:00:00 AM,landslide,downpour,medium,,Uttarakhand,29.5952,79.6625
9122,07/20/2016 12:00:00 AM,landslide,rain,medium,0.0,Assam,26.1966,91.802
9096,12/19/2015 12:00:00 AM,landslide,downpour,medium,4.0,Andhra Pradesh,17.7345,83.2884
222,09/01/2007 12:00:00 AM,landslide,rain,medium,1.0,Maharashtra,17.2634,73.5446
3667,06/29/2011 12:00:00 AM,landslide,continuous_rain,medium,0.0,Himachal Pradesh,32.2282,77.1898
4472,08/14/2012 12:00:00 AM,landslide,downpour,medium,,Uttarakhand,30.7362,78.44
2574,10/09/2010 12:00:00 AM,landslide,downpour,medium,0.0,Assam,25.4749,93.1477
8482,07/02/2016 09:00:00 AM,rock_fall,downpour,medium,1.0,Himachal Pradesh,30.89221723,77.09003076
6282,09/22/2014 12:00:00 AM,landslide,rain,small,1.0,Assam,26.1097,91.7747
2263,08/17/2010 12:00:00 AM,landslide,downpour,medium,0.0,Nāgāland,26.2753,94.6654
3793,07/17/2011 12:30:00 AM,landslide,downpour,small,0.0,Maharashtra,15.8513,73.8161
620,06/30/2008 12:00:00 AM,landslide,downpour,medium,,Bengal,27.0771,88.482
7224,07/19/2015 12:00:00 AM,landslide,continuous_rain,medium,0.0,Uttarakhand,30.73,78.4378
4210,02/19/2012 07:00:00 AM,complex,unknown,medium,6.0,Kashmir,33.2361,75.2441
4932,06/16/2013 12:00:00 AM,landslide,downpour,medium,0.0,Himachal Pradesh,31.348,77.4614
416,01/07/2008 12:00:00 AM,landslide,rain,medium,,Kashmir,33.4341,75.1923
6289,09/22/2014 12:00:00 AM,landslide,rain,small,0.0,Assam,26.1001,91.6849
9087,07/19/2016 12:00:00 AM,landslide,downpour,medium,0.0,Arunachal Pradesh,28.235,94.9612
3885,08/06/2011 09:00:00 AM,landslide,downpour,medium,,Kerala,9.497393176,76.8696375
3620,06/17/2011 04:00:00 AM,landslide,downpour,medium,0.0,Maharashtra,17.0032,73.3572
166,08/09/2007 12:00:00 AM,landslide,rain,medium,,Karnataka,12.8733,74.8481
2279,08/19/2010 12:00:00 AM,landslide,downpour,medium,0.0,Bengal,26.9722,88.4481
8032,06/29/2016 12:00:00 AM,landslide,downpour,medium,0.0,Uttarakhand,30.3299,79.3206
717,08/15/2008 12:00:00 AM,landslide,downpour,medium,,Kashmir,33.0,74.9277
147,07/30/2007 12:00:00 AM,landslide,downpour,medium,,Mizoram,22.533,92.899
183,08/14/2007 12:00:00 AM,complex,downpour,very_large,52.0,Rajasthan,26.2208,73.6106
5650,11/17/2013 06:00:00 AM,rock_fall,downpour,medium,0.0,Andhra Pradesh,13.6529,79.3439
1030,05/26/2009 12:00:00 AM,landslide,tropical_cyclone,medium,14.0,Bengal,27.04357147,88.26522126
7294,07/24/2015 12:00:00 AM,landslide,continuous_rain,small,0.0,Uttarakhand,30.4528,78.1045
4913,06/11/2013 11:00:00 PM,landslide,rain,small,0.0,Himachal Pradesh,31.4881,76.6702
3566,06/02/2011 12:00:00 AM,landslide,downpour,medium,0.0,Kerala,10.0838,77.0696
130,07/19/2007 12:00:00 AM,landslide,rain,medium,6.0,Assam,26.1699,91.7986
