event_id,event_date,landslide_category,landslide_trigger,landslide_size,fatality_count,country_name,admin_division_name,latitude,longitude
1054,07/22/2009 12:00:00 AM,landslide,downpour,medium,0.0,India,Bengal,26.8572,88.3143
1055,07/22/2009 12:00:00 AM,landslide,downpour,medium,0.0,India,Bengal,26.8826,88.2788
1061,07/01/2009 05:40:00 AM,landslide,downpour,medium,0.0,India,,27.478,88.527
2164,07/29/2010 11:00:00 PM,landslide,downpour,medium,0.0,India,Manipur,25.3098633,94.48214677
37,03/19/2007 12:00:00 AM,landslide,rain,medium,2.0,India,Kashmir,33.8778,74.3333
3669,06/29/2011 12:00:00 AM,landslide,downpour,medium,0.0,India,Uttarakhand,30.7666,78.7963
3750,07/09/2011 12:00:00 AM,landslide,downpour,medium,0.0,India,Uttarakhand,30.7652,78.5925
3751,07/09/2011 12:00:00 AM,landslide,downpour,medium,0.0,India,Uttarakhand,30.7331,79.0685
3752,07/09/2011 12:00:00 AM,landslide,downpour,medium,0.0,India,Uttarakhand,31.0188,78.4129
3821,07/21/2011 12:00:00 AM,landslide,rain,medium,1.0,India,Uttarakhand,29.7334,79.6367
3819,07/21/2011 12:00:00 AM,landslide,rain,medium,1.0,India,Uttarakhand,30.4043,79.3318
4565,09/18/2012 12:00:00 AM,landslide,downpour,medium,,India,Himachal Pradesh,31.0226,77.1029
4569,09/19/2012 12:00:00 AM,landslide,downpour,large,20.0,India,,27.8385,88.556
4571,09/19/2012 12:00:00 AM,landslide,downpour,large,,India,,27.6558,88.605
4929,06/16/2013 12:00:00 AM,landslide,rain,medium,0.0,India,Uttarakhand,30.4954,78.3881
4930,06/16/2013 12:00:00 AM,landslide,rain,medium,0.0,India,Uttarakhand,30.885,78.6695
4931,06/16/2013 12:00:00 AM,landslide,rain,medium,0.0,India,Uttarakhand,29.7986,80.417
4982,06/25/2013 08:00:00 AM,landslide,downpour,medium,0.0,India,Tamil Nādu,10.9628,77.5947
4983,06/25/2013 08:00:00 AM,landslide,downpour,medium,0.0,India,Tamil Nādu,10.9628,77.5947
5122,07/17/2013 12:00:00 AM,mudslide,rain,medium,0.0,India,Nāgāland,25.7658,93.9413
5123,07/17/2013 12:00:00 AM,mudslide,rain,medium,0.0,India,Nāgāland,25.7131,94.0885
7176,04/02/2015 12:00:00 AM,landslide,continuous_rain,medium,0.0,India,Kashmir,34.1587,74.4725
143,07/28/2007 12:00:00 AM,landslide,rain,medium,,India,Goa,15.4014,73.8277
3659,06/27/2011 12:00:00 AM,landslide,rain,medium,0.0,India,Karnataka,12.6771,75.2565
1097,08/17/2009 06:00:00 PM,landslide,continuous_rain,medium,0.0,India,Uttarakhand,29.4085,80.1327
4928,06/16/2013 12:00:00 AM,landslide,rain,medium,0.0,India,Uttarakhand,30.4619,79.0765
4445,07/05/2012 12:00:00 AM,landslide,downpour,large,1.0,India,Uttarakhand,30.1281,78.3221
2118,07/22/2010 05:00:00 AM,landslide,downpour,medium,0.0,India,Kashmir,33.3893,75.203
2502,09/25/2010 12:00:00 AM,landslide,downpour,medium,0.0,India,Kashmir,33.241,75.2382
5635,11/13/2013 11:00:00 PM,landslide,downpour,medium,0.0,India,Kerala,8.4557,77.009
5084,07/12/2013 11:00:00 PM,landslide,downpour,medium,0.0,India,Nāgāland,25.616,94.1167
3618,06/17/2011 12:00:00 AM,landslide,downpour,medium,0.0,India,Himachal Pradesh,31.5639,77.9798
7726,08/22/2015 04:30:00 AM,landslide,downpour,medium,0.0,India,Himachal Pradesh,31.0365,77.1213
5225,07/28/2013 12:00:00 AM,mudslide,downpour,small,1.0,India,Uttarakhand,30.819,78.6149
3986,09/25/2011 12:00:00 AM,landslide,downpour,medium,0.0,India,Bengal,27.0605,88.255
2566,10/08/2010 12:00:00 AM,mudslide,downpour,medium,0.0,India,Nāgāland,25.4769,94.1351
1050,07/03/2009 12:00:00 AM,landslide,rain,medium,0.0,India,Bengal,26.87324244,88.29184021
2226,08/09/2010 06:00:00 PM,landslide,downpour,medium,1.0,India,Kashmir,33.334,75.7627
3116,02/13/2011 12:00:00 AM,landslide,rain,medium,,India,Kashmir,33.33875958,75.1921061
1988,06/15/2010 12:00:00 AM,landslide,downpour,small,0.0,India,Maharashtra,18.7624,73.3747
4139,01/12/2012 10:00:00 PM,landslide,downpour,medium,0.0,India,Kashmir,33.2407,75.2373
1109,08/20/2009 12:00:00 AM,landslide,downpour,medium,0.0,India,Assam,25.5215,93.1645
7196,07/12/2015 12:00:00 AM,landslide,continuous_rain,medium,0.0,India,Kashmir,33.2049,75.2845
3128,02/16/2011 06:00:00 PM,landslide,downpour,medium,0.0,India,Kashmir,33.2609,75.244
3777,07/15/2011 06:00:00 PM,landslide,downpour,medium,1.0,India,Himachal Pradesh,32.3491,77.2181
2206,08/06/2010 12:30:00 AM,landslide,downpour,very_large,234.0,India,Kashmir,34.1416,77.4871
1961,06/09/2010 02:15:00 PM,landslide,downpour,medium,0.0,India,Meghālaya,25.8833,91.2
595,06/20/2008 12:00:00 AM,landslide,rain,medium,,India,Bengal,26.885,88.2778
9474,08/07/2016 12:00:00 AM,landslide,continuous_rain,medium,1.0,India,Kashmir,32.6987,75.0582
9199,06/08/2016 10:00:00 PM,landslide,downpour,medium,0.0,India,Kashmir,34.2952,75.3226
2578,10/09/2010 12:00:00 AM,landslide,downpour,medium,0.0,India,Nāgāland,25.3179,94.0462
322,10/21/2007 12:00:00 AM,landslide,rain,medium,,India,Assam,24.75,93.4333
7370,08/01/2015 12:00:00 AM,landslide,continuous_rain,medium,0.0,India,Manipur,24.1419,94.1078
5552,09/24/2013 12:00:00 AM,landslide,unknown,medium,,India,Manipur,25.0985,94.3619
3707,07/03/2011 12:00:00 AM,landslide,rain,medium,0.0,India,Kashmir,34.1601,75.496
3621,06/17/2011 12:00:00 AM,mudslide,downpour,large,4.0,India,Bengal,26.88,88.28
2241,08/13/2010 12:00:00 AM,landslide,downpour,medium,,India,Uttarakhand,30.80200029,78.61786282
3562,06/01/2011 11:00:00 PM,landslide,downpour,medium,0.0,India,Kerala,9.6326,76.9792
9356,08/02/2016 10:30:00 PM,rock_fall,monsoon,medium,0.0,India,Maharashtra,19.3421,73.7735
5208,07/26/2013 12:00:00 AM,landslide,rain,medium,,India,Uttarakhand,30.2835,79.2498
5053,07/07/2013 12:00:00 AM,landslide,downpour,medium,,India,Himachal Pradesh,31.9671,76.8521
3250,03/19/2011 12:00:00 AM,landslide,downpour,medium,0.0,India,Kashmir,33.3308,75.1773
1993,06/16/2010 12:00:00 AM,landslide,downpour,medium,0.0,India,Bengal,26.8073,88.3162
6928,03/31/2015 12:00:00 AM,landslide,construction,medium,4.0,India,Uttarakhand,30.6145,79.8102
7031,05/24/2015 12:00:00 AM,landslide,unknown,medium,0.0,India,Sikkim,27.6163,88.6586
9351,03/07/2016 12:00:00 AM,landslide,unknown,medium,3.0,India,Madhya Pradesh,22.1337,78.8979
7932,06/28/2016 12:00:00 AM,landslide,downpour,small,0.0,India,Goa,15.3455,73.8976
4535,09/03/2012 12:00:00 AM,landslide,downpour,medium,,India,Maharashtra,19.0397,72.907
4514,08/24/2012 12:00:00 AM,landslide,downpour,medium,,India,Himachal Pradesh,31.709,76.9312
7084,07/06/2015 12:00:00 AM,landslide,downpour,medium,0.0,India,Uttarakhand,29.393,79.4525
4498,08/18/2012 12:00:00 AM,landslide,downpour,medium,,India,Himachal Pradesh,32.1797,77.1947
1157,09/12/2009 11:00:00 PM,landslide,downpour,small,,India,Himachal Pradesh,31.1032,77.1625
2460,09/19/2010 12:00:00 AM,landslide,downpour,medium,0.0,India,Himachal Pradesh,31.9843,77.1889
2025,06/28/2010 12:00:00 AM,landslide,downpour,medium,1.0,India,Meghālaya,25.5728,91.885
9405,04/19/2016 12:00:00 AM,landslide,continuous_rain,medium,0.0,India,Nagaland,26.7223,95.0243
6962,06/18/2015 10:00:00 PM,landslide,continuous_rain,medium,0.0,India,Goa,15.4465,73.927
1908,05/27/2010 09:45:00 AM,landslide,rain,medium,0.0,India,Kashmir,34.5628,77.6001
5343,08/17/2013 11:00:00 PM,landslide,continuous_rain,medium,,India,Assam,24.7625,93.4341
6971,06/09/2015 12:00:00 AM,landslide,continuous_rain,medium,2.0,India,Arunachal Pradesh,27.0987,93.816
57,04/11/2007 12:00:00 AM,landslide,downpour,medium,,India,,27.4459,88.6193
1611,04/01/2010 12:00:00 AM,landslide,downpour,medium,3.0,India,Assam,25.1553,93.028
3905,08/10/2011 12:00:00 AM,landslide,rain,medium,0.0,India,Uttarakhand,30.2828,78.3041
3749,07/09/2011 12:00:00 AM,landslide,downpour,medium,0.0,India,Uttarakhand,30.7412,79.4929
2015,06/25/2010 12:00:00 AM,landslide,downpour,medium,0.0,India,Maharashtra,19.069,72.8703
6189,08/03/2014 09:00:00 AM,landslide,continuous_rain,small,0.0,India,State of Odisha,19.1497,83.6299
6358,09/06/2014 12:00:00 AM,landslide,rain,medium,5.0,India,Kashmir,32.8468,75.137
4382,06/03/2012 12:00:00 AM,landslide,downpour,medium,,India,Assam,25.1175,92.8573
8367,06/30/2016 10:00:00 PM,mudslide,monsoon,large,0.0,India,Uttarakhand,29.8002,80.2565
1112,08/20/2009 12:00:00 AM,mudslide,downpour,medium,0.0,India,Sikkim,27.1761,88.5287
100,06/25/2007 12:00:00 AM,landslide,rain,medium,,India,Kerala,11.2738,75.8275
2424,09/13/2010 12:00:00 AM,landslide,downpour,medium,0.0,India,Mizoram,23.591,92.9296
9166,07/18/2016 12:00:00 AM,rock_fall,rain,medium,,India,Uttarakhand,30.7313,78.4358
2379,09/03/2010 12:00:00 AM,landslide,downpour,medium,0.0,India,Uttarakhand,30.2851,78.9829
2391,09/04/2010 12:00:00 AM,landslide,downpour,medium,0.0,India,Uttarakhand,30.8987,78.3399
78,05/23/2007 12:00:00 AM,landslide,rain,medium,,India,Sikkim,27.3383,88.6069
705,08/10/2008 12:00:00 AM,landslide,rain,medium,,India,Maharashtra,18.72,73.47
5638,11/13/2013 12:00:00 AM,landslide,downpour,medium,0.0,India,Tamil Nadu,8.1747,77.444
5097,07/14/2013 12:00:00 AM,landslide,downpour,medium,1.0,India,Himachal Pradesh,31.4711,77.6746
2136,07/25/2010 12:00:00 AM,landslide,downpour,medium,0.0,India,Himachal Pradesh,30.904,77.0969
6322,10/27/2014 09:00:00 AM,rock_fall,downpour,medium,0.0,India,Tamil Nadu,10.2379,77.6377
4504,08/21/2012 12:00:00 AM,landslide,downpour,medium,,India,Kashmir,34.6113,74.9499
5431,09/01/2013 12:00:00 AM,mudslide,continuous_rain,medium,0.0,India,Assam,24.9829,93.5063
2963,01/11/2011 12:00:00 AM,landslide,construction,medium,0.0,India,Goa,15.4838,73.8164
3672,06/29/2011 12:00:00 AM,landslide,downpour,medium,0.0,India,Assam,25.5125,93.3613
2416,09/12/2010 12:00:00 AM,landslide,downpour,medium,0.0,India,Uttarakhand,30.7333,78.4403
7262,07/21/2015 12:00:00 AM,landslide,continuous_rain,small,0.0,India,Kashmir,33.7403,77.7559
2161,07/29/2010 12:00:00 AM,landslide,downpour,medium,0.0,India,Uttarakhand,30.7467,78.4517
3997,09/30/2011 12:00:00 AM,landslide,unknown,medium,0.0,India,,27.5161,88.5575
2253,08/15/2010 11:00:00 PM,landslide,downpour,medium,0.0,India,Manipur,25.31006064,94.48265093
3764,07/12/2011 05:15:00 PM,landslide,rain,medium,0.0,India,Maharashtra,19.6699,73.5111
2210,08/06/2010 12:30:00 AM,landslide,downpour,large,0.0,India,Kashmir,34.1619,77.5528
2464,09/19/2010 12:00:00 AM,landslide,downpour,medium,0.0,India,Himachal Pradesh,30.9544,77.5063
5099,07/14/2013 12:00:00 AM,landslide,rain,medium,0.0,India,Himachal Pradesh,30.6738,77.3544
2305,08/21/2010 12:00:00 AM,landslide,downpour,medium,0.0,India,Himachal Pradesh,31.5304,77.7755
5285,08/05/2013 12:00:00 AM,landslide,monsoon,medium,1.0,India,Uttarakhand,29.5659,80.3657
1108,08/20/2009 12:00:00 AM,landslide,downpour,medium,0.0,India,Assam,24.9925,93.5
2467,09/19/2010 12:00:00 AM,landslide,downpour,medium,0.0,India,Himachal Pradesh,30.7198,77.1695
448,02/08/2008 12:00:00 AM,landslide,rain,medium,,India,Karnātaka,12.9752,77.6092
6105,06/26/2014 11:00:00 PM,landslide,continuous_rain,medium,0.0,India,Arunachal Pradesh,28.9205,95.3429
7175,04/05/2015 12:00:00 AM,landslide,continuous_rain,medium,0.0,India,Kashmir,33.9243,74.6163
9168,06/12/2016 11:00:00 PM,landslide,downpour,medium,0.0,India,Arunachal Pradesh,27.6438,93.871
554,05/28/2008 12:00:00 AM,landslide,downpour,medium,,India,Kerala,9.7327,76.8403
7021,06/27/2015 11:00:00 PM,landslide,downpour,medium,1.0,India,West Bengal,27.0076,88.251
7159,07/10/2015 12:00:00 AM,landslide,continuous_rain,medium,0.0,India,Uttarakhand,29.3908,79.4552
3560,05/31/2011 02:30:00 PM,landslide,downpour,medium,2.0,India,Manipur,24.8286,93.5935
2215,08/06/2010 01:00:00 AM,landslide,downpour,medium,0.0,India,Himachal Pradesh,32.371,77.2468
587,06/15/2008 12:00:00 AM,landslide,downpour,medium,17.0,India,Assam,27.2298,94.0989
8012,09/06/2015 03:00:00 PM,landslide,unknown,medium,0.0,India,Meghalaya,25.9703,91.8584
7062,05/14/2015 09:00:00 AM,landslide,downpour,small,0.0,India,Kashmir,33.6303,74.4838
5633,11/13/2013 04:00:00 AM,landslide,downpour,medium,0.0,India,Kerala,8.4951,76.921
2369,08/31/2010 12:00:00 AM,landslide,downpour,medium,0.0,India,Andhra Pradesh,16.5332,80.6103
7335,08/18/2015 09:00:00 AM,landslide,continuous_rain,medium,0.0,India,Meghalaya,25.5145,90.2023
7215,07/13/2015 11:00:00 PM,landslide,continuous_rain,small,1.0,India,Himachal Pradesh,32.2473,78.037
5179,07/24/2013 12:00:00 AM,landslide,downpour,medium,0.0,India,Uttarakhand,30.262,79.2191
704,08/10/2008 12:00:00 AM,landslide,downpour,medium,,India,Karnataka,12.6445,75.605
6840,02/05/2015 12:00:00 AM,landslide,unknown,medium,0.0,India,Kashmir,33.7453,74.1794
3568,06/02/2011 12:00:00 AM,landslide,downpour,medium,0.0,India,Kerala,9.8721,76.7046
6544,08/22/2014 10:30:00 PM,other,downpour,medium,0.0,India,Tamil Nadu,11.683,77.571
2014,06/25/2010 12:00:00 AM,landslide,downpour,medium,0.0,India,Maharashtra,19.153,72.9266
8962,06/18/2016 12:00:00 AM,mudslide,downpour,medium,0.0,India,Goa,15.0275,74.1623
6570,08/30/2011 12:00:00 AM,landslide,continuous_rain,medium,0.0,India,Maharashtra,17.4303,73.5097
7167,04/08/2015 12:00:00 AM,landslide,continuous_rain,small,0.0,India,Kashmir,34.6609,73.9593
141,07/26/2007 12:00:00 AM,landslide,rain,medium,,India,Meghālaya,25.38,91.88
3983,09/23/2011 12:00:00 AM,landslide,downpour,large,4.0,India,Assam,26.1548,91.7351
395,12/16/2007 12:00:00 AM,landslide,rain,medium,13.0,India,Kashmir,34.93977198,76.83270934
1487,02/08/2010 06:00:00 PM,landslide,downpour,medium,1.0,India,Kashmir,34.0876,74.0225
419,01/09/2008 12:00:00 AM,landslide,rain,medium,,India,Kashmir,33.23738085,75.24528226
148,07/30/2007 12:00:00 AM,landslide,downpour,medium,,India,Mizoram,22.479,92.967
3899,08/08/2011 12:00:00 AM,landslide,downpour,medium,0.0,India,Uttarakhand,30.2258,78.3755
2120,07/22/2010 12:00:00 AM,landslide,downpour,medium,1.0,India,Uttarakhand,29.6095,79.6628
1094,08/16/2009 09:30:00 PM,landslide,downpour,medium,1.0,India,Bengal,27.15977181,88.63411246
7156,07/09/2015 12:00:00 AM,landslide,unknown,medium,0.0,India,Tamil Nadu,10.3448,77.5666
2454,09/19/2010 06:00:00 PM,landslide,downpour,medium,2.0,India,Uttarakhand,30.9013,79.5322
7161,07/11/2015 12:00:00 AM,landslide,continuous_rain,medium,0.0,India,Uttarakhand,30.241,78.9
1775,04/21/2010 12:00:00 AM,landslide,downpour,medium,12.0,India,Arunāchal Pradesh,27.8965,96.1779
7158,07/11/2015 12:00:00 AM,landslide,continuous_rain,medium,0.0,India,Kashmir,32.9262,75.1447
3663,06/28/2011 12:00:00 AM,landslide,downpour,medium,0.0,India,Nāgāland,25.6682,94.1099
7385,08/01/2015 12:00:00 AM,landslide,continuous_rain,medium,0.0,India,Manipur,24.004,93.9815
5410,08/28/2013 06:00:00 PM,landslide,downpour,medium,0.0,India,Uttarakhand,29.9531,78.1514
3643,06/23/2011 11:30:00 PM,landslide,downpour,large,16.0,India,,27.2879,88.2579
4978,06/24/2013 12:00:00 AM,debris_flow,downpour,medium,0.0,India,Uttarakhand,30.4542,78.3911
2575,10/09/2010 12:00:00 AM,landslide,downpour,medium,0.0,India,Assam,25.5242,92.9914
6873,03/15/2015 11:00:00 PM,landslide,snowfall_snowmelt,medium,0.0,India,Kashmir,33.0809,75.2966
9478,08/07/2016 12:00:00 AM,landslide,continuous_rain,medium,0.0,India,Kashmir,32.4298,75.5807
1526,02/26/2010 11:00:00 PM,landslide,downpour,medium,2.0,India,Kashmir,33.0097,74.9402
3759,07/11/2011 12:00:00 AM,landslide,downpour,medium,0.0,India,Uttarakhand,30.506,79.1127
4523,08/29/2012 12:00:00 AM,landslide,downpour,medium,,India,Kashmir,33.775,74.0934
3840,07/25/2011 12:00:00 AM,landslide,downpour,medium,0.0,India,Manipur,24.6869,93.9157
73,05/08/2007 12:00:00 AM,landslide,rain,medium,,India,Kashmir,33.242,75.231
237,09/06/2007 12:00:00 AM,landslide,rain,large,,India,Uttarakhand,29.5833,80.2167
2594,10/12/2010 06:00:00 PM,landslide,downpour,medium,0.0,India,Kashmir,33.1847,75.8062
6015,05/08/2014 12:00:00 AM,mudslide,rain,medium,0.0,India,Arunachal Pradesh,27.9032,96.174
7123,04/26/2015 12:00:00 AM,landslide,unknown,small,0.0,India,Andhra Pradesh,16.5172,80.6024
3741,07/07/2011 12:00:00 AM,landslide,rain,medium,0.0,India,Nāgāland,25.4191,94.1079
9476,08/07/2016 12:00:00 AM,landslide,continuous_rain,medium,0.0,India,Kashmir,33.1457,75.7964
523,05/05/2008 12:00:00 AM,landslide,downpour,medium,,India,Kashmir,33.9513,74.9845
8654,07/04/2016 08:00:00 AM,landslide,unknown,small,0.0,India,Karnataka,12.8041,74.8678
4516,08/24/2012 12:00:00 AM,landslide,downpour,medium,,India,Himachal Pradesh,30.9044,77.0969
210,08/25/2007 12:00:00 AM,landslide,rain,medium,,India,Bengal,27.0713,88.4308
5098,07/14/2013 12:00:00 AM,landslide,downpour,medium,1.0,India,Himachal Pradesh,32.17,77.1788
7287,07/26/2015 12:00:00 AM,landslide,continuous_rain,small,0.0,India,Himachal Pradesh,32.5606,76.1206
2106,07/20/2010 12:00:00 AM,landslide,downpour,medium,0.0,India,Nāgāland,26.8716,94.9921
5044,07/06/2013 12:00:00 AM,landslide,downpour,medium,,India,Himachal Pradesh,31.1628,77.7241
9051,07/19/2016 09:00:00 AM,landslide,unknown,medium,0.0,India,Meghalaya,26.09748244,91.8744337
870,10/29/2008 12:00:00 AM,mudslide,downpour,medium,12.0,India,Arunāchal Pradesh,27.4,92.35
2392,09/04/2010 12:00:00 AM,landslide,downpour,medium,0.0,India,Sikkim,27.3702,88.7334
1037,06/17/2009 04:00:00 AM,mudslide,downpour,medium,0.0,India,Bengal,26.89,88.47
2293,08/20/2010 12:00:00 AM,landslide,downpour,medium,0.0,India,Uttarakhand,30.7221,78.6437
7111,04/28/2015 12:00:00 AM,landslide,continuous_rain,small,0.0,India,Uttarakhand,30.5631,79.5765
3830,07/22/2011 12:00:00 AM,landslide,downpour,small,0.0,India,Manipur,24.3527,94.3429
4906,06/07/2013 12:00:00 AM,landslide,unknown,medium,,India,Nāgāland,26.0977,94.7499
1091,08/16/2009 09:00:00 AM,landslide,downpour,medium,2.0,India,Bengal,27.02459801,88.43849551
2135,07/25/2010 12:00:00 AM,landslide,downpour,medium,0.0,India,Himachal Pradesh,32.2067,76.3641
4497,08/18/2012 12:00:00 AM,landslide,downpour,medium,,India,Himachal Pradesh,32.2278,78.071
151,08/02/2007 12:00:00 AM,mudslide,rain,medium,3.0,India,Bengal,26.8905,88.2789
7076,07/04/2015 06:00:00 PM,landslide,unknown,small,0.0,India,West Bengal,26.9282,88.4553
5023,07/04/2013 12:00:00 AM,landslide,continuous_rain,medium,,India,Uttarakhand,30.0712,80.2386
5197,07/25/2013 12:00:00 AM,landslide,continuous_rain,medium,,India,Uttarakhand,30.8203,78.6185
218,08/29/2007 12:00:00 AM,landslide,rain,medium,,India,Bengal,27.0096,88.2548
6973,06/21/2015 12:00:00 AM,landslide,continuous_rain,small,0.0,India,Maharashtra,18.7833,73.4703
5290,08/07/2013 03:30:00 AM,landslide,downpour,medium,0.0,India,Himachal Pradesh,32.2322,76.3037
2261,08/17/2010 08:00:00 AM,landslide,downpour,medium,0.0,India,Bengal,26.9435,88.4445
93,06/13/2007 12:00:00 AM,landslide,rain,small,,India,Bengal,26.7324,88.4089
7289,07/26/2015 12:00:00 AM,landslide,continuous_rain,small,0.0,India,Himachal Pradesh,31.7085,76.9297
9603,10/12/2016 12:00:00 AM,landslide,downpour,medium,0.0,India,West Bengal,26.8861,88.1704
6225,09/07/2014 12:00:00 AM,mudslide,downpour,medium,41.0,India,Kashmir,33.0677,75.1466
6462,07/30/2014 12:00:00 AM,landslide,construction,medium,0.0,India,Maharashtra,19.678,73.5036
3269,03/22/2011 12:00:00 AM,landslide,downpour,medium,0.0,India,Arunāchal Pradesh,28.0791,96.5242
715,08/14/2008 12:00:00 AM,complex,monsoon,medium,,India,Himachal Pradesh,31.0,77.12
7178,04/03/2015 12:00:00 AM,landslide,continuous_rain,small,0.0,India,Kashmir,34.0604,74.4203
6539,08/20/2014 06:00:00 PM,landslide,rain,medium,0.0,India,Gujarat,20.5349,73.1703
3820,07/21/2011 12:00:00 AM,landslide,rain,medium,1.0,India,Uttarakhand,30.1665,78.1123
7596,08/07/2015 03:30:00 AM,rock_fall,continuous_rain,small,0.0,India,Maharashtra,18.7631,73.347
1755,04/17/2010 03:00:00 PM,landslide,downpour,small,0.0,India,Sikkim,27.3341,88.6083
6990,06/24/2015 12:00:00 AM,landslide,continuous_rain,medium,0.0,India,Nagaland,26.0319,94.5466
5332,08/14/2013 12:00:00 AM,landslide,downpour,medium,,India,Kashmir,33.7705,74.0967
7678,08/11/2015 11:00:00 PM,landslide,rain,medium,0.0,India,Himachal Pradesh,32.1967,76.3194
3902,08/09/2011 12:00:00 AM,landslide,downpour,medium,0.0,India,Rajasthan,24.5958,72.7169
98,06/25/2007 12:00:00 AM,landslide,rain,medium,10.0,India,Andhra Pradesh,18.431,79.1492
3708,07/03/2011 12:00:00 AM,landslide,downpour,medium,0.0,India,Kashmir,34.1491,76.826
9002,07/16/2016 03:00:00 PM,debris_flow,downpour,medium,0.0,India,Uttarakhand,30.4554,78.0973
1995,06/16/2010 12:00:00 AM,landslide,rain,medium,3.0,India,Bengal,27.0765,88.4808
6222,10/01/2014 11:00:00 AM,landslide,unknown,small,5.0,India,Arunachal Pradesh,27.1249,93.7706
9169,06/12/2016 12:00:00 AM,landslide,continuous_rain,unknown,0.0,India,Nagaland,26.1677,94.2442
2177,07/30/2010 12:00:00 AM,landslide,downpour,medium,0.0,India,Maharashtra,15.949,73.9667
4435,06/25/2012 12:00:00 AM,landslide,downpour,large,,India,Arunāchal Pradesh,27.174,95.8011
2439,09/17/2010 09:00:00 AM,landslide,downpour,medium,0.0,India,Andhra Pradesh,16.5141,80.6055
4313,04/08/2012 12:00:00 AM,landslide,downpour,medium,0.0,India,Arunāchal Pradesh,28.4659,95.86
2165,07/29/2010 12:00:00 AM,landslide,downpour,medium,0.0,India,Karnataka,12.896,74.8735
3559,05/31/2011 06:00:00 PM,landslide,rain,medium,1.0,India,Uttarakhand,30.4783,78.2741
6341,09/11/2014 12:00:00 AM,landslide,downpour,medium,0.0,India,Uttarakhand,30.688,79.0478
2227,08/09/2010 12:00:00 AM,landslide,downpour,medium,0.0,India,Uttarakhand,30.6463,79.5306
2537,10/03/2010 12:00:00 AM,landslide,rain,medium,0.0,India,Karnataka,12.9711,76.2728
2344,08/27/2010 04:30:00 PM,landslide,downpour,medium,0.0,India,Assam,24.7505,93.4221
7263,07/22/2015 12:00:00 AM,landslide,continuous_rain,medium,0.0,India,Manipur,25.4477,94.0489
4486,08/17/2012 12:00:00 AM,landslide,downpour,medium,,India,Kerala,9.7285,76.803
5271,08/04/2013 12:00:00 AM,landslide,continuous_rain,medium,,India,Nāgāland,26.284,94.5808
3525,05/22/2011 12:00:00 AM,landslide,downpour,medium,0.0,India,Assam,25.0672,93.4093
4949,06/18/2013 03:00:00 PM,landslide,rain,medium,0.0,India,Uttarakhand,30.3797,78.5017
706,08/10/2008 12:00:00 AM,landslide,rain,medium,2.0,India,Rajasthan,25.08,75.72
7369,08/01/2015 12:00:00 AM,landslide,continuous_rain,medium,0.0,India,Manipur,24.1988,94.1016
7676,08/12/2015 09:00:00 AM,landslide,monsoon,medium,0.0,India,Himachal Pradesh,32.1764,76.3075
4936,06/17/2013 12:00:00 AM,landslide,downpour,large,13.0,India,Uttarakhand,30.6945,79.0544
3895,08/07/2011 12:00:00 AM,landslide,rain,medium,0.0,India,Himachal Pradesh,31.0766,77.3913
8860,06/17/2016 12:00:00 AM,rock_fall,monsoon,large,0.0,India,Himachal Pradesh,31.5124,78.1181
1291,11/09/2009 12:00:00 AM,landslide,downpour,medium,42.0,India,Tamil Nadu,11.4098,76.6939
4424,06/20/2012 12:00:00 AM,landslide,downpour,medium,,India,Assam,26.149,91.7351
6356,11/07/2014 12:00:00 AM,mudslide,downpour,medium,0.0,India,Kashmir,32.9411,75.0922
4198,02/15/2012 12:00:00 AM,landslide,downpour,medium,0.0,India,Kashmir,32.3682,75.5227
5180,07/24/2013 12:00:00 AM,landslide,downpour,medium,0.0,India,Maharashtra,19.1711,73.0207
5200,07/25/2013 12:00:00 AM,landslide,downpour,medium,,India,Tamil Nadu,11.3192,76.5959
5637,11/13/2013 12:00:00 AM,landslide,downpour,medium,0.0,India,Kerala,8.4863,76.9517
4892,06/01/2013 12:00:00 AM,landslide,downpour,large,,India,Arunāchal Pradesh,27.8776,94.25
2546,10/04/2010 12:00:00 AM,landslide,downpour,medium,0.0,India,Himachal Pradesh,30.9546,77.1792
8086,06/24/2016 11:00:00 PM,landslide,downpour,medium,0.0,India,Karnataka,12.8157,74.8586
4377,06/02/2012 12:00:00 AM,landslide,downpour,large,,India,Assam,26.1475,91.7356
5430,09/01/2013 12:00:00 AM,mudslide,continuous_rain,medium,0.0,India,Manipur,24.9037,93.487
7264,07/22/2015 12:00:00 AM,landslide,continuous_rain,medium,0.0,India,Manipur,25.4538,93.9827
9220,07/26/2016 11:00:00 PM,landslide,downpour,unknown,0.0,India,West Bengal,27.1027,88.1218
5006,07/01/2013 12:00:00 AM,landslide,downpour,medium,0.0,India,Nāgāland,26.1147,94.3864
3115,02/13/2011 12:00:00 AM,landslide,snowfall_snowmelt,medium,0.0,India,Kashmir,33.3037,75.1827
2468,09/19/2010 12:00:00 AM,landslide,downpour,medium,0.0,India,Himachal Pradesh,30.9035,77.0965
428,01/16/2008 12:00:00 AM,landslide,snowfall_snowmelt,medium,,India,Kashmir,33.2537,75.2006
9092,12/20/2015 09:00:00 AM,landslide,unknown,medium,4.0,India,Tamil Nadu,10.8319,78.7075
256,09/10/2007 12:00:00 AM,landslide,rain,medium,,India,Sikkim,27.3425,88.6236
9335,05/18/2016 08:00:00 AM,landslide,continuous_rain,unknown,2.0,India,Assam,24.5202,92.7239
9386,05/09/2016 12:10:00 PM,landslide,construction,small,1.0,India,Tamil Nadu,10.3316,76.9592
8233,09/16/2015 12:00:00 AM,landslide,downpour,medium,0.0,India,Odisha,19.316,83.2414
7279,07/24/2015 12:00:00 AM,mudslide,monsoon,medium,0.0,India,Manipur,24.9818,93.5142
3114,02/13/2011 12:00:00 AM,landslide,snowfall_snowmelt,medium,0.0,India,Kashmir,33.1804,75.8101
1963,06/11/2010 12:00:00 AM,landslide,downpour,medium,0.0,India,Bengal,26.944,88.4441
5278,08/05/2013 09:30:00 AM,mudslide,monsoon,medium,5.0,India,Kerala,10.0539,76.8298
3174,03/05/2011 12:00:00 AM,landslide,downpour,medium,0.0,India,Himachal Pradesh,32.0996,77.1586
9257,07/31/2016 11:00:00 AM,mudslide,downpour,medium,0.0,India,Maharashtra,19.1869,73.02
5329,08/14/2013 12:00:00 AM,landslide,downpour,medium,,India,Kashmir,32.9913,75.1915
9449,08/04/2016 12:00:00 AM,debris_flow,continuous_rain,medium,0.0,India,Uttarakhand,30.7386,79.4954
3696,07/02/2011 06:00:00 PM,landslide,rain,small,0.0,India,Karnataka,13.1819,76.1147
9258,07/31/2016 12:00:00 AM,landslide,continuous_rain,medium,0.0,India,Uttarakhand,30.9753,78.4375
5182,07/24/2013 12:00:00 AM,landslide,downpour,medium,0.0,India,Uttarakhand,30.301,79.3628
1133,09/03/2009 11:30:00 PM,mudslide,downpour,large,12.0,India,Maharashtra,19.0949,72.8899
3614,06/16/2011 12:00:00 AM,landslide,rain,medium,0.0,India,Tamil Nadu,11.2993,76.9354
6288,09/22/2014 12:00:00 AM,landslide,rain,small,0.0,India,Assam,26.1985,91.7998
5087,07/12/2013 12:00:00 AM,landslide,downpour,medium,0.0,India,Nāgāland,25.6269,94.1139
5284,08/05/2013 12:00:00 AM,landslide,monsoon,medium,1.0,India,Kerala,10.3228,76.4319
5554,09/25/2013 07:00:00 AM,rock_fall,downpour,medium,8.0,India,Maharashtra,21.6989,74.172
3917,08/13/2011 09:00:00 AM,landslide,downpour,medium,2.0,India,Himachal Pradesh,31.7077,76.9313
6933,03/30/2015 12:00:00 AM,landslide,continuous_rain,medium,0.0,India,Kashmir,33.9344,74.6566
4481,08/17/2012 12:00:00 AM,landslide,downpour,medium,4.0,India,Uttarakhand,30.6594,79.5605
2461,09/19/2010 12:00:00 AM,landslide,downpour,medium,0.0,India,Himachal Pradesh,31.4582,78.2114
5382,08/21/2013 12:00:00 AM,landslide,downpour,medium,,India,Himachal Pradesh,31.5375,77.3737
588,06/15/2008 12:00:00 AM,landslide,rain,medium,,India,Kashmir,32.5659,75.0944
6966,06/17/2015 12:00:00 AM,landslide,downpour,small,0.0,India,West Bengal,26.9974,88.4314
725,08/17/2008 12:00:00 AM,landslide,rain,medium,,India,Himachal Pradesh,31.1,77.16
6299,10/26/2014 12:00:00 AM,landslide,unknown,medium,0.0,India,Kashmir,33.1206,75.3142
9266,07/31/2016 12:00:00 AM,landslide,rain,small,0.0,India,Uttar Pradesh,25.4941,82.5725
5291,08/07/2013 08:00:00 AM,landslide,monsoon,medium,0.0,India,Kerala,10.0606,76.6331
2228,08/09/2010 12:00:00 AM,landslide,downpour,medium,0.0,India,Uttarakhand,30.6785,78.3475
2104,07/20/2010 12:00:00 AM,landslide,downpour,medium,0.0,India,Uttarakhand,29.36,80.126
5338,08/16/2013 12:00:00 AM,landslide,rain,medium,,India,Assam,26.8727,94.9275
2411,09/10/2010 12:00:00 AM,landslide,downpour,medium,0.0,India,Arunāchal Pradesh,27.0011,93.7273
6143,07/14/2014 06:00:00 PM,landslide,downpour,medium,1.0,India,Mizoram,23.7327,92.7463
3557,05/31/2011 12:00:00 AM,landslide,downpour,medium,0.0,India,Kerala,9.8012,76.9006
3609,06/14/2011 12:00:00 AM,landslide,downpour,medium,0.0,India,Karnataka,14.0354,74.6624
5994,04/15/2014 12:00:00 AM,landslide,unknown,small,1.0,India,Kashmir,34.209,74.3524
3894,08/07/2011 12:00:00 AM,landslide,downpour,medium,0.0,India,Himachal Pradesh,31.0766,77.3916
7177,04/03/2015 03:00:00 PM,landslide,continuous_rain,medium,0.0,India,Kashmir,34.0978,74.4016
5022,07/04/2013 12:00:00 AM,landslide,downpour,medium,,India,Uttarakhand,29.58,80.2214
4908,06/08/2013 05:00:00 PM,landslide,downpour,medium,0.0,India,Sikkim,27.3721,88.708
4218,02/22/2012 12:00:00 AM,landslide,downpour,medium,0.0,India,Kashmir,33.241,75.234
7221,07/19/2015 03:00:00 PM,landslide,continuous_rain,small,3.0,India,Maharashtra,18.7632,73.347
4966,06/19/2013 12:00:00 AM,landslide,rain,medium,0.0,India,Uttarakhand,29.5935,79.6805
9124,07/19/2016 12:00:00 AM,translational_slide,continuous_rain,large,0.0,India,Meghalaya,25.203,90.5573
7649,08/11/2015 12:00:00 AM,landslide,downpour,medium,0.0,India,Himachal Pradesh,31.3237,76.7622
6874,03/22/2015 11:00:00 PM,landslide,snowfall_snowmelt,medium,0.0,India,Kashmir,33.3343,75.1969
2282,08/19/2010 06:30:00 AM,landslide,downpour,medium,0.0,India,Nāgāland,26.1984,94.8158
9338,05/18/2016 08:00:00 AM,landslide,continuous_rain,medium,5.0,India,Assam,24.4638,92.4943
8227,09/15/2015 06:00:00 PM,rock_fall,downpour,medium,0.0,India,Odisha,18.7734,82.8555
7746,08/20/2015 11:00:00 PM,landslide,unknown,medium,0.0,India,Kashmir,32.6173,75.264
1210,10/02/2009 12:00:00 AM,landslide,rain,medium,,India,Karnataka,14.9935,74.0478
2421,09/13/2010 09:00:00 AM,landslide,downpour,medium,,India,Mizoram,23.75406693,92.74128531
3581,06/09/2011 12:00:00 AM,landslide,downpour,medium,1.0,India,Kashmir,33.1617,75.3278
2709,11/08/2010 07:00:00 PM,rock_fall,downpour,medium,1.0,India,Karnataka,14.7822,74.2279
2249,08/14/2010 12:00:00 AM,landslide,downpour,medium,0.0,India,Nāgāland,26.0814,94.803
8901,07/10/2016 12:00:00 AM,landslide,downpour,medium,0.0,India,Nagaland,25.7902,94.1318
2283,08/19/2010 12:00:00 AM,mudslide,downpour,medium,0.0,India,Manipur,24.8961,93.4957
4552,09/14/2012 12:00:00 AM,landslide,downpour,medium,,India,Sikkim,27.0377,88.3603
3117,02/13/2011 10:00:00 PM,landslide,downpour,medium,0.0,India,Kashmir,33.0165,74.9437
3888,08/07/2011 01:00:00 AM,landslide,downpour,medium,0.0,India,Himachal Pradesh,31.2403,77.9258
3746,07/08/2011 12:00:00 AM,landslide,downpour,medium,0.0,India,Uttarakhand,30.6509,79.5192
7168,04/07/2015 12:00:00 AM,landslide,continuous_rain,medium,0.0,India,Kashmir,34.2088,74.3279
6016,05/09/2014 11:00:00 PM,landslide,rain,small,7.0,India,Assam,24.8669,92.3576
2016,06/25/2010 12:00:00 AM,landslide,downpour,medium,0.0,India,Maharashtra,19.1095,72.8929
4551,09/14/2012 12:00:00 AM,landslide,downpour,large,9.0,India,Uttarakhand,29.841,79.7758
43,03/23/2007 12:00:00 AM,landslide,downpour,medium,10.0,India,Kashmir,33.9659,74.3313
3146,02/25/2011 12:00:00 AM,rock_fall,continuous_rain,medium,0.0,India,Himachal Pradesh,32.2338,77.1784
7780,08/26/2015 12:00:00 AM,landslide,continuous_rain,medium,1.0,India,Mizoram,23.3572,92.7878
2281,08/19/2010 06:00:00 PM,landslide,downpour,medium,,India,Nāgāland,25.61560252,94.11603493
1996,06/17/2010 07:30:00 PM,landslide,downpour,medium,0.0,India,Nāgāland,26.4333,94.8833
5533,09/16/2013 03:00:00 PM,landslide,downpour,small,1.0,India,Bengal,27.0599,88.4674
7012,06/25/2015 12:00:00 AM,landslide,downpour,medium,0.0,India,Uttarakhand,30.6838,79.0479
5282,08/05/2013 12:00:00 AM,landslide,monsoon,medium,1.0,India,Kerala,9.8957,76.9346
260,09/11/2007 12:00:00 AM,debris_flow,rain,medium,,India,,27.2084,88.4909
1213,10/03/2009 12:00:00 AM,landslide,downpour,medium,,India,Kerala,11.4816,75.9957
2291,08/20/2010 12:00:00 AM,landslide,downpour,medium,0.0,India,Uttarakhand,30.966,78.4151
6283,09/22/2014 12:00:00 AM,landslide,rain,small,0.0,India,Assam,26.1314,91.7548
6339,09/06/2014 12:00:00 AM,landslide,downpour,medium,13.0,India,Kashmir,33.5405,74.3723
5683,12/10/2013 10:30:00 AM,landslide,mining,small,0.0,India,,15.7051,74.2197
2478,09/20/2010 12:00:00 AM,landslide,downpour,medium,0.0,India,Uttarakhand,30.7332,78.4401
8930,07/11/2016 11:00:00 PM,landslide,unknown,large,0.0,India,Nagaland,26.1699,94.4922
869,10/29/2008 12:00:00 AM,landslide,downpour,medium,,India,Assam,27.2333,94.1167
285,09/29/2007 12:00:00 AM,landslide,rain,medium,,India,Mizoram,24.1293,92.6921
3662,06/28/2011 12:00:00 AM,landslide,rain,medium,,India,Manipur,25.03561729,94.0144205
7273,07/26/2015 12:00:00 AM,landslide,continuous_rain,medium,0.0,India,Uttarakhand,30.2411,78.9014
5328,08/14/2013 12:00:00 AM,landslide,downpour,medium,,India,Kashmir,33.3018,75.1793
5427,08/15/2013 12:00:00 AM,landslide,downpour,medium,,India,Nāgāland,25.3833,94.1884
2458,09/19/2010 12:00:00 AM,landslide,downpour,medium,0.0,India,Uttarakhand,30.9015,78.7756
8339,09/23/2015 12:00:00 AM,landslide,continuous_rain,medium,0.0,India,Assam,26.1666,91.7042
5360,08/18/2013 12:00:00 AM,landslide,rain,medium,,India,Uttarakhand,30.3642,79.3158
4905,06/07/2013 12:00:00 AM,landslide,unknown,medium,,India,Nāgāland,26.0977,94.7031
1072,08/08/2009 02:00:00 AM,landslide,downpour,large,15.0,India,Uttarakhand,29.5885,80.2098
2745,11/23/2010 08:00:00 AM,landslide,downpour,medium,0.0,India,Tamil Nadu,10.2462,77.582
336,10/30/2007 12:00:00 AM,landslide,rain,medium,2.0,India,Tamil Nadu,11.2777,77.1236
3896,08/07/2011 12:00:00 AM,landslide,downpour,medium,1.0,India,Kerala,9.5988,76.5289
4914,06/12/2013 10:00:00 PM,landslide,downpour,medium,0.0,India,Uttarakhand,30.7394,78.5306
9186,07/25/2016 12:30:00 PM,landslide,continuous_rain,medium,0.0,India,Manipur,25.48,94.1383
6934,03/30/2015 12:00:00 AM,landslide,continuous_rain,medium,0.0,India,Kashmir,34.0096,74.5915
3579,06/08/2011 12:00:00 AM,landslide,downpour,medium,4.0,India,Kashmir,33.1289,75.4325
5107,07/15/2013 12:00:00 AM,landslide,rain,medium,0.0,India,Nāgāland,25.6269,94.1139
7253,07/22/2015 12:00:00 AM,landslide,continuous_rain,medium,5.0,India,Assam,24.7979,92.9974
1089,08/16/2009 01:30:00 AM,landslide,downpour,medium,4.0,India,Bengal,26.7914,88.363
7310,08/15/2015 12:00:00 AM,landslide,continuous_rain,medium,0.0,India,Uttarakhand,30.9085,78.3299
3668,06/29/2011 12:00:00 AM,landslide,downpour,medium,0.0,India,Uttarakhand,29.607,79.9298
6932,03/23/2015 12:00:00 AM,landslide,continuous_rain,medium,0.0,India,Kashmir,34.0796,74.0357
4325,04/16/2012 12:00:00 AM,landslide,unknown,medium,1.0,India,Kashmir,33.1467,75.5488
5567,09/30/2013 12:00:00 AM,landslide,unknown,medium,1.0,India,Uttarakhand,30.6004,78.3154
2466,09/19/2010 12:00:00 AM,landslide,downpour,medium,0.0,India,Himachal Pradesh,30.8741,76.9576
7940,09/03/2015 12:00:00 AM,landslide,unknown,medium,1.0,India,Kashmir,33.6794,74.2525
2479,09/20/2010 12:00:00 AM,landslide,downpour,medium,0.0,India,Himachal Pradesh,31.5699,78.2844
7736,06/02/2016 02:00:00 AM,rock_fall,downpour,small,1.0,India,Andhra Pradesh,16.5145,80.6526
7040,07/01/2015 12:00:00 AM,landslide,downpour,medium,1.0,India,West Bengal,26.9978,88.167
1212,10/03/2009 12:00:00 AM,landslide,downpour,medium,,India,Kerala,11.4477,75.8289
6782,09/28/2011 12:00:00 AM,landslide,rain,medium,0.0,India,West Bengal,26.8545,88.3372
6891,03/15/2015 12:00:00 AM,landslide,continuous_rain,small,0.0,India,Kashmir,34.1327,74.5594
594,06/19/2008 12:00:00 AM,mudslide,monsoon,medium,,India,Manipur,24.9336,93.8275
3674,06/29/2011 12:00:00 AM,landslide,downpour,large,10.0,India,Uttarakhand,30.0667,79.0193
5337,08/16/2013 12:00:00 AM,landslide,rain,medium,,India,Nāgāland,26.4205,94.9731
6186,07/30/2014 09:00:00 AM,mudslide,continuous_rain,large,151.0,India,Maharashtra,19.162,73.6873
3881,08/05/2011 12:00:00 AM,landslide,downpour,medium,0.0,India,Arunāchal Pradesh,27.1034,93.6885
3925,08/15/2011 12:00:00 AM,landslide,downpour,medium,0.0,India,Arunāchal Pradesh,27.4888,93.0153
5187,07/25/2013 01:30:00 AM,rock_fall,downpour,small,2.0,India,Maharashtra,19.3379,73.7767
6867,03/15/2015 06:00:00 PM,landslide,continuous_rain,small,1.0,India,Kashmir,33.8911,74.9781
2654,10/27/2010 06:00:00 PM,landslide,downpour,medium,2.0,India,Kerala,9.8678,76.7705
7383,08/01/2015 12:00:00 AM,landslide,rain,medium,0.0,India,Manipur,23.899,94.1434
2209,08/06/2010 12:30:00 AM,landslide,downpour,large,0.0,India,Kashmir,34.208,77.5101
568,06/03/2008 12:00:00 AM,landslide,rain,medium,,India,Himachal Pradesh,31.2077,77.193
5864,02/12/2014 12:00:00 AM,landslide,snowfall_snowmelt,large,0.0,India,Himachal Pradesh,31.8246,77.4702
8900,07/07/2016 12:00:00 AM,landslide,monsoon,large,0.0,India,Manipur,25.0118,94.3136
9447,08/05/2016 12:00:00 AM,landslide,downpour,medium,5.0,India,Kashmir,33.0068,74.9455
4757,02/18/2013 12:00:00 AM,landslide,rain,medium,3.0,India,Arunāchal Pradesh,28.1193,95.1645
2427,09/13/2010 11:00:00 PM,landslide,downpour,medium,0.0,India,Himachal Pradesh,32.3109,77.2195
7666,08/11/2015 12:00:00 AM,landslide,continuous_rain,medium,0.0,India,Manipur,25.1019,93.3729
2492,09/23/2010 12:00:00 AM,landslide,downpour,medium,,India,Kashmir,33.27140108,75.17707406
6931,03/23/2015 12:00:00 AM,landslide,continuous_rain,large,0.0,India,Kashmir,33.7099,74.7959
8287,09/21/2015 12:00:00 AM,landslide,downpour,medium,1.0,India,Maharashtra,19.4662,72.8276
7284,07/27/2015 12:00:00 AM,landslide,downpour,small,0.0,India,Kashmir,33.2706,75.7702
4981,06/25/2013 08:00:00 AM,landslide,downpour,medium,0.0,India,Tamil Nadu,10.9628,77.5947
3813,07/20/2011 12:00:00 AM,landslide,rain,small,0.0,India,Bengal,27.1141,88.4658
2113,07/21/2010 08:00:00 AM,landslide,downpour,medium,0.0,India,Sikkim,27.3773,88.559
2045,07/06/2010 12:00:00 AM,mudslide,monsoon,medium,0.0,India,Nāgāland,26.2363,94.8133
7701,08/19/2015 03:00:00 PM,landslide,continuous_rain,medium,0.0,India,Nagaland,25.6278,94.1051
2470,09/19/2010 12:00:00 AM,landslide,downpour,medium,0.0,India,Uttarakhand,30.4326,78.0767
215,08/28/2007 12:00:00 AM,landslide,rain,medium,1.0,India,Nāgāland,25.7428,93.9136
3757,07/10/2011 12:00:00 AM,landslide,downpour,medium,0.0,India,Uttarakhand,30.7333,78.4399
2422,09/13/2010 12:00:00 AM,landslide,downpour,medium,,India,Mizoram,23.74182634,92.7141905
6513,08/14/2014 11:00:00 PM,mudslide,downpour,medium,3.0,India,Tripura,23.0137,91.7174
940,12/20/2008 12:00:00 AM,landslide,rain,medium,,India,Kashmir,33.245,75.247
6374,11/06/2014 06:00:00 PM,landslide,unknown,medium,0.0,India,Kashmir,33.1261,75.4481
4990,06/27/2013 11:00:00 PM,landslide,downpour,medium,0.0,India,Sikkim,27.3765,88.7628
4277,03/19/2012 11:00:00 PM,rock_fall,rain,medium,1.0,India,Kashmir,34.6507,74.7362
3886,08/06/2011 12:00:00 AM,landslide,downpour,medium,0.0,India,Kerala,9.4237,76.9371
2248,08/14/2010 12:00:00 AM,landslide,downpour,medium,0.0,India,Nāgāland,26.222,94.9152
5268,08/04/2013 12:00:00 AM,landslide,continuous_rain,medium,,India,Nāgāland,26.0137,94.5163
6014,05/07/2014 05:30:00 PM,landslide,rain,small,0.0,India,Maharashtra,18.5158,73.1822
6340,09/11/2014 12:00:00 AM,landslide,continuous_rain,medium,0.0,India,Rajasthan,24.1965,73.703
6106,06/26/2014 11:00:00 PM,landslide,continuous_rain,small,3.0,India,Assam,26.1407,91.7645
3965,09/06/2011 08:00:00 AM,landslide,rain,medium,3.0,India,Assam,24.808,93.117
858,10/22/2008 12:00:00 AM,landslide,downpour,medium,2.0,India,Kashmir,33.6549,74.6326
9328,05/20/2016 01:10:00 AM,landslide,unknown,small,0.0,India,Tamil Nadu,8.2117,77.312
6460,08/09/2014 08:00:00 AM,rock_fall,unknown,medium,0.0,India,Bihar,24.544,85.3492
8935,07/12/2016 12:00:00 AM,landslide,monsoon,small,0.0,India,Goa,15.6019,73.8093
3900,08/08/2011 12:00:00 AM,landslide,downpour,medium,0.0,India,Uttarakhand,30.6521,79.5566
1111,08/20/2009 12:00:00 AM,landslide,downpour,medium,0.0,India,Bengal,27.1344,88.4575
7035,06/30/2015 12:00:00 AM,landslide,downpour,medium,3.0,India,West Bengal,25.4243,88.2746
6969,06/16/2015 06:15:00 AM,landslide,downpour,medium,4.0,India,Meghalaya,25.5114,90.215
2044,07/06/2010 12:00:00 AM,mudslide,monsoon,medium,0.0,India,Nāgāland,25.8877,94.7861
2587,10/10/2010 06:00:00 AM,landslide,downpour,medium,0.0,India,Nāgāland,25.6623,94.1072
8684,07/07/2016 12:00:00 AM,landslide,continuous_rain,medium,2.0,India,Assam,25.9611,91.3681
5263,08/04/2013 11:00:00 PM,landslide,monsoon,medium,2.0,India,Kerala,9.9995,77.0309
6949,06/22/2015 03:30:00 AM,landslide,downpour,medium,12.0,India,Maharashtra,17.5861,73.1742
1596,03/27/2010 08:00:00 PM,mudslide,downpour,medium,0.0,India,Manipur,24.7339,93.9161
5320,08/13/2013 08:00:00 AM,landslide,downpour,medium,2.0,India,Uttarakhand,30.6014,78.3449
4482,08/17/2012 03:30:00 PM,landslide,downpour,large,4.0,India,Kerala,10.0604,76.635
5130,07/18/2013 12:00:00 AM,debris_flow,downpour,small,0.0,India,Uttarakhand,30.7314,78.4347
1771,04/20/2010 12:00:00 AM,landslide,downpour,medium,0.0,India,Assam,26.1978,91.7665
710,08/12/2008 11:00:00 PM,landslide,downpour,large,,India,Karnataka,13.986,75.452
3141,02/23/2011 12:00:00 AM,landslide,downpour,medium,0.0,India,Uttarakhand,30.4749,79.2293
3913,08/12/2011 12:00:00 AM,landslide,rain,medium,0.0,India,Uttarakhand,29.9121,78.1723
6968,06/13/2015 12:00:00 AM,landslide,continuous_rain,medium,4.0,India,Meghalaya,25.463,92.2121
7373,08/01/2015 12:00:00 AM,landslide,continuous_rain,medium,,India,Manipur,24.9111,94.4759
3893,08/07/2011 12:00:00 AM,landslide,downpour,medium,0.0,India,Goa,15.7067,73.9551
4570,09/19/2012 12:00:00 AM,landslide,downpour,medium,,India,Arunāchal Pradesh,27.8458,95.2253
443,02/03/2008 12:00:00 AM,landslide,downpour,medium,,India,Kashmir,33.33280503,75.21320384
5399,08/25/2013 03:00:00 PM,rock_fall,other,small,0.0,India,Andhra Pradesh,18.2807,83.0394
2260,08/17/2010 01:00:00 PM,landslide,downpour,medium,1.0,India,Maharashtra,19.0997,72.8974
1935,06/03/2010 12:00:00 AM,landslide,downpour,medium,0.0,India,Tripura,23.8986,91.7599
2480,09/20/2010 12:00:00 AM,landslide,downpour,medium,0.0,India,Himachal Pradesh,31.944,77.1179
6371,09/03/2014 12:00:00 AM,landslide,downpour,medium,5.0,India,Kashmir,33.1253,74.8288
9477,08/07/2016 12:00:00 AM,landslide,continuous_rain,medium,0.0,India,Kashmir,33.0716,74.839
6022,05/12/2014 12:00:00 AM,landslide,rain,small,0.0,India,Kashmir,34.0893,74.0241
2577,10/09/2010 12:00:00 AM,landslide,downpour,medium,0.0,India,Nāgāland,25.5265,93.8673
4975,06/24/2013 10:00:00 PM,landslide,downpour,medium,0.0,India,Uttarakhand,30.2524,78.9228
2397,09/06/2010 12:00:00 AM,landslide,downpour,medium,0.0,India,Himachal Pradesh,32.0987,77.1495
8944,11/14/2015 12:00:00 AM,landslide,rain,medium,0.0,India,Tamil Nadu,12.9746,80.2119
3678,06/30/2011 12:00:00 AM,landslide,downpour,medium,0.0,India,Uttarakhand,30.15,78.7753
7172,04/03/2015 12:00:00 AM,landslide,continuous_rain,medium,4.0,India,Kashmir,33.1445,75.5469
7276,07/25/2015 09:00:00 AM,landslide,continuous_rain,medium,2.0,India,Assam,26.1062,91.8717
2390,09/04/2010 12:00:00 AM,landslide,downpour,medium,0.0,India,Uttarakhand,30.796,78.623
7364,07/31/2015 09:00:00 AM,landslide,continuous_rain,medium,0.0,India,Manipur,24.819,94.3551
2017,06/25/2010 12:00:00 AM,landslide,downpour,medium,,India,Karnataka,12.89163444,74.88548779
9264,07/31/2016 11:00:00 PM,landslide,rain,medium,0.0,India,Himachal Pradesh,31.6865,77.1043
2139,07/25/2010 12:00:00 AM,landslide,downpour,medium,0.0,India,Himachal Pradesh,31.1054,77.1727
3558,05/31/2011 12:00:00 AM,landslide,rain,medium,0.0,India,Uttarakhand,30.9206,78.3276
2576,10/09/2010 12:00:00 AM,landslide,downpour,medium,0.0,India,Nāgāland,25.4788,94.1399
7598,08/06/2015 12:00:00 AM,landslide,unknown,medium,0.0,India,Kashmir,33.1078,74.7756
3763,07/12/2011 12:00:00 AM,landslide,downpour,small,,India,Himachal Pradesh,31.10587659,77.17798485
9037,12/07/2015 12:00:00 AM,rock_fall,unknown,medium,0.0,India,Himachal Pradesh,31.6817,77.1209
3907,08/11/2011 12:00:00 AM,landslide,downpour,medium,0.0,India,Kashmir,32.7327,74.8556
1102,08/19/2009 08:30:00 PM,landslide,downpour,medium,2.0,India,,27.2644,88.1365
6872,03/15/2015 12:00:00 AM,mudslide,rain,medium,1.0,India,Kashmir,33.7732,74.1011
9630,10/04/2016 12:00:00 AM,rock_fall,unknown,medium,0.0,India,Uttarakhand,29.8521,80.553
1056,07/22/2009 12:00:00 AM,landslide,downpour,medium,0.0,India,Bengal,27.04,88.264
6293,10/20/2014 12:00:00 AM,landslide,rain,medium,6.0,India,Meghalaya,25.5006,90.0896
5183,07/24/2013 12:00:00 AM,landslide,downpour,medium,0.0,India,Uttarakhand,30.3056,79.3286
2444,09/18/2010 12:00:00 AM,landslide,downpour,medium,4.0,India,Uttarakhand,29.2484,79.5371
4858,05/11/2013 09:00:00 AM,landslide,rain,medium,,India,Assam,26.1662,91.7138
3610,06/14/2011 08:00:00 AM,landslide,downpour,medium,0.0,India,Goa,15.5935,73.9434
5269,08/04/2013 12:00:00 AM,landslide,continuous_rain,medium,,India,Nāgāland,25.8376,94.5234
5270,08/04/2013 12:00:00 AM,landslide,continuous_rain,medium,,India,Nāgāland,26.0481,94.4619
8682,06/05/2016 11:00:00 PM,rock_fall,downpour,medium,0.0,India,Bihar,24.6997,85.6285
6284,09/22/2014 12:00:00 AM,landslide,rain,small,0.0,India,Assam,26.1324,91.8342
157,08/06/2007 12:00:00 AM,landslide,rain,medium,,India,Kashmir,33.2451,75.2257
2465,09/19/2010 12:00:00 AM,landslide,downpour,medium,0.0,India,Himachal Pradesh,31.4161,77.4153
2798,12/09/2010 11:00:00 PM,landslide,downpour,medium,0.0,India,Tamil Nadu,8.3295,77.1963
2202,08/05/2010 08:00:00 AM,landslide,downpour,medium,5.0,India,Uttarakhand,30.4068,79.3351
6369,09/04/2014 12:00:00 AM,rock_fall,downpour,small,0.0,India,Kashmir,33.0086,74.9426
6146,07/15/2014 12:00:00 AM,landslide,rain,small,0.0,India,West Bengal,27.059,88.4694
4394,06/07/2012 04:30:00 AM,landslide,rain,large,7.0,India,Sikkim,27.1748,88.6458
5017,07/03/2013 02:00:00 AM,landslide,downpour,medium,0.0,India,,15.4123,74.2664
9251,07/28/2016 11:00:00 PM,landslide,downpour,medium,0.0,India,Nagaland,25.8702,94.7844
7699,08/19/2015 12:00:00 AM,landslide,continuous_rain,medium,0.0,India,Nagaland,26.0214,94.5224
3660,06/27/2011 12:00:00 AM,landslide,downpour,large,0.0,India,Karnataka,12.9141,74.856
5224,07/28/2013 12:00:00 AM,mudslide,downpour,small,1.0,India,Uttarakhand,29.9964,80.201
7664,08/11/2015 12:00:00 AM,landslide,continuous_rain,medium,0.0,India,Manipur,24.7459,93.4251
6871,03/15/2015 06:00:00 PM,mudslide,snowfall_snowmelt,medium,1.0,India,Kashmir,33.6846,74.2453
1088,08/16/2009 02:00:00 AM,landslide,downpour,medium,5.0,India,Bengal,26.8867642,88.28044714
8866,10/25/2015 12:00:00 AM,landslide,downpour,medium,0.0,India,Kashmir,33.3041,75.1982
6948,06/22/2015 12:00:00 AM,rock_fall,monsoon,small,0.0,India,Maharashtra,18.7686,73.3678
7589,08/19/2015 12:00:00 AM,landslide,rain,medium,0.0,India,Meghalaya,25.2568,92.3825
6264,10/12/2014 12:00:00 AM,landslide,tropical_cyclone,large,0.0,India,Odisha,19.2046,84.1917
7027,06/25/2015 12:00:00 AM,landslide,downpour,medium,0.0,India,Kashmir,34.6056,76.0539
7887,08/16/2015 12:00:00 AM,landslide,continuous_rain,medium,0.0,India,Arunachal Pradesh,27.8835,96.9262
7226,07/18/2015 12:00:00 AM,landslide,monsoon,medium,0.0,India,Himachal Pradesh,32.2239,76.3226
9404,05/01/2016 12:00:00 AM,landslide,downpour,medium,0.0,India,Arunachal Pradesh,28.0822,96.5316
1289,11/08/2009 12:00:00 AM,landslide,downpour,medium,1.0,India,Tamil Nadu,10.3018,77.1711
6287,09/22/2014 12:00:00 AM,landslide,rain,small,0.0,India,Assam,26.1295,91.7056
7367,08/08/2014 12:00:00 AM,landslide,unknown,medium,0.0,India,Himachal Pradesh,32.2237,76.3369
2296,08/20/2010 12:00:00 AM,complex,downpour,medium,0.0,India,Sikkim,27.167,88.3652
4933,06/16/2013 12:00:00 AM,landslide,downpour,medium,4.0,India,Himachal Pradesh,31.5986,78.4384
8221,09/16/2015 12:00:00 AM,landslide,downpour,medium,0.0,India,Odisha,18.7828,82.7935
9120,12/24/2015 10:00:00 AM,landslide,construction,small,1.0,India,NCT,28.5746,77.2791
3374,04/17/2011 12:00:00 AM,landslide,downpour,medium,0.0,India,Kashmir,34.1802,74.2718
2229,08/09/2010 12:00:00 AM,landslide,downpour,medium,0.0,India,Uttarakhand,30.5151,78.3684
2339,08/26/2010 08:00:00 AM,landslide,downpour,medium,0.0,India,Uttarakhand,30.365,78.0641
149,07/30/2007 12:00:00 AM,landslide,downpour,medium,,India,Uttarakhand,30.557,79.56
2590,10/11/2010 12:00:00 AM,landslide,downpour,medium,0.0,India,Andhra Pradesh,16.5141,80.6058
5273,08/04/2013 12:00:00 AM,landslide,monsoon,medium,,India,Nāgāland,26.1807,94.5497
4946,06/17/2013 12:00:00 AM,landslide,downpour,medium,5.0,India,Himachal Pradesh,31.6223,78.0193
1125,08/26/2009 12:00:00 AM,landslide,rain,medium,,India,Sikkim,27.3746,88.7648
6538,08/20/2014 11:00:00 PM,landslide,unknown,medium,2.0,India,Himachal Pradesh,31.5216,78.1346
131,07/20/2007 12:00:00 AM,landslide,downpour,medium,,India,Kerala,11.855,75.361
4658,12/11/2012 12:00:00 AM,mudslide,rain,medium,,India,Kashmir,32.9522,75.1533
2304,08/21/2010 06:00:00 PM,landslide,downpour,medium,0.0,India,Nāgāland,25.5718,94.1211
8995,07/14/2016 12:00:00 AM,landslide,monsoon,small,1.0,India,Assam,26.1963,91.8074
6827,03/05/2015 12:00:00 AM,landslide,continuous_rain,medium,0.0,India,Kashmir,34.2092,74.321
2455,09/19/2010 12:00:00 AM,landslide,downpour,medium,0.0,India,Uttarakhand,30.1035,78.4265
1134,09/03/2009 12:00:00 AM,landslide,rain,medium,,India,Himachal Pradesh,32.351,77.2234
2567,10/08/2010 12:00:00 AM,complex,downpour,medium,0.0,India,Manipur,25.6633,94.4703
6250,10/12/2014 06:00:00 PM,debris_flow,tropical_cyclone,medium,5.0,India,Andhra Pradesh,18.3297,82.9565
241,09/07/2007 12:00:00 AM,landslide,rain,large,,India,,27.201,88.4883
9318,05/23/2016 01:00:00 AM,rock_fall,rain,small,10.0,India,Uttarakhand,30.7007,77.8644
6631,01/05/2015 09:00:00 AM,other,unknown,small,0.0,India,Uttar Pradesh,28.6363,77.3957
2432,09/15/2010 12:00:00 AM,landslide,downpour,medium,0.0,India,Himachal Pradesh,31.4135,77.895
3127,02/16/2011 06:00:00 PM,landslide,downpour,medium,0.0,India,Kashmir,33.3308,75.1774
4485,08/17/2012 12:00:00 AM,landslide,downpour,medium,,India,Kerala,9.7268,76.8081
6530,08/17/2014 06:00:00 PM,landslide,downpour,medium,0.0,India,Kashmir,34.5382,74.2493
5088,07/12/2013 12:00:00 AM,mudslide,downpour,medium,6.0,India,Uttarakhand,29.3802,79.4633
3794,07/17/2011 12:00:00 AM,landslide,rain,medium,,India,Sikkim,26.99195749,88.42280921
481,03/17/2008 12:00:00 AM,landslide,snowfall_snowmelt,medium,25.0,India,Himachal Pradesh,32.2862,77.1613
5196,07/25/2013 12:00:00 AM,landslide,continuous_rain,medium,,India,Uttarakhand,30.8928,78.48
3616,06/17/2011 12:00:00 AM,landslide,rain,medium,0.0,India,Goa,15.5931,73.8119
2340,08/26/2010 12:00:00 AM,landslide,downpour,medium,0.0,India,Himachal Pradesh,32.7029,75.9568
8472,07/02/2016 08:00:00 AM,landslide,unknown,medium,0.0,India,Kashmir,33.6296,74.5264
2469,09/19/2010 12:00:00 AM,landslide,downpour,medium,0.0,India,Himachal Pradesh,30.9009,77.4668
7312,08/15/2015 07:30:00 AM,rock_fall,monsoon,small,0.0,India,Maharashtra,18.7631,73.3471
5043,07/06/2013 12:00:00 AM,landslide,downpour,small,,India,Himachal Pradesh,31.9906,76.7907
8921,11/07/2015 12:00:00 AM,rock_fall,unknown,small,0.0,India,Tamil Nadu,11.3432,76.8285
5384,08/22/2013 11:00:00 AM,landslide,continuous_rain,medium,0.0,India,Maharashtra,19.0402,72.9089
5086,07/12/2013 12:00:00 AM,landslide,rain,medium,6.0,India,Uttarakhand,29.3802,79.4633
5215,07/27/2013 12:00:00 AM,landslide,rain,medium,,India,Uttarakhand,30.4521,78.754
9465,08/07/2016 12:00:00 AM,landslide,continuous_rain,medium,2.0,India,Kashmir,32.9834,75.6953
5283,08/05/2013 12:00:00 AM,landslide,monsoon,medium,1.0,India,Kerala,9.8539,76.9468
5359,08/18/2013 12:00:00 AM,landslide,rain,medium,,India,Uttarakhand,30.742,78.4543
6285,09/22/2014 12:00:00 AM,landslide,rain,small,0.0,India,Assam,26.159,91.8178
868,10/29/2008 12:00:00 AM,landslide,downpour,medium,7.0,India,Assam,26.3333,91.25
6294,09/06/2014 12:00:00 AM,landslide,continuous_rain,medium,3.0,India,Kashmir,33.3551,74.5128
5005,07/01/2013 12:00:00 AM,landslide,downpour,medium,0.0,India,Nāgāland,26.72,95.029
3860,07/29/2011 12:00:00 AM,landslide,rain,medium,0.0,India,Nāgāland,25.4192,94.108
2134,07/25/2010 12:00:00 AM,landslide,downpour,medium,,India,Maharashtra,16.94054188,73.46485294
9584,10/11/2016 03:30:00 AM,landslide,downpour,medium,0.0,India,Karnataka,14.8009,74.118
5476,09/07/2013 03:00:00 PM,landslide,rain,medium,0.0,India,Sikkim,27.3736,88.7323
1032,05/26/2009 12:00:00 AM,landslide,tropical_cyclone,medium,6.0,India,Bengal,27.0095,88.2592
1127,08/27/2009 12:00:00 AM,landslide,downpour,medium,,India,Assam,25.1718,93.123
221,08/31/2007 12:00:00 AM,landslide,rain,medium,,India,Bengal,22.6461,88.3403
2112,07/21/2010 08:00:00 AM,landslide,downpour,medium,0.0,India,,27.5509,88.6475
4917,06/12/2013 12:00:00 AM,landslide,downpour,medium,0.0,India,Himachal Pradesh,32.5552,76.1249
4984,06/25/2013 12:00:00 AM,landslide,downpour,small,0.0,India,Tamil Nadu,11.4991,76.4949
1107,08/20/2009 12:00:00 AM,landslide,continuous_rain,medium,1.0,India,Bengal,27.0736,88.4779
2201,08/05/2010 12:00:00 AM,landslide,downpour,medium,0.0,India,Bengal,27.0366,88.263
4927,06/16/2013 12:00:00 AM,landslide,rain,medium,0.0,India,Himachal Pradesh,30.5728,77.6521
653,07/18/2008 12:00:00 AM,landslide,rain,medium,14.0,India,Uttarakhand,29.33,80.1
2132,07/24/2010 09:00:00 AM,mudslide,downpour,medium,,India,Maharashtra,16.93911427,73.4745894
7614,08/08/2015 12:00:00 AM,landslide,downpour,medium,3.0,India,Himachal Pradesh,31.8028,76.757
1959,06/08/2010 12:00:00 AM,landslide,monsoon,medium,0.0,India,Maharashtra,19.1646,72.9325
3671,06/29/2011 12:00:00 AM,landslide,downpour,medium,,India,Uttarakhand,30.81507336,78.2242533
5603,10/13/2013 07:30:00 PM,mudslide,downpour,medium,0.0,India,Manipur,25.426,94.6024
7251,07/21/2015 12:00:00 AM,landslide,continuous_rain,medium,0.0,India,Kashmir,34.2689,75.1495
5050,07/07/2013 12:00:00 AM,mudslide,rain,medium,,India,Himachal Pradesh,31.703,76.936
2042,07/06/2010 12:00:00 AM,mudslide,monsoon,medium,0.0,India,Nāgāland,26.0093,94.5238
5442,09/02/2013 12:00:00 AM,landslide,downpour,large,,India,Arunāchal Pradesh,27.1614,93.7525
7913,06/26/2016 12:00:00 AM,rock_fall,rain,small,1.0,India,Maharashtra,18.241,73.4469
7933,09/01/2015 12:00:00 AM,rock_fall,rain,medium,2.0,India,Assam,26.1868,91.6739
3637,06/21/2011 12:00:00 AM,landslide,rain,medium,,India,Nāgāland,25.51614662,94.2341227
5177,07/23/2013 12:00:00 AM,landslide,downpour,medium,0.0,India,Uttarakhand,30.2902,79.151
2111,07/21/2010 12:00:00 AM,landslide,downpour,medium,0.0,India,Karnataka,12.8277,75.0772
2003,06/19/2010 08:00:00 AM,landslide,downpour,medium,8.0,India,Maharashtra,17.8975,73.2961
5181,07/24/2013 12:00:00 AM,landslide,downpour,medium,,India,Uttarakhand,30.2733,79.233
8163,06/23/2016 09:00:00 AM,rock_fall,downpour,medium,0.0,India,Goa,15.3739,73.8911
7288,07/26/2015 12:00:00 AM,landslide,continuous_rain,small,0.0,India,Himachal Pradesh,31.9563,77.1135
4823,04/26/2013 12:00:00 AM,mudslide,rain,medium,1.0,India,Kashmir,34.2946,75.4832
6965,06/17/2015 12:00:00 AM,landslide,downpour,small,0.0,India,West Bengal,27.0257,88.4301
4140,01/13/2012 08:00:00 AM,landslide,downpour,medium,0.0,India,Kashmir,33.4209,75.2045
6167,07/20/2014 12:00:00 AM,landslide,continuous_rain,small,3.0,India,Uttarakhand,30.6326,78.9953
9314,05/22/2016 03:00:00 PM,rock_fall,rain,small,10.0,India,Uttarakhand,30.306,78.0648
5277,08/05/2013 05:30:00 AM,mudslide,monsoon,small,0.0,India,Kerala,10.0539,76.8294
5361,08/18/2013 12:00:00 AM,landslide,unknown,medium,,India,Himachal Pradesh,31.0826,78.066
4393,06/07/2012 12:00:00 AM,landslide,downpour,large,7.0,India,,27.7565,88.632
9017,07/17/2016 12:00:00 AM,landslide,downpour,medium,4.0,India,Uttarakhand,30.1642,78.2936
5293,08/07/2013 12:00:00 AM,landslide,unknown,small,,India,Kashmir,32.9913,75.1915
2310,08/22/2010 12:00:00 AM,complex,downpour,medium,1.0,India,Haryana,30.4084,77.0666
3837,07/24/2011 12:30:00 PM,landslide,downpour,medium,0.0,India,Assam,26.5836,93.0038
220,08/31/2007 12:00:00 AM,landslide,rain,medium,,India,Manipur,25.1333,93.9667
5565,09/30/2013 12:00:00 AM,landslide,unknown,medium,0.0,India,Goa,15.7156,73.8049
6036,05/22/2014 09:00:00 AM,landslide,downpour,small,0.0,India,Goa,15.4951,73.8288
711,08/12/2008 12:00:00 AM,mudslide,rain,small,,India,Karnataka,14.229,74.8122
7372,07/31/2015 11:00:00 PM,mudslide,continuous_rain,medium,0.0,India,Manipur,25.0634,94.3415
2292,08/20/2010 12:00:00 AM,landslide,downpour,medium,0.0,India,Uttarakhand,30.8183,78.6186
6510,08/15/2014 12:00:00 AM,debris_flow,rain,medium,14.0,India,Uttarakhand,30.1176,78.7472
2570,10/08/2010 12:00:00 AM,landslide,downpour,medium,0.0,India,Manipur,24.837,93.9128
2676,10/31/2010 12:00:00 AM,landslide,downpour,medium,0.0,India,Andhra Pradesh,18.2733,83.0645
126,07/16/2007 12:00:00 AM,mudslide,rain,medium,,India,Sikkim,27.1499,88.38
1168,09/17/2009 12:00:00 AM,landslide,rain,medium,,India,Sikkim,27.1954,88.6115
3806,07/19/2011 12:00:00 AM,landslide,downpour,medium,3.0,India,Arunāchal Pradesh,27.1032,93.6884
2262,08/17/2010 12:00:00 AM,landslide,downpour,medium,10.0,India,Maharashtra,19.1993,73.0109
2214,08/06/2010 12:00:00 AM,landslide,downpour,medium,0.0,India,Bengal,27.0375,88.2627
5199,07/25/2013 12:00:00 AM,landslide,continuous_rain,medium,0.0,India,Uttarakhand,30.7866,78.6171
2026,06/28/2010 12:00:00 AM,landslide,downpour,medium,0.0,India,Meghālaya,25.4916,91.2698
2380,09/03/2010 12:00:00 AM,landslide,downpour,medium,0.0,India,Uttarakhand,30.4008,79.0278
3943,08/23/2011 12:00:00 AM,landslide,downpour,medium,5.0,India,,27.13862165,88.22551799
35,03/12/2007 12:00:00 AM,landslide,rain,medium,2.0,India,Kashmir,34.0935,74.9112
3567,06/02/2011 12:00:00 AM,landslide,downpour,medium,0.0,India,Tamil Nadu,9.5207,77.0198
714,08/14/2008 12:00:00 AM,landslide,rain,medium,,India,Assam,27.163,94.0
5184,07/24/2013 12:00:00 AM,landslide,downpour,medium,0.0,India,Uttarakhand,30.9058,78.0906
6110,06/27/2014 12:00:00 AM,landslide,rain,small,3.0,India,Assam,26.1619,91.7697
4559,09/17/2012 12:00:00 AM,landslide,downpour,medium,,India,Kashmir,33.9639,74.9597
247,09/08/2007 12:00:00 AM,landslide,rain,medium,,India,Manipur,25.0604,93.9877
5598,10/11/2013 03:00:00 PM,landslide,downpour,medium,3.0,India,Himachal Pradesh,32.3665,77.0857
5129,07/18/2013 12:00:00 AM,landslide,downpour,medium,0.0,India,Uttarakhand,30.4043,79.3308
2445,09/18/2010 12:00:00 AM,landslide,downpour,medium,0.0,India,Uttarakhand,30.1454,78.6007
5309,08/10/2013 10:00:00 AM,landslide,downpour,medium,7.0,India,Orissa,21.786,83.8847
3789,07/16/2011 12:00:00 AM,landslide,downpour,medium,0.0,India,Arunāchal Pradesh,27.2743,92.9064
9618,10/15/2016 12:00:00 AM,rock_fall,downpour,small,0.0,India,West Bengal,26.9343,88.4486
2022,06/27/2010 11:00:00 PM,landslide,downpour,medium,0.0,India,Karnataka,12.89307458,74.88567317
798,09/19/2008 12:00:00 AM,landslide,downpour,medium,,India,Himachal Pradesh,31.587,78.315
2645,10/21/2010 11:00:00 PM,landslide,downpour,medium,3.0,India,Kashmir,34.0887,74.0227
6783,07/19/2012 12:00:00 AM,landslide,monsoon,medium,0.0,India,West Bengal,26.8546,88.3373
4483,08/17/2012 04:00:00 PM,landslide,downpour,medium,2.0,India,Kerala,10.007,76.7105
545,05/20/2008 12:00:00 AM,mudslide,mining,medium,5.0,India,Assam,24.9849,92.8411
4501,08/20/2012 12:00:00 AM,landslide,downpour,medium,1.0,India,Kashmir,33.0829,74.8333
3884,08/06/2011 10:00:00 PM,landslide,continuous_rain,medium,,India,Himachal Pradesh,31.69137979,77.13222306
7265,07/22/2015 12:00:00 AM,landslide,continuous_rain,medium,0.0,India,Manipur,25.5007,93.9854
2051,07/07/2010 12:00:00 AM,landslide,downpour,medium,0.0,India,Himachal Pradesh,31.1011,77.1793
4407,06/13/2012 12:00:00 AM,landslide,downpour,medium,,India,Assam,25.0951,92.3567
6084,06/22/2014 03:00:00 AM,landslide,rain,medium,0.0,India,Kerala,9.9983,76.7329
2436,09/16/2010 03:00:00 AM,landslide,downpour,medium,0.0,India,Mizoram,24.3069,93.125
7727,08/20/2015 06:00:00 PM,landslide,continuous_rain,medium,0.0,India,Nagaland,25.6263,94.1057
7160,07/11/2015 12:00:00 AM,landslide,continuous_rain,medium,0.0,India,Uttarakhand,30.3799,78.4862
2049,07/07/2010 12:00:00 AM,landslide,downpour,medium,0.0,India,Himachal Pradesh,31.5041,77.9521
7305,08/01/2015 03:15:00 PM,rock_fall,continuous_rain,medium,0.0,India,Maharashtra,18.7687,73.3679
1946,06/05/2010 12:00:00 AM,landslide,downpour,medium,0.0,India,Kashmir,34.0901,74.0256
7334,08/18/2015 12:00:00 AM,landslide,unknown,medium,1.0,India,Arunachal Pradesh,28.1737,94.7596
492,04/05/2008 12:00:00 AM,landslide,rain,medium,,India,Kashmir,33.9337,74.9985
6200,08/17/2014 12:00:00 AM,landslide,downpour,large,0.0,India,Arunachal Pradesh,27.0869,93.6086
212,08/26/2007 12:00:00 AM,complex,rain,medium,,India,Meghālaya,25.5576,91.8506
4090,12/10/2011 12:00:00 AM,landslide,downpour,medium,0.0,India,Uttarakhand,29.913,79.3532
1092,08/16/2009 09:00:00 AM,landslide,downpour,medium,1.0,India,Bengal,26.74452462,88.40011959
9617,10/15/2016 12:00:00 AM,landslide,unknown,medium,0.0,India,West Bengal,26.888,88.2796
1172,09/19/2009 12:00:00 AM,landslide,downpour,medium,,India,Kerala,11.2695,76.2227
9415,08/03/2016 09:00:00 AM,landslide,downpour,medium,0.0,India,Maharashtra,18.3978,73.5086
7778,08/26/2015 12:00:00 AM,mudslide,continuous_rain,medium,0.0,India,Mizoram,23.8447,93.0514
3914,08/12/2011 12:00:00 AM,landslide,rain,large,11.0,India,Uttarakhand,28.8665,79.5682
2213,08/06/2010 12:30:00 AM,mudslide,downpour,very_large,0.0,India,Kashmir,34.1114,77.5874
5940,03/10/2014 12:00:00 AM,landslide,snowfall_snowmelt,medium,0.0,India,Kashmir,33.2359,75.2439
6263,09/26/2014 12:00:00 AM,landslide,continuous_rain,medium,0.0,India,Kashmir,33.0365,74.4889
6290,09/23/2014 03:00:00 AM,landslide,continuous_rain,small,8.0,India,Meghalaya,25.5772,91.8666
4019,10/17/2011 12:00:00 AM,landslide,downpour,medium,1.0,India,Kerala,9.9903,76.7898
2145,07/26/2010 12:00:00 AM,landslide,downpour,medium,,India,Maharashtra,16.94057232,73.46476377
4408,06/13/2012 12:00:00 AM,landslide,downpour,medium,,India,Meghālaya,25.5498,92.0757
1110,08/20/2009 08:30:00 PM,landslide,continuous_rain,medium,,India,Bengal,26.88405686,88.28087032
4403,06/10/2012 12:00:00 AM,landslide,downpour,very_large,,India,Manipur,24.8142,93.5444
5429,09/01/2013 06:00:00 PM,landslide,downpour,medium,5.0,India,Sikkim,27.3425,88.2426
8922,11/07/2015 12:00:00 AM,rock_fall,unknown,small,0.0,India,Tamil Nadu,11.3237,76.9101
2459,09/19/2010 12:00:00 AM,landslide,downpour,medium,0.0,India,Uttarakhand,29.5477,79.3211
2091,07/17/2010 12:00:00 AM,landslide,downpour,medium,0.0,India,Himachal Pradesh,30.6358,77.5435
2140,07/25/2010 12:00:00 AM,landslide,downpour,medium,0.0,India,Assam,25.0477,92.801
2243,08/13/2010 12:00:00 AM,landslide,downpour,medium,0.0,India,Nāgāland,25.70223725,94.04619681
9074,07/20/2016 12:00:00 AM,landslide,downpour,large,3.0,India,West Bengal,27.1176,88.1069
4515,08/24/2012 12:00:00 AM,landslide,downpour,medium,,India,Himachal Pradesh,30.7395,77.2847
6292,09/23/2014 12:00:00 AM,landslide,continuous_rain,small,1.0,India,Assam,25.7238,89.9032
4202,02/16/2012 12:00:00 AM,landslide,downpour,medium,2.0,India,Himachal Pradesh,32.5655,76.1201
6804,02/26/2015 12:00:00 AM,landslide,unknown,medium,2.0,India,Kashmir,33.3376,75.1922
9142,06/14/2016 08:00:00 AM,landslide,continuous_rain,medium,0.0,India,Nagaland,26.3185,94.5247
7994,09/07/2015 12:00:00 AM,landslide,unknown,medium,2.0,India,Tamil Nadu,11.81,78.2253
4916,06/12/2013 12:00:00 AM,landslide,downpour,medium,0.0,India,Himachal Pradesh,32.2108,76.2833
6107,06/26/2014 11:00:00 PM,landslide,continuous_rain,small,1.0,India,Assam,26.1844,91.7896
6569,08/28/2011 12:00:00 AM,landslide,continuous_rain,medium,2.0,India,Maharashtra,19.1355,72.9981
7026,05/30/2015 12:00:00 AM,landslide,rain,small,0.0,India,Kashmir,34.2607,75.4446
5943,03/11/2014 12:00:00 AM,landslide,continuous_rain,large,0.0,India,Kashmir,34.0823,74.056
4926,06/16/2013 12:00:00 AM,landslide,rain,medium,0.0,India,Himachal Pradesh,30.6738,77.3544
7295,07/24/2015 12:00:00 AM,landslide,continuous_rain,small,0.0,India,Uttarakhand,30.4517,78.1443
255,09/10/2007 12:00:00 AM,landslide,rain,medium,,India,Manipur,24.2451,94.0691
6567,08/27/2011 12:00:00 AM,landslide,downpour,medium,0.0,India,Kashmir,32.5764,75.8466
4423,06/20/2012 05:45:00 PM,landslide,downpour,large,3.0,India,Maharashtra,20.855,77.7274
2211,08/06/2010 12:30:00 AM,landslide,downpour,large,0.0,India,Kashmir,34.3061,77.3265
4447,07/05/2012 12:00:00 AM,landslide,downpour,medium,,India,Himachal Pradesh,31.1066,77.209
7660,08/12/2015 12:00:00 AM,mudslide,continuous_rain,medium,0.0,India,Nagaland,25.6237,94.1136
1475,02/06/2010 12:00:00 AM,landslide,downpour,medium,,India,Kashmir,33.1595,75.8011
7037,07/01/2015 12:00:00 AM,landslide,downpour,medium,0.0,India,West Bengal,26.8811,88.2779
102,06/25/2007 12:00:00 AM,landslide,rain,medium,,India,Andhra Pradesh,15.8294,78.0501
6188,08/02/2014 09:00:00 AM,landslide,continuous_rain,small,0.0,India,Kerala,9.9431,76.3738
1884,05/20/2010 11:00:00 PM,landslide,tropical_cyclone,medium,4.0,India,Andhra Pradesh,16.5121,80.6296
4556,09/16/2012 12:00:00 AM,landslide,downpour,medium,,India,Sikkim,27.1675,88.3651
8744,06/21/2016 12:00:00 AM,landslide,downpour,medium,0.0,India,Kashmir,32.99,75.1892
4487,08/17/2012 12:00:00 AM,landslide,downpour,medium,,India,Uttarakhand,30.6179,78.3233
3251,03/19/2011 12:00:00 AM,landslide,downpour,medium,,India,Kashmir,33.3390327,75.1916877
697,08/08/2008 12:00:00 AM,landslide,rain,medium,,India,Himachal Pradesh,31.13,77.09
3611,06/14/2011 12:00:00 AM,landslide,downpour,medium,0.0,India,Himachal Pradesh,32.3709,77.2466
7389,08/01/2015 12:00:00 AM,landslide,continuous_rain,medium,0.0,India,Manipur,24.4072,94.0644
5068,07/10/2013 04:30:00 AM,landslide,rain,medium,7.0,India,Uttarakhand,30.3629,79.2143
2437,09/16/2010 12:00:00 AM,landslide,downpour,medium,0.0,India,Mizoram,23.7527,92.694
2648,10/22/2010 12:00:00 AM,landslide,downpour,medium,1.0,India,Kashmir,33.0107,74.9397
4924,06/16/2013 07:30:00 PM,debris_flow,downpour,very_large,5000.0,India,Uttarakhand,30.7351,79.0666
731,08/19/2008 12:00:00 AM,mudslide,downpour,medium,4.0,India,Nāgāland,26.138,94.25
2234,08/11/2010 05:00:00 AM,landslide,downpour,medium,0.0,India,Himachal Pradesh,31.958,77.1104
6237,10/09/2014 12:00:00 AM,debris_flow,flooding,medium,0.0,India,Kerala,10.9654,76.5516
7371,08/01/2015 12:00:00 AM,landslide,continuous_rain,medium,0.0,India,Manipur,23.9939,94.0573
7923,09/01/2015 12:00:00 AM,landslide,rain,medium,2.0,India,Assam,26.49349035,91.72137514
8893,10/31/2015 12:00:00 AM,landslide,downpour,small,0.0,India,Tamil Nadu,11.3742,77.899
9020,07/17/2016 09:00:00 AM,mudslide,downpour,medium,0.0,India,Uttarakhand,29.9551,78.1677
4557,09/16/2012 12:00:00 AM,landslide,downpour,medium,,India,Kashmir,33.303,77.8876
3839,07/25/2011 08:00:00 AM,landslide,downpour,medium,0.0,India,Himachal Pradesh,32.1896,77.187
4489,08/17/2012 12:00:00 AM,landslide,downpour,medium,,India,Tamil Nadu,9.8232,77.1498
760,08/29/2008 12:00:00 AM,complex,downpour,medium,,India,Nāgāland,25.67,94.1066
258,09/11/2007 12:00:00 AM,landslide,rain,medium,3.0,India,Manipur,24.4279,94.0564
2368,08/31/2010 09:00:00 AM,landslide,downpour,medium,0.0,India,Andhra Pradesh,16.5157,80.6525
1153,09/10/2009 12:00:00 AM,landslide,downpour,medium,,India,Himachal Pradesh,31.8833,78.6167
5281,08/05/2013 12:00:00 AM,landslide,unknown,medium,0.0,India,Kerala,10.0486,76.7606
1384,01/03/2010 02:00:00 AM,landslide,downpour,medium,0.0,India,Kashmir,33.0289,74.9489
2212,08/06/2010 12:30:00 AM,landslide,downpour,large,0.0,India,Kashmir,34.1482,77.5971
4590,10/21/2012 09:00:00 AM,landslide,rain,medium,,India,Tamil Nadu,11.338,76.8806
2182,07/31/2010 09:00:00 AM,landslide,rain,medium,0.0,India,Manipur,24.9356,93.8443
2462,09/19/2010 12:00:00 AM,landslide,downpour,medium,0.0,India,Himachal Pradesh,30.9086,77.1103
3632,06/20/2011 08:30:00 PM,landslide,rain,medium,0.0,India,Bengal,27.0638,88.4659
4947,06/18/2013 10:30:00 AM,landslide,continuous_rain,medium,3.0,India,Maharashtra,19.0811,73.0226
9507,10/03/2016 11:00:00 AM,landslide,construction,medium,0.0,India,Himachal Pradesh,30.8974,77.0588
4979,06/25/2013 10:15:00 AM,mudslide,monsoon,medium,0.0,India,Maharashtra,16.9214,73.593
2048,07/07/2010 12:00:00 AM,landslide,downpour,medium,0.0,India,Himachal Pradesh,32.6598,76.853
7311,08/15/2015 12:00:00 AM,landslide,continuous_rain,medium,0.0,India,Uttarakhand,30.6494,79.5269
5013,07/02/2013 11:00:00 PM,landslide,downpour,medium,0.0,India,Himachal Pradesh,31.0722,77.1402
5331,08/14/2013 12:00:00 AM,landslide,downpour,medium,,India,Kashmir,33.0498,74.6264
1954,06/07/2010 12:00:00 AM,landslide,rain,medium,0.0,India,Manipur,24.7543,93.5039
3951,08/29/2011 12:30:00 PM,landslide,downpour,medium,1.0,India,Maharashtra,18.9774,72.8102
2198,08/04/2010 12:00:00 AM,landslide,downpour,medium,0.0,India,Himachal Pradesh,32.7571,77.4138
7636,08/09/2015 01:00:00 PM,landslide,downpour,medium,0.0,India,Kashmir,33.3852,74.2562
942,12/21/2008 12:00:00 AM,rock_fall,unknown,medium,1.0,India,Himachal Pradesh,30.895,77.089
6963,06/19/2015 12:00:00 AM,landslide,rain,medium,0.0,India,Mizoram,23.7131,92.7362
797,09/19/2008 12:00:00 AM,landslide,downpour,large,38.0,India,Himachal Pradesh,31.1,77.1645
5336,08/16/2013 12:00:00 AM,landslide,rain,medium,,India,Nāgāland,26.3897,94.9439
5214,07/27/2013 12:00:00 AM,landslide,mining,medium,,India,Himachal Pradesh,31.8931,78.63
5024,07/04/2013 12:00:00 AM,landslide,continuous_rain,medium,,India,Uttarakhand,30.1719,80.8576
2119,07/22/2010 12:00:00 AM,landslide,downpour,medium,0.0,India,Maharashtra,16.5676,73.6608
2267,08/18/2010 04:30:00 AM,landslide,downpour,medium,0.0,India,Maharashtra,17.0661,73.5027
7286,07/26/2015 12:00:00 AM,landslide,continuous_rain,small,0.0,India,Himachal Pradesh,31.1003,77.1751
7704,08/20/2015 12:00:00 AM,landslide,unknown,medium,0.0,India,Kashmir,32.6175,75.6157
7590,08/19/2015 12:00:00 AM,landslide,rain,small,0.0,India,Meghalaya,25.1416,92.3807
7391,08/01/2015 12:00:00 AM,rock_fall,continuous_rain,medium,0.0,India,Uttarakhand,31.0358,78.8578
7227,07/19/2015 03:00:00 PM,rock_fall,monsoon,small,1.0,India,Uttarakhand,30.0705,80.2364
1222,10/05/2009 12:00:00 AM,landslide,downpour,medium,3.0,India,Mizoram,23.73478778,92.72124394
8222,06/22/2016 12:00:00 PM,mudslide,downpour,medium,1.0,India,Assam,26.1961,91.7825
7706,08/19/2015 12:00:00 AM,landslide,rain,medium,0.0,India,Meghalaya,25.0728,92.3636
3756,07/10/2011 12:00:00 AM,landslide,downpour,medium,0.0,India,Himachal Pradesh,31.7099,76.933
9215,01/14/2016 05:15:00 AM,rock_fall,unknown,medium,1.0,India,West Bengal,27.1758,88.5294
7195,07/12/2015 12:00:00 AM,landslide,continuous_rain,small,1.0,India,Kashmir,33.2504,75.2102
4528,09/01/2012 04:30:00 AM,landslide,downpour,medium,,India,Goa,15.3826,73.9239
2246,08/14/2010 12:00:00 AM,landslide,downpour,medium,2.0,India,Himachal Pradesh,30.9012,77.0958
6024,05/14/2014 12:00:00 AM,landslide,rain,small,2.0,India,Kashmir,33.2394,75.2405
9620,10/15/2016 12:00:00 AM,landslide,downpour,medium,0.0,India,Sikkim,27.172,88.5292
4396,06/08/2012 12:00:00 AM,landslide,downpour,medium,,India,Kashmir,34.1534,77.5768
7248,07/18/2015 05:30:00 PM,mudslide,continuous_rain,medium,0.0,India,Jharkhand,24.0406,84.0696
4550,09/14/2012 08:00:00 AM,landslide,downpour,very_large,19.0,India,Uttarakhand,30.2853,78.9829
3376,04/17/2011 12:00:00 AM,landslide,downpour,medium,5.0,India,Kashmir,33.1488,75.5526
9490,08/29/2016 11:00:00 PM,rock_fall,continuous_rain,medium,0.0,India,Himachal Pradesh,31.5728,77.8561
6011,05/04/2014 12:00:00 AM,landslide,rain,small,0.0,India,Tamil Nadu,11.3403,76.8267
7275,07/24/2015 12:00:00 AM,landslide,continuous_rain,medium,0.0,India,Kashmir,34.258,75.4189
5611,10/18/2013 09:00:00 AM,landslide,rain,medium,0.0,India,Uttarakhand,30.5345,79.0853
5244,08/01/2013 08:00:00 PM,landslide,downpour,medium,,India,Kashmir,34.4332,76.2851
2338,08/26/2010 09:00:00 AM,complex,downpour,medium,0.0,India,Andhra Pradesh,16.5141,80.6053
8224,09/14/2015 01:30:00 AM,landslide,downpour,medium,0.0,India,Mizoram,23.7313,92.7187
2495,09/24/2010 01:00:00 AM,landslide,downpour,medium,0.0,India,Kerala,9.8988,76.3902
614,06/29/2008 12:00:00 AM,landslide,unknown,medium,,India,Bengal,26.89,88.28
2414,09/11/2010 04:00:00 PM,landslide,downpour,medium,0.0,India,Haryana,30.7059,76.9844
540,05/18/2008 12:00:00 AM,landslide,mining,medium,5.0,India,Orissa,19.5178,83.1809
9380,04/04/2016 12:00:00 AM,landslide,continuous_rain,small,0.0,India,Kashmir,34.4002,74.2798
242,09/07/2007 12:00:00 AM,landslide,rain,medium,,India,Bengal,26.8833,88.2833
5240,07/31/2013 08:00:00 AM,landslide,downpour,medium,4.0,India,Uttarakhand,30.3822,78.0949
6889,03/15/2015 12:00:00 AM,landslide,continuous_rain,medium,0.0,India,Kashmir,34.0786,74.3836
3889,08/07/2011 07:00:00 AM,landslide,downpour,medium,0.0,India,Himachal Pradesh,31.7083,76.9316
6525,08/18/2014 12:00:00 AM,landslide,downpour,medium,0.0,India,Uttarakhand,30.9936,78.4594
1209,10/02/2009 12:00:00 AM,landslide,downpour,medium,,India,Karnataka,14.7395,74.2566
5189,07/25/2013 05:00:00 AM,rock_fall,downpour,medium,,India,Maharashtra,19.3379,73.7767
4241,03/04/2012 12:00:00 AM,landslide,unknown,medium,0.0,India,Manipur,25.1604,93.6795
609,06/25/2008 12:00:00 AM,landslide,downpour,medium,,India,Tamil Nadu,11.41,76.69
5054,07/07/2013 12:00:00 AM,landslide,downpour,small,,India,Himachal Pradesh,31.7018,76.9424
755,08/28/2008 12:00:00 AM,landslide,downpour,medium,,India,Sikkim,27.337,88.609
1756,04/17/2010 12:00:00 AM,landslide,downpour,small,0.0,India,Sikkim,27.322,88.6087
1930,05/31/2010 12:00:00 AM,landslide,downpour,medium,0.0,India,Arunāchal Pradesh,28.4298,95.8776
8745,06/21/2016 09:00:00 AM,landslide,downpour,small,0.0,India,Maharashtra,19.19,73.009
9334,05/18/2016 08:00:00 AM,landslide,continuous_rain,unknown,2.0,India,Assam,24.5204,92.7264
8237,07/01/2016 12:00:00 AM,landslide,downpour,large,5.0,India,Arunachal Pradesh,27.0136,92.6351
3747,07/08/2011 12:00:00 AM,landslide,rain,medium,0.0,India,Himachal Pradesh,32.3237,77.1935
5323,08/13/2013 12:00:00 AM,landslide,downpour,medium,,India,Kashmir,34.2601,75.4466
6972,06/12/2015 11:15:00 AM,landslide,downpour,small,0.0,India,Maharashtra,19.1209,72.8406
4385,06/03/2012 12:00:00 AM,landslide,downpour,medium,,India,,27.7167,88.5577
4950,06/18/2013 08:00:00 AM,landslide,rain,medium,4.0,India,Karnataka,12.8446,75.2476
3565,06/02/2011 12:00:00 AM,landslide,downpour,medium,0.0,India,Kerala,9.8306,76.9408
585,06/14/2008 12:00:00 AM,landslide,rain,large,21.0,India,Arunāchal Pradesh,27.0998,93.6287
2041,07/06/2010 12:00:00 AM,landslide,downpour,medium,0.0,India,Uttarakhand,30.2485,78.8847
6286,09/22/2014 12:00:00 AM,landslide,rain,small,0.0,India,Assam,26.1044,91.7082
6174,07/22/2014 05:30:00 AM,landslide,rain,small,0.0,India,Kashmir,33.2395,75.2406
4859,05/11/2013 12:00:00 AM,landslide,rain,medium,,India,Assam,26.1771,91.7599
6307,10/12/2014 12:00:00 AM,landslide,tropical_cyclone,medium,0.0,India,Odisha,19.1008,84.0502
2536,10/03/2010 07:00:00 PM,landslide,unknown,medium,0.0,India,Karnataka,12.7796,75.5844
7613,08/08/2015 12:00:00 AM,landslide,downpour,medium,0.0,India,Kashmir,32.9961,75.1994
4436,06/25/2012 12:00:00 AM,landslide,downpour,medium,,India,Arunāchal Pradesh,26.9986,95.4993
3916,08/13/2011 08:00:00 AM,mudslide,downpour,medium,0.0,India,Assam,25.7713,93.8067
7034,06/30/2015 12:00:00 AM,landslide,downpour,medium,1.0,India,West Bengal,27.0875,88.6556
150,07/30/2007 12:00:00 AM,landslide,downpour,medium,,India,Uttarakhand,30.4,79.349
5377,08/19/2013 12:00:00 AM,landslide,tropical_cyclone,medium,2.0,India,Kashmir,34.0942,74.0226
7628,08/09/2015 12:00:00 AM,rock_fall,rain,small,0.0,India,Himachal Pradesh,31.6916,76.5102
5250,08/01/2013 12:00:00 AM,mudslide,rain,medium,,India,Arunachal Pradesh,27.8837,93.0515
173,08/11/2007 12:00:00 AM,landslide,rain,medium,,India,Uttarakhand,30.0702,78.3027
3805,07/19/2011 12:00:00 AM,landslide,rain,medium,0.0,India,Sikkim,27.05374234,88.42572376
2471,09/19/2010 12:00:00 AM,landslide,downpour,medium,0.0,India,Uttarakhand,29.7911,80.058
7171,03/30/2015 12:00:00 AM,landslide,continuous_rain,medium,16.0,India,Kashmir,33.9445,74.799
2488,09/22/2010 12:00:00 AM,landslide,downpour,medium,0.0,India,Himachal Pradesh,31.0215,77.1038
3666,06/29/2011 12:00:00 AM,landslide,continuous_rain,medium,0.0,India,Himachal Pradesh,32.4318,77.2147
9144,12/29/2015 12:00:00 AM,complex,construction,medium,0.0,India,Himachal Pradesh,31.46626719,76.86927482
8988,12/07/2015 12:00:00 AM,landslide,rain,medium,0.0,India,Tamil Nadu,10.2288,77.4767
3738,07/06/2011 12:00:00 AM,landslide,downpour,medium,6.0,India,Manipur,24.8063,93.9482
240,09/07/2007 12:00:00 AM,landslide,rain,medium,8.0,India,Goa,15.5063,73.8362
3629,06/19/2011 12:00:00 AM,landslide,downpour,medium,0.0,India,Goa,15.2932,74.1447
804,09/22/2008 12:00:00 AM,landslide,rain,medium,,India,Haryana,30.7,77.08
3891,08/07/2011 12:00:00 AM,landslide,downpour,medium,0.0,India,Kashmir,33.4406,75.1996
2426,09/13/2010 12:00:00 AM,landslide,downpour,medium,0.0,India,Mizoram,22.7176,92.8416
1084,08/12/2009 12:00:00 AM,landslide,downpour,medium,0.0,India,Arunāchal Pradesh,27.7,92.8
7266,07/22/2015 12:00:00 AM,landslide,continuous_rain,medium,0.0,India,Manipur,25.5098,93.8794
7292,07/27/2015 09:30:00 AM,mudslide,mining,small,2.0,India,Kerala,11.8348,75.4856
101,06/25/2007 12:00:00 AM,landslide,monsoon,large,4.0,India,Kerala,11.7095,76.074
1129,08/30/2009 12:00:00 AM,landslide,downpour,medium,,India,Manipur,24.8628,94.4182
2453,09/19/2010 06:00:00 PM,landslide,downpour,medium,0.0,India,Uttarakhand,29.6131,79.494
4536,09/04/2012 09:00:00 AM,landslide,downpour,medium,,India,Maharashtra,19.6241,72.9084
2166,07/29/2010 12:00:00 AM,landslide,downpour,medium,0.0,India,Assam,24.9786,93.5027
213,08/26/2007 12:00:00 AM,landslide,rain,medium,,India,Assam,25.2946,92.8339
5327,08/14/2013 12:00:00 AM,landslide,downpour,medium,,India,Kashmir,33.4431,75.1915
7274,07/25/2015 12:00:00 AM,landslide,downpour,small,0.0,India,Goa,15.3904,73.8182
5252,08/02/2013 04:30:00 AM,landslide,continuous_rain,medium,0.0,India,Kashmir,32.5282,75.1199
1871,05/17/2010 12:00:00 AM,landslide,downpour,medium,0.0,India,Kashmir,34.3951,75.6233
9178,07/23/2016 11:00:00 PM,rock_fall,downpour,medium,0.0,India,Andhra Pradesh,16.0781,78.8743
5583,10/06/2013 04:30:00 PM,landslide,downpour,medium,0.0,India,,15.6365,74.1158
178,08/12/2007 12:00:00 AM,landslide,rain,large,2.0,India,Himachal Pradesh,32.0985,76.2665
4426,06/22/2012 12:00:00 AM,landslide,downpour,medium,3.0,India,Assam,26.1226,91.7162
8366,09/23/2015 03:00:00 PM,landslide,downpour,medium,2.0,India,Meghalaya,25.583,91.893
9048,07/17/2016 12:00:00 AM,landslide,unknown,small,1.0,India,Himachal Pradesh,31.5007,78.1758
3829,07/22/2011 12:00:00 AM,landslide,downpour,small,0.0,India,Maharashtra,16.1078,73.7167
7309,08/15/2015 12:00:00 AM,landslide,continuous_rain,medium,0.0,India,Uttarakhand,30.7864,78.616
5047,07/07/2013 03:00:00 AM,landslide,downpour,medium,,India,Himachal Pradesh,31.8795,76.9161
1934,06/03/2010 05:00:00 AM,landslide,downpour,medium,2.0,India,Assam,24.6005,92.3814
3342,04/06/2011 12:00:00 AM,landslide,downpour,medium,0.0,India,Kashmir,34.2101,74.3445
6162,07/19/2014 05:00:00 AM,landslide,rain,small,0.0,India,Uttarakhand,30.4305,78.0803
5139,07/19/2013 12:00:00 AM,landslide,downpour,medium,0.0,India,Uttarakhand,30.0718,80.2369
146,07/30/2007 12:00:00 AM,landslide,downpour,medium,2.0,India,Uttarakhand,30.733,78.439
7655,04/22/2016 02:30:00 AM,landslide,continuous_rain,medium,17.0,India,Arunachal Pradesh,27.5799,91.8569
234,09/05/2007 12:00:00 AM,landslide,rain,medium,,India,Kashmir,33.1662,75.3098
5265,08/04/2013 12:00:00 AM,landslide,continuous_rain,very_large,3.0,India,Kerala,9.9147,77.011
9464,08/05/2016 12:00:00 AM,landslide,downpour,medium,0.0,India,Arunachal Pradesh,27.5754,91.9754
104,06/25/2007 12:00:00 AM,landslide,rain,medium,,India,Andhra Pradesh,16.6252,80.6128
3912,08/12/2011 12:00:00 AM,landslide,rain,medium,0.0,India,Arunāchal Pradesh,27.44,92.2833
5195,07/25/2013 12:00:00 AM,landslide,continuous_rain,medium,,India,Uttarakhand,30.4041,79.3276
5272,08/04/2013 12:00:00 AM,landslide,monsoon,medium,,India,Nāgāland,26.2083,94.5438
6890,03/15/2015 12:00:00 AM,landslide,continuous_rain,medium,0.0,India,Kashmir,34.0968,74.4117
9006,07/16/2016 03:00:00 PM,landslide,construction,small,0.0,India,Karnataka,12.8962,74.8859
580,06/09/2008 12:00:00 AM,landslide,monsoon,medium,,India,Manipur,24.6596,93.9784
5074,07/10/2013 12:00:00 AM,landslide,downpour,medium,2.0,India,Maharashtra,19.0263,72.8676
5575,10/05/2013 11:00:00 PM,mudslide,continuous_rain,medium,0.0,India,Nāgāland,25.8266,94.1497
2105,07/20/2010 06:00:00 PM,landslide,downpour,medium,1.0,India,Uttarakhand,29.3576,79.5519
5036,07/05/2013 11:00:00 PM,landslide,downpour,medium,1.0,India,Kashmir,33.0852,74.8799
8996,07/14/2016 12:00:00 AM,landslide,monsoon,small,1.0,India,Assam,26.1768,91.7702
1613,04/02/2010 11:00:00 PM,mudslide,downpour,large,12.0,India,Arunāchal Pradesh,27.8997,93.3497
7138,07/07/2015 12:00:00 AM,landslide,continuous_rain,small,0.0,India,Sikkim,27.0816,88.4397
5341,08/17/2013 03:00:00 PM,landslide,downpour,medium,0.0,India,Goa,15.5419,73.9214
5333,08/14/2013 12:00:00 AM,landslide,downpour,medium,3.0,India,Kashmir,33.7706,74.0967
4484,08/17/2012 12:00:00 AM,landslide,downpour,medium,,India,Kerala,9.6991,76.8168
3380,04/19/2011 12:00:00 AM,landslide,downpour,medium,0.0,India,Kashmir,33.5808,74.9035
6730,12/31/2014 12:00:00 AM,landslide,unknown,large,0.0,India,Kashmir,33.287,77.2853
2596,10/14/2010 07:30:00 PM,landslide,rain,medium,,India,Himachal Pradesh,31.5158,78.2619
8998,07/13/2016 11:00:00 PM,mudslide,monsoon,medium,2.0,India,Uttar Pradesh,26.3221,80.4703
3097,02/07/2011 12:00:00 AM,landslide,downpour,medium,,India,Kashmir,33.35406635,75.17240669
4592,10/22/2012 09:00:00 AM,landslide,rain,medium,,India,Kerala,10.077,76.322
4857,05/11/2013 09:00:00 AM,landslide,rain,large,15.0,India,Mizoram,23.7281,92.7175
2538,10/03/2010 12:00:00 AM,landslide,continuous_rain,medium,0.0,India,Himachal Pradesh,30.9141,76.818
5652,11/20/2013 11:30:00 PM,landslide,unknown,medium,0.0,India,Maharashtra,20.0014,73.7917
6945,06/19/2015 12:00:00 AM,landslide,monsoon,medium,0.0,India,Manipur,25.16,93.686
6177,07/23/2014 11:30:00 PM,landslide,continuous_rain,small,2.0,India,Uttarakhand,29.1585,79.1464
5330,08/14/2013 12:00:00 AM,landslide,downpour,medium,,India,Kashmir,33.3216,75.1984
2242,08/13/2010 12:00:00 AM,landslide,rain,medium,0.0,India,Himachal Pradesh,30.8522,76.991
2743,11/22/2010 12:00:00 AM,landslide,unknown,medium,,India,Arunāchal Pradesh,27.5798729,91.85672387
4507,08/22/2012 12:00:00 AM,landslide,downpour,medium,,India,Kashmir,33.2412,75.2382
9409,04/13/2016 01:00:00 PM,mudslide,construction,small,1.0,India,Tamil Nadu,11.3464,76.8076
6734,01/29/2015 10:00:00 AM,mudslide,unknown,small,1.0,India,NCT,28.5714,77.2135
1857,05/11/2010 09:00:00 AM,landslide,downpour,medium,0.0,India,Meghālaya,25.3433,92.2897
4860,05/11/2013 12:00:00 AM,landslide,rain,medium,,India,Assam,26.1016,91.6906
4845,05/07/2013 12:00:00 AM,mudslide,rain,medium,,India,Mizoram,24.2315,92.6755
7363,06/30/2015 11:00:00 PM,landslide,downpour,medium,19.0,India,West Bengal,26.8843,88.1835
1770,04/20/2010 12:00:00 AM,landslide,downpour,medium,0.0,India,Assam,26.1965,91.763
4925,06/16/2013 12:00:00 AM,landslide,rain,medium,0.0,India,Himachal Pradesh,31.4551,78.1996
6184,07/28/2014 12:00:00 AM,landslide,continuous_rain,medium,7.0,India,Uttarakhand,29.5829,80.2182
488,03/30/2008 12:00:00 AM,landslide,rain,medium,2.0,India,Kashmir,34.219,77.2665
3947,08/27/2011 12:00:00 AM,landslide,downpour,medium,1.0,India,NCT,28.6809,77.1958
2290,08/20/2010 12:00:00 AM,landslide,downpour,medium,0.0,India,Uttarakhand,30.6509,79.0264
7728,08/22/2015 09:00:00 AM,landslide,continuous_rain,medium,0.0,India,Assam,26.1028,91.8806
3373,04/17/2011 03:00:00 PM,landslide,downpour,medium,0.0,India,Kashmir,33.3645,75.1999
97,06/25/2007 12:00:00 AM,landslide,rain,medium,18.0,India,Maharashtra,16.9648,73.5189
5287,08/06/2013 07:00:00 AM,landslide,downpour,medium,0.0,India,Kashmir,32.8363,75.1489
8916,07/10/2016 08:30:00 AM,landslide,unknown,medium,1.0,India,Maharashtra,19.34,73.7746
5334,08/15/2013 11:00:00 PM,landslide,downpour,medium,,India,Himachal Pradesh,32.3573,77.3052
7285,07/26/2015 12:00:00 AM,landslide,continuous_rain,medium,3.0,India,Himachal Pradesh,31.1263,77.3525
5346,08/17/2013 12:00:00 AM,landslide,rain,medium,,India,Uttarakhand,31.0343,78.7248
3908,08/11/2011 04:30:00 AM,landslide,rain,medium,1.0,India,Kashmir,32.737,74.876
7198,07/14/2015 12:00:00 AM,landslide,continuous_rain,small,3.0,India,Karnataka,12.8747,74.9566
3807,07/19/2011 12:00:00 AM,landslide,rain,medium,3.0,India,Kashmir,33.6917,76.0412
7950,09/06/2015 07:10:00 AM,rock_fall,unknown,medium,0.0,India,Tamil Nadu,11.404,76.6952
5079,07/11/2013 12:00:00 AM,mudslide,continuous_rain,medium,0.0,India,Jharkhand,26.9734,87.3412
2180,07/31/2010 08:00:00 AM,landslide,downpour,medium,0.0,India,Karnataka,12.8715,74.8862
9426,03/26/2016 12:00:00 AM,landslide,continuous_rain,medium,5.0,India,Kashmir,33.04965334,75.29048614
7366,07/31/2015 06:00:00 PM,debris_flow,continuous_rain,medium,0.0,India,Himachal Pradesh,32.2241,76.3374
5274,08/04/2013 12:00:00 AM,landslide,rain,medium,,India,Nāgāland,26.0838,94.564
2207,08/06/2010 12:30:00 AM,landslide,downpour,large,11.0,India,Kashmir,34.1481,77.6538
7961,09/05/2015 12:00:00 AM,landslide,unknown,medium,1.0,India,Bihar,25.4551,84.5322
7836,08/27/2015 12:00:00 AM,landslide,downpour,medium,0.0,India,Mizoram,24.042,92.6724
103,06/25/2007 12:00:00 AM,landslide,rain,medium,,India,Andhra Pradesh,14.4702,78.8205
3673,06/29/2011 12:00:00 AM,landslide,downpour,medium,0.0,India,Uttarakhand,30.2416,78.8996
1315,11/20/2009 06:30:00 PM,landslide,construction,medium,5.0,India,Gujarāt,23.0396,72.566
451,02/13/2008 12:00:00 AM,landslide,rain,medium,,India,Tamil Nadu,11.3484,76.7937
2389,09/04/2010 12:00:00 AM,landslide,downpour,medium,0.0,India,Uttarakhand,30.5004,79.3888
3776,07/15/2011 06:00:00 PM,landslide,downpour,small,0.0,India,Arunāchal Pradesh,27.125,93.7145
4798,04/07/2013 12:00:00 AM,landslide,rain,medium,,India,Arunachal Pradesh,28.8254,96.1509
2138,07/25/2010 09:00:00 AM,landslide,downpour,medium,2.0,India,Himachal Pradesh,31.0931,77.1675
7388,08/01/2015 12:00:00 AM,landslide,continuous_rain,medium,0.0,India,Manipur,24.416,94.0984
111,07/02/2007 12:00:00 AM,landslide,downpour,medium,,India,Kashmir,33.2443135,75.22742083
5421,08/30/2013 12:00:00 AM,mudslide,unknown,medium,,India,Nāgāland,26.4205,94.9731
6359,09/06/2014 12:00:00 AM,other,rain,medium,2.0,India,Kashmir,32.9148,75.0556
4513,08/24/2012 12:00:00 AM,landslide,downpour,medium,,India,Himachal Pradesh,32.1002,76.2699
452,02/13/2008 12:00:00 AM,landslide,rain,medium,,India,Kashmir,33.2418,75.242
1154,09/10/2009 12:00:00 AM,landslide,downpour,medium,,India,Himachal Pradesh,32.4035,77.5796
7249,07/13/2015 12:00:00 AM,mudslide,continuous_rain,small,0.0,India,Himachal Pradesh,31.0851,77.1665
5897,02/23/2014 06:00:00 PM,landslide,unknown,large,2.0,India,Kashmir,33.2359,75.244
2343,08/27/2010 04:30:00 PM,landslide,downpour,medium,0.0,India,Nāgāland,25.4786,94.1327
5617,10/25/2013 12:00:00 AM,landslide,rain,medium,0.0,India,Andhra Pradesh,16.5175,80.6117
3619,06/17/2011 07:30:00 PM,mudslide,rain,medium,0.0,India,,27.4885,88.4451
2208,08/06/2010 12:15:00 AM,landslide,downpour,large,182.0,India,Kashmir,34.2116,77.3504
3683,07/01/2011 12:00:00 AM,landslide,downpour,medium,0.0,India,Nāgāland,25.8782,94.1739
9619,10/15/2016 12:00:00 AM,landslide,rain,medium,0.0,India,Sikkim,27.1695,88.3664
6552,08/26/2014 12:00:00 AM,landslide,unknown,medium,2.0,India,Himachal Pradesh,31.5593,77.9277
7591,03/19/2015 12:00:00 AM,landslide,rain,small,0.0,India,Assam,25.0318,92.4584
1521,02/23/2010 12:00:00 AM,landslide,downpour,medium,2.0,India,Uttarakhand,30.383,78.5094
2047,07/07/2010 12:00:00 AM,landslide,downpour,medium,0.0,India,Himachal Pradesh,32.219,78.072
7110,04/30/2015 12:00:00 AM,landslide,continuous_rain,small,0.0,India,Uttarakhand,30.5568,79.5541
5441,09/02/2013 12:00:00 AM,landslide,downpour,large,,India,Arunāchal Pradesh,28.611,94.9829
9232,07/28/2016 11:00:00 PM,landslide,continuous_rain,medium,2.0,India,Mizoram,23.5397,93.3783
4555,09/15/2012 12:00:00 AM,landslide,downpour,medium,,India,Kashmir,32.9295,75.1432
4434,06/25/2012 06:00:00 PM,landslide,downpour,large,1.0,India,Assam,26.1049,91.7369
1090,08/16/2009 12:00:00 AM,landslide,downpour,medium,2.0,India,Bengal,26.9599,88.268
2162,07/29/2010 12:00:00 AM,landslide,downpour,medium,0.0,India,Uttarakhand,30.4054,79.3426
592,06/18/2008 12:00:00 AM,landslide,rain,medium,,India,Himachal Pradesh,32.3712,77.2466
4378,06/02/2012 12:00:00 AM,landslide,downpour,medium,,India,Arunachal Pradesh,28.8254,96.1517
2452,09/19/2010 09:00:00 AM,landslide,downpour,medium,0.0,India,Uttarakhand,30.1977,77.9137
6841,03/05/2015 12:00:00 AM,landslide,unknown,medium,0.0,India,Kashmir,33.1213,75.2449
7214,07/15/2015 08:00:00 AM,landslide,monsoon,medium,3.0,India,Arunachal Pradesh,27.36,93.0385
5582,10/06/2013 12:45:00 PM,landslide,downpour,medium,1.0,India,Assam,26.1309,91.8383
2405,09/09/2010 11:00:00 PM,landslide,downpour,medium,10.0,India,Arunāchal Pradesh,28.3036,95.4112
785,09/10/2008 12:00:00 AM,rock_fall,rain,medium,,India,Goa,15.323,73.974
3556,05/31/2011 02:00:00 PM,landslide,continuous_rain,small,0.0,India,Manipur,25.1555,93.8474
4488,08/17/2012 12:00:00 AM,landslide,downpour,medium,,India,Kerala,9.5527,76.9299
5358,08/18/2013 12:00:00 AM,landslide,rain,medium,,India,Uttarakhand,30.6639,78.0574
2569,10/08/2010 12:00:00 AM,landslide,downpour,medium,0.0,India,Nāgāland,25.2745,94.0212
2423,09/13/2010 12:00:00 AM,landslide,downpour,medium,,India,Mizoram,23.73504471,92.71060943
3532,05/24/2011 12:00:00 AM,complex,downpour,medium,0.0,India,Assam,25.0888,92.8551
2345,08/27/2010 06:00:00 PM,landslide,downpour,medium,0.0,India,Sikkim,27.3392,88.6188
9638,10/17/2016 07:00:00 AM,mudslide,construction,medium,1.0,India,Telangana,17.4655,78.4606
4940,06/17/2013 12:00:00 AM,landslide,rain,medium,3.0,India,Uttarakhand,30.3069,78.0169
7956,09/05/2015 12:00:00 AM,landslide,unknown,medium,0.0,India,Meghalaya,26.048,91.8695
5213,07/27/2013 12:00:00 AM,landslide,downpour,small,2.0,India,Jharkhand,24.3599,85.6179
2425,09/13/2010 12:00:00 AM,landslide,downpour,medium,0.0,India,Mizoram,23.3439,93.0748
6970,06/16/2015 12:00:00 AM,rock_fall,downpour,small,1.0,India,Meghalaya,25.5084,90.2191
2040,07/06/2010 12:00:00 AM,landslide,downpour,medium,0.0,India,Uttarakhand,30.638,78.3297
5312,08/11/2013 11:00:00 PM,landslide,downpour,very_large,0.0,India,Assam,26.7103,94.693
2711,11/11/2010 12:00:00 AM,landslide,downpour,medium,0.0,India,Karnataka,12.8806,75.0327
6247,10/15/2014 12:00:00 AM,landslide,mining,medium,2.0,India,Himachal Pradesh,31.0164,77.0991
1929,05/31/2010 11:00:00 PM,landslide,downpour,medium,0.0,India,Sikkim,27.3543,88.6428
2568,10/08/2010 12:00:00 AM,landslide,downpour,medium,0.0,India,Assam,24.7679,93.4108
3171,03/03/2011 11:00:00 PM,landslide,downpour,medium,1.0,India,Kashmir,33.2257,75.6695
3375,04/17/2011 12:00:00 AM,landslide,downpour,medium,1.0,India,Kashmir,33.2599,75.8886
4452,07/07/2012 12:00:00 AM,landslide,downpour,medium,,India,Kashmir,34.0123,77.9988
6947,06/21/2015 12:00:00 AM,landslide,rain,small,0.0,India,Uttarakhand,30.0261,78.6278
6414,09/02/2014 06:00:00 PM,landslide,continuous_rain,small,1.0,India,Maharashtra,19.2677,73.0618
1130,09/01/2009 03:00:00 PM,landslide,downpour,medium,3.0,India,Uttarakhand,29.7036,78.5658
6370,09/04/2014 12:00:00 AM,landslide,rain,medium,1.0,India,Kashmir,33.798,74.2562
3159,03/01/2011 03:00:00 PM,landslide,downpour,medium,0.0,India,Kashmir,33.2477,75.1919
5608,10/16/2013 06:00:00 PM,landslide,unknown,medium,0.0,India,Uttarakhand,30.5345,79.0853
5209,07/26/2013 12:00:00 AM,landslide,rain,medium,,India,Uttarakhand,30.6539,78.3366
7409,08/02/2015 12:00:00 AM,landslide,continuous_rain,medium,0.0,India,Nagaland,25.72,94.6219
9219,07/26/2016 11:00:00 PM,landslide,downpour,medium,0.0,India,Nagaland,26.0101,94.5282
5178,07/24/2013 12:00:00 AM,landslide,continuous_rain,medium,2.0,India,Uttarakhand,30.4605,79.4774
6950,06/22/2015 06:15:00 AM,landslide,continuous_rain,medium,5.0,India,Maharashtra,19.029,73.311
4875,05/26/2013 12:00:00 AM,landslide,downpour,medium,,India,NCT,28.758,77.15
7141,07/08/2015 12:00:00 AM,landslide,rain,small,0.0,India,Karnataka,12.9455,75.7797
177,08/12/2007 12:00:00 AM,landslide,rain,medium,11.0,India,Himachal Pradesh,32.7334,77.5914
9008,07/16/2016 12:00:00 AM,rock_fall,rain,small,0.0,India,Uttarakhand,30.3351,78.5113
274,09/20/2007 12:00:00 AM,landslide,rain,medium,,India,Bengal,27.0875,88.4572
2579,10/09/2010 12:00:00 AM,landslide,downpour,medium,0.0,India,Nāgāland,25.682,94.1076
5100,07/14/2013 12:00:00 AM,landslide,rain,medium,0.0,India,Himachal Pradesh,31.673,76.5338
8223,09/14/2015 03:10:00 AM,landslide,downpour,large,0.0,India,Mizoram,23.7348,92.7187
1962,06/09/2010 12:00:00 AM,landslide,downpour,medium,0.0,India,Himachal Pradesh,31.09907494,77.1723589
181,08/13/2007 12:00:00 AM,landslide,rain,medium,,India,Andhra Pradesh,17.3895,78.499
840,10/12/2008 12:00:00 AM,mudslide,rain,medium,,India,Uttar Pradesh,27.0167,78.1333
5198,07/25/2013 12:00:00 AM,landslide,continuous_rain,medium,0.0,India,Uttarakhand,30.8928,78.48
5347,08/17/2013 12:00:00 AM,landslide,rain,medium,,India,Uttarakhand,30.7292,78.4396
7336,08/19/2015 09:00:00 AM,landslide,continuous_rain,medium,0.0,India,Meghalaya,25.2193,90.5549
9252,07/28/2016 12:00:00 AM,landslide,monsoon,medium,0.0,India,Arunachal Pradesh,27.5748,91.8644
1208,10/02/2009 12:00:00 AM,landslide,downpour,large,24.0,India,Karnataka,14.7812,74.499
7038,07/01/2015 12:00:00 AM,landslide,downpour,medium,0.0,India,West Bengal,26.8781,88.2807
5300,08/09/2013 12:00:00 AM,landslide,downpour,large,,India,Nāgāland,25.318,94.0441
5049,07/07/2013 12:00:00 AM,landslide,downpour,medium,,India,Himachal Pradesh,31.5596,77.1679
7665,08/11/2015 12:00:00 AM,landslide,continuous_rain,medium,0.0,India,Manipur,24.7016,93.5291
279,09/23/2007 12:00:00 AM,landslide,rain,medium,,India,Orissa,21.464,83.9462
133,07/21/2007 12:00:00 AM,landslide,rain,medium,1.0,India,Bengal,23.9304,88.2374
8571,10/02/2015 12:00:00 AM,landslide,downpour,medium,2.0,India,Andhra Pradesh,17.6874,83.1993
4183,02/04/2012 12:00:00 AM,landslide,downpour,medium,0.0,India,Kashmir,33.2424,75.2381
3737,07/06/2011 12:00:00 AM,landslide,downpour,medium,0.0,India,Uttarakhand,30.3214,78.0319
9475,08/07/2016 03:00:00 AM,landslide,continuous_rain,medium,0.0,India,Kashmir,32.9041,75.0911
5176,07/23/2013 12:00:00 AM,landslide,downpour,medium,0.0,India,Uttarakhand,30.1944,79.1939
7685,08/13/2015 12:00:00 AM,landslide,unknown,medium,0.0,India,Himachal Pradesh,31.7756,76.9876
9216,07/26/2016 11:00:00 PM,rock_fall,downpour,large,2.0,India,Himachal Pradesh,30.6935,77.4266
1994,06/16/2010 12:00:00 AM,landslide,downpour,medium,0.0,India,Assam,25.0633,92.8025
5660,11/24/2013 11:00:00 PM,rock_fall,downpour,medium,0.0,India,Tamil Nadu,11.344,76.8691
4015,10/15/2011 12:00:00 AM,landslide,downpour,medium,0.0,India,Tamil Nadu,10.4497,77.5206
3760,07/11/2011 09:00:00 AM,landslide,downpour,medium,0.0,India,Nāgāland,25.6703,94.1095
6851,03/10/2015 04:00:00 AM,mudslide,downpour,medium,0.0,India,Himachal Pradesh,32.5612,76.1238
4943,06/17/2013 12:00:00 AM,landslide,downpour,medium,4.0,India,Uttarakhand,29.5987,79.6592
9587,10/12/2016 12:00:00 AM,landslide,downpour,medium,0.0,India,West Bengal,26.8692,88.4695
2443,09/18/2010 12:00:00 AM,landslide,downpour,large,24.0,India,Uttarakhand,29.6042,79.5343
6310,08/05/2012 11:30:00 PM,rock_fall,unknown,medium,0.0,India,Uttarakhand,30.4876,78.0366
2183,07/31/2010 12:00:00 AM,landslide,downpour,medium,0.0,India,Himachal Pradesh,31.0655,77.1325
1156,09/12/2009 12:00:00 AM,landslide,rain,medium,1.0,India,Kerala,8.742,76.8902
4480,08/17/2012 12:00:00 AM,landslide,downpour,medium,6.0,India,Kerala,10.0011,76.7416
709,08/12/2008 12:00:00 AM,landslide,rain,medium,,India,Karnataka,12.845,75.66
6566,08/27/2011 12:00:00 AM,landslide,downpour,medium,0.0,India,Kashmir,32.6188,75.3504
7139,07/07/2015 11:00:00 PM,landslide,continuous_rain,medium,1.0,India,West Bengal,26.8826,88.2806
5365,08/19/2013 11:00:00 PM,debris_flow,downpour,medium,,India,Uttarakhand,30.6293,78.3303
692,08/07/2008 12:00:00 AM,landslide,downpour,medium,,India,Nāgāland,25.705,94.04
3633,06/20/2011 12:00:00 AM,landslide,downpour,medium,0.0,India,Nāgāland,26.3186,94.5121
703,08/09/2008 12:00:00 AM,landslide,rain,medium,,India,Goa,15.15,74.11
7374,08/01/2015 12:00:00 AM,landslide,continuous_rain,medium,0.0,India,Manipur,25.1122,94.3591
2341,08/26/2010 11:00:00 PM,landslide,downpour,medium,0.0,India,,27.2319,88.497
3861,07/29/2011 12:00:00 AM,landslide,downpour,medium,6.0,India,Uttar Pradesh,27.5862,80.1306
7185,04/03/2015 12:00:00 AM,landslide,downpour,small,0.0,India,Himachal Pradesh,32.2934,77.1803
410,01/06/2008 12:00:00 AM,landslide,rain,medium,1.0,India,Kashmir,33.1517,75.5464
4446,07/05/2012 12:00:00 AM,landslide,downpour,large,,India,Arunachal Pradesh,28.9986,94.8885
3113,02/13/2011 11:00:00 PM,landslide,downpour,medium,0.0,India,Kashmir,33.577,74.1872
2098,07/19/2010 06:00:00 AM,landslide,downpour,medium,0.0,India,Nāgāland,26.7215,95.0283
2294,08/20/2010 12:00:00 AM,landslide,downpour,medium,0.0,India,Uttarakhand,30.3846,78.8371
7616,08/06/2015 12:00:00 AM,other,downpour,medium,0.0,India,Andaman and Nicobar Islands,11.6753,92.749
269,09/18/2007 12:00:00 AM,landslide,rain,medium,,India,Sikkim,27.2872,88.2816
2137,07/25/2010 12:00:00 AM,landslide,downpour,medium,0.0,India,Himachal Pradesh,30.5589,77.2889
2309,08/22/2010 12:00:00 AM,landslide,downpour,medium,0.0,India,Uttarakhand,30.4238,79.6724
2205,08/06/2010 12:00:00 AM,landslide,downpour,medium,0.0,India,Mizoram,23.7365,92.7146
4610,11/11/2012 12:00:00 AM,landslide,downpour,medium,4.0,India,Mizoram,23.7705,92.5217
8680,07/03/2016 10:00:00 PM,rock_fall,monsoon,medium,0.0,India,Maharashtra,19.336,73.7793
3143,02/24/2011 12:00:00 AM,landslide,downpour,medium,0.0,India,Kashmir,33.3307,75.1772
1769,04/20/2010 12:00:00 AM,landslide,downpour,medium,0.0,India,Kashmir,34.38667467,76.34149164
7011,06/25/2015 09:00:00 AM,mudslide,downpour,medium,0.0,India,Kashmir,34.141,74.6568
4920,06/15/2013 12:00:00 AM,landslide,downpour,medium,0.0,India,Himachal Pradesh,31.5168,78.0976
2378,09/03/2010 12:00:00 AM,landslide,downpour,medium,0.0,India,Uttarakhand,30.135,78.3896
5275,08/04/2013 12:00:00 AM,landslide,monsoon,medium,,India,Nāgāland,26.1498,94.6055
2440,09/17/2010 12:00:00 AM,landslide,downpour,very_large,,India,Uttarakhand,30.75402442,79.49970189
9468,08/07/2016 12:00:00 AM,landslide,downpour,medium,0.0,India,Kashmir,33.2483,75.2131
9138,07/21/2016 09:00:00 AM,landslide,rain,medium,0.0,India,West Bengal,26.9015,88.4719
3892,08/07/2011 12:00:00 AM,landslide,downpour,medium,0.0,India,Kashmir,33.0271,75.0018
1031,05/26/2009 12:00:00 AM,landslide,tropical_cyclone,medium,7.0,India,Bengal,26.8836,88.2791
324,10/25/2007 12:00:00 AM,landslide,rain,medium,1.0,India,Tamil Nādu,11.7792,78.2034
4240,03/04/2012 08:00:00 AM,landslide,unknown,medium,2.0,India,Uttarakhand,29.5798,80.2123
2247,08/14/2010 12:00:00 AM,landslide,downpour,medium,0.0,India,Nāgāland,26.148,94.8422
2176,07/30/2010 03:00:00 PM,landslide,rain,medium,0.0,India,Maharashtra,15.9517,73.9958
2181,07/31/2010 06:20:00 PM,landslide,downpour,medium,0.0,India,Maharashtra,19.1287,72.8889
6964,06/17/2015 12:00:00 AM,landslide,downpour,small,0.0,India,West Bengal,27.0087,88.443
1149,09/09/2009 11:00:00 PM,landslide,downpour,medium,,India,Himachal Pradesh,31.5494,76.9001
3927,08/16/2011 08:00:00 AM,landslide,downpour,medium,6.0,India,Meghālaya,25.5144,90.2167
7127,04/22/2015 04:00:00 PM,mudslide,downpour,small,0.0,India,Karnataka,12.8659,74.8852
2476,09/20/2010 12:00:00 AM,landslide,downpour,medium,0.0,India,Uttarakhand,29.3987,79.4841
7308,08/15/2015 12:00:00 AM,landslide,continuous_rain,medium,0.0,India,Uttarakhand,30.9111,78.6814
3890,08/07/2011 12:00:00 AM,landslide,downpour,medium,,India,Himachal Pradesh,31.71456806,77.02239366
2103,07/20/2010 12:00:00 AM,landslide,downpour,medium,0.0,India,Uttarakhand,29.9862,78.6115
4468,07/22/2012 12:00:00 AM,landslide,downpour,medium,,India,Kerala,11.405,76.0376
6924,03/28/2015 06:00:00 PM,landslide,downpour,medium,0.0,India,Kashmir,33.9548314,74.79428356
259,09/11/2007 12:00:00 AM,landslide,rain,medium,,India,Meghālaya,25.52,91.27
326,10/26/2007 12:00:00 AM,landslide,rain,large,,India,Tamil Nadu,11.4046,76.6953
6112,06/28/2014 09:00:00 AM,landslide,rain,medium,0.0,India,Assam,26.1964,91.7652
7174,04/03/2015 12:00:00 AM,landslide,continuous_rain,small,4.0,India,Kashmir,34.0886,74.0301
4974,06/24/2013 03:00:00 PM,landslide,rain,medium,0.0,India,Uttarakhand,30.4091,79.0579
5051,07/07/2013 12:00:00 AM,landslide,downpour,medium,,India,Himachal Pradesh,31.7017,76.973
2050,07/07/2010 12:00:00 AM,landslide,downpour,medium,0.0,India,Himachal Pradesh,31.645,78.4354
7039,07/01/2015 12:00:00 AM,landslide,downpour,medium,0.0,India,West Bengal,27.0678,88.456
231,09/05/2007 12:00:00 AM,landslide,rain,medium,15.0,India,Bengal,27.06826195,88.28121204
1901,05/25/2010 06:00:00 PM,landslide,downpour,medium,0.0,India,Kashmir,34.09,74.0256
2268,08/18/2010 08:30:00 AM,complex,downpour,large,18.0,India,Uttarakhand,30.0134,79.9261
7390,08/01/2015 12:00:00 AM,landslide,continuous_rain,medium,0.0,India,Manipur,24.4265,94.1913
7594,08/05/2015 12:10:00 PM,landslide,mining,medium,0.0,India,Goa,15.3956,74.0113
5292,08/07/2013 06:00:00 PM,landslide,monsoon,medium,0.0,India,Kerala,9.835,76.8661
2457,09/19/2010 12:00:00 AM,rock_fall,downpour,medium,1.0,India,Himachal Pradesh,31.563,77.9796
1204,10/01/2009 12:00:00 AM,landslide,downpour,medium,8.0,India,Maharashtra,16.656,73.5178
6197,08/16/2014 11:00:00 PM,landslide,downpour,medium,0.0,India,Kashmir,33.0272,74.9465
4912,06/11/2013 11:00:00 PM,landslide,downpour,medium,1.0,India,Himachal Pradesh,31.4898,76.7043
7036,07/01/2015 12:00:00 AM,landslide,downpour,large,42.0,India,West Bengal,26.8352,88.1881
1106,08/20/2009 12:00:00 AM,landslide,continuous_rain,medium,2.0,India,Bengal,26.8992,88.1667
2420,09/13/2010 12:00:00 AM,landslide,downpour,medium,1.0,India,Mizoram,23.72988966,92.71495623
264,09/13/2007 12:00:00 AM,landslide,rain,medium,,India,Assam,26.1833,91.8
2034,07/04/2010 12:00:00 AM,landslide,rain,medium,0.0,India,Bengal,26.8712,88.3052
251,09/09/2007 12:00:00 AM,landslide,rain,medium,1.0,India,Sikkim,27.1667,88.35
4373,05/30/2012 12:00:00 AM,landslide,downpour,large,,India,Rajasthan,26.876,75.8101
3670,06/29/2011 12:00:00 AM,landslide,downpour,medium,,India,Uttarakhand,30.67629482,79.04191791
6214,10/05/2014 05:45:00 PM,landslide,rain,medium,1.0,India,Meghalaya,25.9702,91.8587
2257,08/16/2010 12:00:00 AM,landslide,downpour,medium,0.0,India,Uttarakhand,30.7284,79.4971
5052,07/07/2013 12:00:00 AM,landslide,downpour,medium,,India,Himachal Pradesh,31.7093,76.9297
7329,08/18/2015 03:00:00 PM,rock_fall,rain,medium,8.0,India,Himachal Pradesh,32.0275,77.3446
3944,08/25/2011 12:00:00 AM,landslide,downpour,medium,2.0,India,,27.7344,88.633
4411,06/14/2012 04:00:00 AM,landslide,downpour,medium,,India,Sikkim,27.339,88.6065
7296,07/24/2015 12:00:00 AM,landslide,continuous_rain,medium,0.0,India,Uttarakhand,30.416,78.3415
2463,09/19/2010 12:00:00 AM,landslide,downpour,medium,0.0,India,Himachal Pradesh,31.1191,77.5092
252,09/09/2007 12:00:00 AM,landslide,rain,medium,,India,Nāgāland,25.4993,94.1192
4033,11/03/2011 12:00:00 AM,landslide,downpour,medium,0.0,India,Tamil Nadu,10.2445,77.5146
3578,06/07/2011 09:00:00 AM,landslide,downpour,medium,0.0,India,Uttarakhand,30.2414,78.908
7297,07/28/2015 12:00:00 AM,landslide,continuous_rain,small,0.0,India,Uttarakhand,30.7204,79.0758
6842,03/02/2015 12:00:00 AM,landslide,continuous_rain,medium,0.0,India,Kashmir,33.3296,75.203
7920,06/26/2016 12:00:00 AM,landslide,downpour,medium,0.0,India,Odisha,19.3805,84.5699
142,07/27/2007 12:00:00 AM,rock_fall,rain,large,8.0,India,Meghālaya,25.5212,90.232
7157,07/10/2015 12:00:00 AM,landslide,continuous_rain,medium,2.0,India,Kashmir,34.0404,75.3156
7384,08/01/2015 12:00:00 AM,landslide,rain,medium,0.0,India,Manipur,23.9278,94.0906
211,08/26/2007 12:00:00 AM,mudslide,continuous_rain,medium,1.0,India,Manipur,24.9667,93.55
2046,07/07/2010 12:00:00 AM,landslide,downpour,medium,0.0,India,Himachal Pradesh,32.3733,77.2498
2280,08/19/2010 06:00:00 PM,landslide,downpour,medium,6.0,India,Maharashtra,19.1935,73.0114
8864,07/07/2016 12:00:00 AM,rock_fall,mining,small,3.0,India,Tamil Nadu,10.0545,78.0298
4384,06/03/2012 12:00:00 AM,landslide,downpour,medium,,India,Assam,25.1775,93.0123
6337,09/09/2014 11:00:00 PM,landslide,unknown,large,0.0,India,Himachal Pradesh,31.7766,76.9832
6925,03/28/2015 12:00:00 AM,landslide,downpour,medium,0.0,India,Kashmir,33.0186,75.2405
5234,07/29/2013 10:30:00 AM,rock_fall,rain,medium,,India,Kashmir,32.9918,75.1945
7033,06/29/2015 12:00:00 AM,landslide,downpour,medium,0.0,India,West Bengal,27.0161,88.2478
5294,08/07/2013 12:00:00 AM,landslide,monsoon,medium,,India,Kerala,10.3031,76.7604
4383,06/03/2012 12:00:00 AM,landslide,downpour,medium,,India,Assam,25.3056,93.1265
516,05/01/2008 12:00:00 AM,complex,unknown,medium,12.0,India,Kashmir,33.1463,75.7454
3963,09/04/2011 12:30:00 AM,landslide,rain,small,0.0,India,Maharashtra,17.9031,73.4361
8892,10/31/2015 12:00:00 AM,landslide,downpour,small,0.0,India,Tamil Nadu,11.374,77.8987
4335,04/24/2012 12:00:00 AM,landslide,downpour,medium,,India,Kashmir,33.2413,75.2381
571,06/06/2008 12:00:00 AM,landslide,rain,medium,,India,Goa,15.3925,73.8377
6338,09/11/2014 12:00:00 AM,landslide,unknown,small,0.0,India,Kashmir,33.2611,75.2138
7375,08/01/2015 12:00:00 AM,landslide,continuous_rain,medium,0.0,India,Manipur,25.1941,94.4481
5280,08/05/2013 08:00:00 AM,landslide,monsoon,medium,2.0,India,Kerala,9.879,76.9683
5636,11/13/2013 11:00:00 PM,landslide,downpour,medium,0.0,India,Maharashtra,18.7654,73.364
2729,11/16/2010 12:00:00 AM,landslide,downpour,medium,0.0,India,Tamil Nadu,10.3184,77.5277
2163,07/29/2010 12:00:00 AM,landslide,downpour,medium,0.0,India,Nāgāland,25.4196,94.1054
6967,06/13/2015 06:30:00 AM,landslide,downpour,medium,0.0,India,West Bengal,27.0165,88.2476
7238,07/19/2015 12:00:00 AM,landslide,continuous_rain,small,0.0,India,Karnataka,14.8937,74.5828
3932,08/18/2011 12:00:00 AM,landslide,monsoon,medium,0.0,India,Nāgāland,25.83,94.13
9141,06/15/2016 09:00:00 AM,rock_fall,downpour,medium,2.0,India,Kerala,9.7967,77.0611
7302,07/28/2015 12:00:00 AM,landslide,continuous_rain,small,0.0,India,Rajasthan,24.5938,72.7308
7270,07/24/2015 12:00:00 AM,landslide,continuous_rain,small,0.0,India,Uttarakhand,29.5863,80.2186
4861,05/12/2013 12:00:00 AM,mudslide,rain,medium,,India,Assam,24.9926,93.4946
1093,08/16/2009 12:00:00 AM,landslide,downpour,medium,1.0,India,Bengal,26.88211522,88.3195318
7972,08/28/2015 01:45:00 AM,landslide,downpour,large,0.0,India,Mizoram,23.4495,92.8112
3831,07/22/2011 12:00:00 AM,landslide,downpour,medium,0.0,India,Manipur,24.7992,93.948
5584,10/06/2013 12:00:00 AM,landslide,downpour,medium,0.0,India,Assam,26.1665,91.7049
2364,08/30/2010 05:00:00 AM,landslide,downpour,medium,4.0,India,Maharashtra,19.2179,73.1694
6908,03/15/2015 12:00:00 AM,landslide,unknown,medium,0.0,India,Kashmir,33.0977,75.5787
3252,03/19/2011 12:00:00 AM,landslide,downpour,medium,0.0,India,Kashmir,33.2466,75.1611
1986,06/15/2010 12:00:00 AM,landslide,downpour,medium,0.0,India,Nāgāland,26.3335,94.5512
5264,08/04/2013 12:00:00 AM,mudslide,downpour,large,,India,Kerala,10.3228,76.4319
7387,08/01/2015 12:00:00 AM,landslide,continuous_rain,small,0.0,India,Manipur,24.954,94.2156
5171,07/23/2013 08:45:00 AM,rock_fall,unknown,small,2.0,India,Kerala,10.0533,76.4788
2573,10/09/2010 12:00:00 AM,mudslide,downpour,medium,1.0,India,Assam,25.1796,93.0083
7261,07/21/2015 12:00:00 AM,landslide,continuous_rain,small,0.0,India,Kashmir,33.616,77.7652
3859,07/29/2011 12:00:00 AM,landslide,downpour,medium,0.0,India,Uttarakhand,30.012,78.197
319,10/19/2007 12:00:00 AM,landslide,rain,medium,,India,Nāgāland,25.4379,94.1162
2056,07/11/2010 12:00:00 AM,landslide,downpour,medium,0.0,India,Himachal Pradesh,32.304,77.2106
313,10/16/2007 12:00:00 AM,landslide,rain,large,,India,Nāgāland,25.7055,94.0132
2456,09/19/2010 12:00:00 AM,landslide,downpour,medium,0.0,India,Uttarakhand,30.7991,79.4356
9010,07/16/2016 12:00:00 AM,mudslide,downpour,medium,1.0,India,Arunachal Pradesh,27.3034,93.804
2539,10/03/2010 12:00:00 AM,landslide,downpour,medium,10.0,India,Arunāchal Pradesh,28.3092,95.4149
1043,06/29/2009 02:30:00 AM,rock_fall,continuous_rain,medium,1.0,India,Maharashtra,18.7591,73.3852
6331,09/08/2014 12:00:00 AM,mudslide,unknown,medium,0.0,India,Nagaland,25.9466,94.6279
5485,09/08/2013 12:00:00 AM,rock_fall,rain,medium,1.0,India,,27.6047,88.6463
4764,02/22/2013 12:00:00 AM,landslide,snowfall_snowmelt,medium,,India,Kashmir,33.4372,75.2027
94,06/15/2007 12:00:00 AM,landslide,rain,medium,,India,Bengal,26.8096,88.526
1958,06/08/2010 09:00:00 AM,landslide,monsoon,medium,2.0,India,Maharashtra,19.0176,72.8562
99,06/25/2007 12:00:00 AM,landslide,rain,medium,2.0,India,Maharashtra,19.0298,72.9104
1498,02/10/2010 12:00:00 AM,landslide,rain,medium,0.0,India,Kashmir,34.151,74.1213
1768,04/20/2010 12:00:00 AM,landslide,downpour,medium,0.0,India,Kashmir,34.38663064,76.34158851
162,08/07/2007 12:00:00 AM,landslide,rain,medium,,India,Goa,15.0296,74.0253
1987,06/15/2010 12:00:00 AM,landslide,downpour,medium,0.0,India,Assam,25.2269,93.1658
6432,08/04/2014 11:00:00 PM,complex,downpour,medium,0.0,India,Haryana,30.709,76.9834
5062,07/08/2013 12:00:00 AM,mudslide,downpour,medium,2.0,India,Kashmir,33.3118,75.7525
5073,07/10/2013 12:00:00 AM,landslide,downpour,medium,5.0,India,Maharashtra,19.0222,72.8663
2043,07/06/2010 12:00:00 AM,mudslide,monsoon,medium,0.0,India,Nāgāland,26.7225,95.0281
7910,08/01/2015 12:00:00 AM,landslide,unknown,medium,0.0,India,Manipur,24.3481,94.1146
9448,08/05/2016 11:00:00 PM,rock_fall,downpour,small,1.0,India,Uttarakhand,29.5866,80.2154
3745,07/08/2011 12:00:00 AM,landslide,rain,medium,0.0,India,Himachal Pradesh,30.9209,77.0206
6775,02/14/2015 12:00:00 AM,landslide,mining,small,1.0,India,Assam,26.1468,91.6469
1776,04/21/2010 12:00:00 AM,landslide,downpour,medium,0.0,India,Meghālaya,25.3612,92.2845
6786,02/19/2015 11:00:00 PM,landslide,mining,medium,2.0,India,Assam,24.6108,92.562
6291,09/21/2014 12:00:00 AM,landslide,continuous_rain,large,0.0,India,Meghalaya,25.7354,90.3852
6213,09/24/2014 12:00:00 AM,landslide,continuous_rain,large,0.0,India,Meghalaya,25.8143,90.5763
2415,09/12/2010 12:00:00 AM,landslide,downpour,medium,,India,Nāgāland,25.63961883,94.11112157
5970,03/20/2014 12:00:00 AM,landslide,unknown,medium,0.0,India,Kashmir,33.2355,75.2449
9336,05/18/2016 08:00:00 AM,landslide,continuous_rain,small,1.0,India,Assam,24.5308,92.5121
6907,03/21/2015 12:00:00 AM,landslide,continuous_rain,medium,0.0,India,Kashmir,33.1754,75.8103
5233,07/29/2013 10:00:00 AM,landslide,rain,small,,India,Kashmir,32.9918,75.1945
1170,09/18/2009 12:00:00 AM,landslide,rain,medium,,India,Bengal,26.8342,88.2798
3577,06/07/2011 12:00:00 AM,landslide,downpour,medium,0.0,India,Uttarakhand,30.5319,79.3541
796,09/19/2008 12:00:00 AM,landslide,downpour,medium,6.0,India,Himachal Pradesh,30.56,77.3
7837,08/27/2015 12:00:00 AM,landslide,downpour,medium,0.0,India,Mizoram,23.7269,92.7265
9604,10/12/2016 12:00:00 AM,landslide,continuous_rain,medium,0.0,India,Sikkim,27.2676,88.2891
7267,07/22/2015 12:00:00 AM,landslide,continuous_rain,small,0.0,India,Manipur,25.3908,94.0926
4848,05/08/2013 12:00:00 AM,landslide,rain,medium,1.0,India,Tripura,24.0896,91.4663
2018,07/22/2010 02:00:00 AM,landslide,continuous_rain,medium,0.0,India,Maharashtra,19.17377751,72.88274367
3617,06/17/2011 11:00:00 PM,landslide,continuous_rain,medium,0.0,India,Bengal,26.84850975,88.26181745
2475,09/20/2010 12:00:00 AM,landslide,downpour,medium,0.0,India,Himachal Pradesh,31.1581,77.7155
5241,07/31/2013 08:00:00 AM,landslide,downpour,medium,,India,Uttarakhand,29.5952,79.6625
9122,07/20/2016 12:00:00 AM,landslide,rain,medium,0.0,India,Assam,26.1966,91.802
9096,12/19/2015 12:00:00 AM,landslide,downpour,medium,4.0,India,Andhra Pradesh,17.7345,83.2884
222,09/01/2007 12:00:00 AM,landslide,rain,medium,1.0,India,Maharashtra,17.2634,73.5446
3667,06/29/2011 12:00:00 AM,landslide,continuous_rain,medium,0.0,India,Himachal Pradesh,32.2282,77.1898
4472,08/14/2012 12:00:00 AM,landslide,downpour,medium,,India,Uttarakhand,30.7362,78.44
2574,10/09/2010 12:00:00 AM,landslide,downpour,medium,0.0,India,Assam,25.4749,93.1477
8482,07/02/2016 09:00:00 AM,rock_fall,downpour,medium,1.0,India,Himachal Pradesh,30.89221723,77.09003076
6282,09/22/2014 12:00:00 AM,landslide,rain,small,1.0,India,Assam,26.1097,91.7747
2263,08/17/2010 12:00:00 AM,landslide,downpour,medium,0.0,India,Nāgāland,26.2753,94.6654
3793,07/17/2011 12:30:00 AM,landslide,downpour,small,0.0,India,Maharashtra,15.8513,73.8161
620,06/30/2008 12:00:00 AM,landslide,downpour,medium,,India,Bengal,27.0771,88.482
7224,07/19/2015 12:00:00 AM,landslide,continuous_rain,medium,0.0,India,Uttarakhand,30.73,78.4378
4210,02/19/2012 07:00:00 AM,complex,unknown,medium,6.0,India,Kashmir,33.2361,75.2441
4932,06/16/2013 12:00:00 AM,landslide,downpour,medium,0.0,India,Himachal Pradesh,31.348,77.4614
416,01/07/2008 12:00:00 AM,landslide,rain,medium,,India,Kashmir,33.4341,75.1923
6289,09/22/2014 12:00:00 AM,landslide,rain,small,0.0,India,Assam,26.1001,91.6849
9087,07/19/2016 12:00:00 AM,landslide,downpour,medium,0.0,India,Arunachal Pradesh,28.235,94.9612
3885,08/06/2011 09:00:00 AM,landslide,downpour,medium,,India,Kerala,9.497393176,76.8696375
3620,06/17/2011 04:00:00 AM,landslide,downpour,medium,0.0,India,Maharashtra,17.0032,73.3572
166,08/09/2007 12:00:00 AM,landslide,rain,medium,,India,Karnataka,12.8733,74.8481
2279,08/19/2010 12:00:00 AM,landslide,downpour,medium,0.0,India,Bengal,26.9722,88.4481
8032,06/29/2016 12:00:00 AM,landslide,downpour,medium,0.0,India,Uttarakhand,30.3299,79.3206
717,08/15/2008 12:00:00 AM,landslide,downpour,medium,,India,Kashmir,33.0,74.9277
147,07/30/2007 12:00:00 AM,landslide,downpour,medium,,India,Mizoram,22.533,92.899
183,08/14/2007 12:00:00 AM,complex,downpour,very_large,52.0,India,Rajasthan,26.2208,73.6106
5650,11/17/2013 06:00:00 AM,rock_fall,downpour,medium,0.0,India,Andhra Pradesh,13.6529,79.3439
1030,05/26/2009 12:00:00 AM,landslide,tropical_cyclone,medium,14.0,India,Bengal,27.04357147,88.26522126
7294,07/24/2015 12:00:00 AM,landslide,continuous_rain,small,0.0,India,Uttarakhand,30.4528,78.1045
4913,06/11/2013 11:00:00 PM,landslide,rain,small,0.0,India,Himachal Pradesh,31.4881,76.6702
3566,06/02/2011 12:00:00 AM,landslide,downpour,medium,0.0,India,Kerala,10.0838,77.0696
130,07/19/2007 12:00:00 AM,landslide,rain,medium,6.0,India,Assam,26.1699,91.7986
1067,07/31/2009 12:00:00 AM,landslide,monsoon,medium,1.0,Nepal,Mid Western,28.8378,81.708
1048,07/02/2009 03:00:00 AM,landslide,monsoon,medium,3.0,Nepal,Western Region,28.2039,83.9806
1049,07/02/2009 12:00:00 AM,landslide,monsoon,medium,2.0,Nepal,Western Region,27.9447,84.2279
1062,07/27/2009 12:00:00 AM,landslide,monsoon,large,13.0,Nepal,,28.0,85.71
1065,07/31/2009 12:00:00 AM,landslide,monsoon,medium,5.0,Nepal,Western Region,28.1046,83.8791
3712,07/03/2011 12:00:00 AM,landslide,downpour,medium,2.0,Nepal,Western Region,27.7394,83.5754
3709,07/03/2011 12:00:00 AM,landslide,downpour,medium,0.0,Nepal,Western Region,28.3683,83.2934
3710,07/03/2011 12:00:00 AM,landslide,downpour,medium,0.0,Nepal,Western Region,28.0889,83.2934
3978,09/17/2011 09:00:00 AM,landslide,downpour,medium,7.0,Nepal,,28.3875,82.6474
5102,07/14/2013 12:00:00 AM,landslide,unknown,medium,0.0,Nepal,Mid Western,28.4311,82.1847
5103,07/14/2013 12:00:00 AM,landslide,unknown,medium,0.0,Nepal,Mid Western,28.6202,82.4393
666,07/24/2008 12:00:00 AM,landslide,downpour,medium,,Nepal,Far Western,29.0833,81.3333
8220,09/16/2015 12:00:00 AM,landslide,unknown,medium,0.0,Nepal,Eastern Region,26.9597,86.5598
9319,02/22/2016 11:00:00 PM,landslide,unknown,medium,0.0,Nepal,Western Region,28.5873,83.7508
3790,07/16/2011 12:00:00 AM,landslide,rain,medium,,Nepal,Western Region,27.99134853,84.06527738
9249,07/30/2016 09:00:00 AM,landslide,unknown,small,1.0,Nepal,Central Region,27.5269,85.5641
5909,02/28/2014 12:00:00 AM,landslide,unknown,large,0.0,Nepal,Western Region,29.58,80.67
7325,08/16/2015 01:00:00 PM,landslide,rain,medium,0.0,Nepal,Western Region,28.2576,83.6182
2313,08/23/2010 02:00:00 AM,landslide,downpour,medium,0.0,Nepal,Western Region,27.59,83.88
191,08/19/2007 12:00:00 AM,landslide,rain,medium,11.0,Nepal,Central Region,27.4211,85.0249
3724,07/04/2011 08:00:00 AM,landslide,downpour,large,6.0,Nepal,Western Region,28.9743,83.8713
2099,07/19/2010 12:00:00 AM,landslide,monsoon,medium,0.0,Nepal,Mid Western,29.0399,81.7191
2403,09/08/2010 02:30:00 AM,landslide,downpour,medium,2.0,Nepal,,27.7773,85.8416
2307,08/21/2010 12:00:00 AM,landslide,downpour,medium,0.0,Nepal,Eastern Region,27.2485,86.6444
3779,07/15/2011 12:00:00 AM,landslide,downpour,medium,3.0,Nepal,Western Region,27.8871,83.9704
4726,01/21/2013 12:00:00 AM,landslide,snowfall_snowmelt,medium,,Nepal,Mid Western,29.1426,81.8833
1114,08/20/2009 12:00:00 AM,landslide,continuous_rain,medium,0.0,Nepal,Western Region,27.9504,84.3075
8677,10/08/2015 02:00:00 AM,landslide,rain,medium,2.0,Nepal,Eastern Region,27.2625,87.6017
7225,07/19/2015 08:00:00 AM,landslide,continuous_rain,small,0.0,Nepal,Western Region,28.2658,83.6117
1392,01/10/2010 09:00:00 AM,mudslide,mining,medium,1.0,Nepal,Mid Western,28.12,82.86
2287,08/19/2010 11:00:00 PM,landslide,downpour,medium,0.0,Nepal,Western Region,28.3401,83.5983
3697,07/02/2011 12:00:00 AM,landslide,downpour,medium,0.0,Nepal,Western Region,27.9939,84.094
1229,10/06/2009 12:00:00 AM,landslide,downpour,medium,3.0,Nepal,Far Western,29.2944,81.3
6164,07/20/2014 11:00:00 PM,landslide,rain,small,0.0,Nepal,Eastern Region,28.8389,82.2873
6553,08/26/2014 06:00:00 PM,landslide,continuous_rain,medium,1.0,Nepal,Western Region,28.0989,83.8734
6549,08/25/2014 09:00:00 AM,riverbank_collapse,downpour,small,3.0,Nepal,Western Region,28.2134,83.9557
6526,08/14/2014 12:00:00 AM,landslide,monsoon,medium,0.0,Nepal,Western Region,28.3466,85.0058
5443,09/03/2013 12:00:00 AM,landslide,downpour,medium,,Nepal,Western Region,28.3922,83.1913
7315,05/24/2015 12:00:00 AM,landslide,unknown,medium,0.0,Nepal,Western Region,28.3928,83.5942
5446,09/03/2013 12:00:00 AM,landslide,downpour,medium,0.0,Nepal,Western Region,28.2399,83.2266
5342,08/17/2013 09:00:00 AM,landslide,continuous_rain,medium,0.0,Nepal,Mid Western,28.935,82.3125
5302,08/09/2013 12:00:00 AM,landslide,downpour,medium,,Nepal,Western Region,28.3742,83.5214
3998,09/30/2011 12:00:00 AM,landslide,earthquake,medium,0.0,Nepal,Western Region,28.4115,84.7943
9167,06/14/2016 12:00:00 AM,landslide,downpour,medium,0.0,Nepal,Eastern Region,26.8823,87.9125
2428,09/14/2010 12:00:00 AM,landslide,downpour,medium,0.0,Nepal,Far Western,29.477,80.3491
5470,09/06/2013 11:00:00 PM,landslide,continuous_rain,medium,,Nepal,Eastern Region,26.8722,87.3303
7106,05/02/2015 12:00:00 AM,landslide,earthquake,small,0.0,Nepal,Western Region,28.2135,84.7277
232,09/05/2007 12:00:00 AM,landslide,rain,medium,1.0,Nepal,Central Region,27.9167,84.25
2060,07/11/2010 09:00:00 AM,landslide,downpour,medium,2.0,Nepal,Western Region,28.0063,83.7826
6139,07/13/2014 12:00:00 AM,landslide,rain,small,3.0,Nepal,Central Region,27.5687,85.34
4997,06/29/2013 12:00:00 AM,landslide,downpour,medium,0.0,Nepal,,28.3536,82.3997
9139,06/14/2016 08:00:00 PM,mudslide,continuous_rain,medium,2.0,Nepal,Eastern Region,27.6276,87.7924
1913,05/29/2010 09:00:00 AM,landslide,rain,medium,3.0,Nepal,Western Region,28.11,83.68
6565,08/25/2011 12:00:00 AM,unknown,unknown,medium,0.0,Nepal,Mid Western,29.5311,81.9616
801,09/21/2008 12:00:00 AM,landslide,downpour,medium,6.0,Nepal,Mid Western,28.51,81.48
3989,09/26/2011 11:20:00 PM,landslide,flooding,medium,5.0,Nepal,Eastern Region,27.4082091,87.29003611
2430,09/14/2010 12:00:00 AM,landslide,downpour,medium,0.0,Nepal,,27.8732,85.9259
5101,07/14/2013 12:00:00 AM,landslide,rain,medium,0.0,Nepal,Mid Western,28.0583,82.402
6979,06/11/2015 12:00:00 AM,landslide,downpour,large,53.0,Nepal,Eastern Region,27.36,87.6681
2057,07/11/2010 11:00:00 PM,landslide,downpour,medium,0.0,Nepal,Central Region,27.81963827,84.46652548
7319,08/17/2015 12:00:00 AM,landslide,rain,medium,0.0,Nepal,Western Region,28.2887,83.8974
4901,06/05/2013 10:00:00 PM,mudslide,downpour,large,9.0,Nepal,Eastern Region,27.4513,87.6093
257,09/10/2007 11:00:00 PM,landslide,rain,large,3.0,Nepal,Central Region,27.2667,85.9667
5040,07/06/2013 09:00:00 AM,landslide,unknown,medium,,Nepal,Central Region,27.7801,84.4384
7307,08/04/2015 12:00:00 AM,landslide,unknown,medium,0.0,Nepal,Western Region,28.2872,84.2015
3715,07/03/2011 12:00:00 AM,landslide,continuous_rain,medium,0.0,Nepal,Eastern Region,26.8998,86.7014
1132,09/01/2009 10:00:00 PM,landslide,monsoon,large,14.0,Nepal,Eastern Region,27.4167,86.6667
4560,09/17/2012 11:00:00 PM,landslide,downpour,medium,4.0,Nepal,Western Region,28.023,83.8049
7643,04/10/2016 11:00:00 PM,landslide,downpour,medium,1.0,Nepal,Central Region,27.5108,86.02
3781,07/15/2011 09:00:00 AM,landslide,downpour,large,13.0,Nepal,Mid Western,28.7434,82.4753
8375,06/30/2016 11:00:00 PM,landslide,downpour,medium,1.0,Nepal,Far Western,29.6394,80.7179
3686,07/01/2011 12:00:00 AM,landslide,rain,medium,1.0,Nepal,Central Region,27.9333,84.4167
3824,07/21/2011 12:00:00 AM,landslide,rain,medium,1.0,Nepal,Central Region,28.0889,85.6352
3814,07/20/2011 09:00:00 AM,landslide,rain,medium,2.0,Nepal,Western Region,28.2638,83.9725
3700,07/02/2011 12:00:00 AM,landslide,downpour,medium,0.0,Nepal,Western Region,28.0075,84.088
5164,07/22/2013 12:00:00 AM,landslide,downpour,medium,1.0,Nepal,Western Region,27.9142,83.7876
5075,07/10/2013 12:00:00 AM,landslide,rain,medium,0.0,Nepal,Eastern Region,27.5001,86.8669
2315,08/23/2010 12:00:00 AM,landslide,downpour,medium,1.0,Nepal,Mid Western,29.4605,81.682
1158,09/12/2009 12:00:00 AM,landslide,downpour,medium,3.0,Nepal,Far Western,29.3083,81.057
6564,08/21/2011 12:00:00 AM,landslide,unknown,medium,0.0,Nepal,Mid Western,29.5023,82.2504
9267,08/01/2016 07:00:00 AM,landslide,rain,medium,0.0,Nepal,Central Region,27.8009,84.8423
145,07/28/2007 12:00:00 AM,landslide,rain,medium,,Nepal,Mid Western,28.0764,83.2519
7651,08/11/2015 12:00:00 AM,landslide,continuous_rain,medium,1.0,Nepal,Far Western,29.3064,81.0561
7006,06/26/2015 06:00:00 PM,landslide,continuous_rain,medium,0.0,Nepal,Western Region,28.1881,84.8711
123,07/12/2007 12:00:00 AM,landslide,rain,medium,,Nepal,Western Region,28.2168,83.6666
5713,12/23/2013 03:00:00 PM,mudslide,mining,medium,2.0,Nepal,Far Western,29.3577,80.3109
4958,06/18/2013 12:00:00 AM,landslide,downpour,medium,,Nepal,Mid Western,29.5326,82.1482
2360,08/29/2010 10:00:00 PM,landslide,downpour,medium,0.0,Nepal,Eastern Region,27.7276,88.0446
2316,08/23/2010 12:00:00 AM,landslide,downpour,medium,1.0,Nepal,Central Region,27.6041,84.8603
2035,07/04/2010 11:00:00 PM,landslide,downpour,medium,5.0,Nepal,Central Region,28.05,84.95
9035,07/16/2016 12:00:00 AM,landslide,continuous_rain,medium,0.0,Nepal,Mid Western,29.5679,82.283
7316,08/15/2015 11:00:00 PM,landslide,downpour,medium,3.0,Nepal,Mid Western,28.8425,81.7097
3704,07/02/2011 08:00:00 AM,landslide,downpour,medium,3.0,Nepal,Far Western,29.0396,81.2519
5056,07/07/2013 12:00:00 AM,landslide,downpour,medium,,Nepal,Mid Western,29.1309,81.6631
7949,06/28/2016 12:00:00 AM,mudslide,downpour,small,0.0,Nepal,Central Region,28.0336,85.2178
2447,09/18/2010 09:00:00 AM,landslide,downpour,medium,0.0,Nepal,Central Region,27.509,85.1505
216,08/28/2007 12:00:00 AM,landslide,rain,medium,5.0,Nepal,Western Region,28.3323,83.7438
122,07/12/2007 12:00:00 AM,landslide,rain,medium,3.0,Nepal,Far Western,29.356,81.3098
3679,06/30/2011 12:00:00 AM,landslide,downpour,medium,1.0,Nepal,Western Region,28.0004,84.033
3940,08/22/2011 12:00:00 AM,landslide,downpour,medium,5.0,Nepal,Mid Western,28.799,82.4712
4409,06/13/2012 12:00:00 AM,landslide,downpour,medium,,Nepal,Western Region,27.828,83.6349
6524,08/15/2014 12:00:00 AM,mudslide,unknown,medium,2.0,Nepal,Mid Western,28.4414,82.624
5169,07/22/2013 12:00:00 AM,landslide,downpour,medium,0.0,Nepal,Central Region,27.5,84.6663
5167,07/22/2013 12:00:00 AM,landslide,downpour,medium,0.0,Nepal,Central Region,27.7898,86.3499
9030,07/16/2016 09:00:00 AM,landslide,unknown,medium,1.0,Nepal,Western Region,28.1347,83.2369
6545,08/23/2014 11:00:00 PM,landslide,continuous_rain,medium,1.0,Nepal,Western Region,28.4333,83.1202
2346,08/27/2010 12:00:00 AM,landslide,downpour,medium,0.0,Nepal,Mid Western,28.1171,83.2497
4954,06/18/2013 12:00:00 AM,landslide,rain,medium,7.0,Nepal,Mid Western,28.8519,81.7086
9588,09/03/2016 12:00:00 AM,landslide,unknown,medium,1.0,Nepal,Western Region,28.4499,83.3453
5445,09/03/2013 12:00:00 AM,landslide,downpour,medium,0.0,Nepal,Western Region,28.3328,83.3742
2061,07/11/2010 09:00:00 AM,landslide,downpour,medium,0.0,Nepal,Western Region,28.1605,84.0907
795,09/19/2008 12:00:00 AM,landslide,downpour,medium,,Nepal,Western Region,27.72,83.4724
6517,08/14/2014 12:00:00 AM,landslide,continuous_rain,medium,1.0,Nepal,Mid Western,28.5237,82.5891
3810,07/19/2011 12:00:00 AM,landslide,downpour,medium,4.0,Nepal,Central Region,27.9358,85.1893
6454,08/07/2014 11:00:00 PM,landslide,continuous_rain,medium,2.0,Nepal,Central Region,27.8953,85.6016
7044,07/01/2015 09:00:00 AM,landslide,downpour,medium,0.0,Nepal,Eastern Region,26.8366,88.0839
9171,06/10/2016 12:00:00 AM,landslide,unknown,medium,,Nepal,Mid Western,29.4596,82.0446
154,08/03/2007 12:00:00 AM,landslide,rain,medium,,Nepal,Western Region,27.9271,83.529
3689,07/01/2011 04:30:00 AM,landslide,rain,medium,2.0,Nepal,Western Region,27.8173,83.4643
765,08/30/2008 12:00:00 AM,landslide,downpour,medium,2.0,Nepal,Central Region,28.01031874,84.37740614
2152,07/27/2010 09:00:00 AM,landslide,downpour,medium,,Nepal,Central Region,27.81229512,84.67982275
263,09/12/2007 12:00:00 AM,landslide,rain,medium,2.0,Nepal,Eastern Region,27.3667,87.2167
6160,07/18/2014 12:00:00 AM,landslide,continuous_rain,small,0.0,Nepal,Central Region,27.8126,84.8051
7595,08/07/2015 12:00:00 AM,rock_fall,unknown,medium,0.0,Nepal,Far Western,29.8587,80.5547
2146,07/26/2010 12:00:00 AM,landslide,downpour,medium,0.0,Nepal,Western Region,28.2649,83.7843
9158,07/25/2016 12:00:00 AM,riverbank_collapse,unknown,medium,0.0,Nepal,Central Region,27.21545164,85.91452544
2231,08/10/2010 12:00:00 AM,landslide,downpour,medium,7.0,Nepal,Far Western,29.4469,81.4867
8899,07/10/2016 09:00:00 AM,landslide,downpour,large,0.0,Nepal,Eastern Region,27.4159,87.6909
1279,11/05/2009 12:00:00 AM,landslide,downpour,medium,1.0,Nepal,Central Region,27.5,85.35
3874,08/03/2011 12:00:00 AM,landslide,downpour,small,0.0,Nepal,Central Region,27.7165,85.4279
7905,08/27/2015 12:00:00 AM,landslide,rain,medium,5.0,Nepal,Central Region,27.8569,85.1287
1098,08/17/2009 11:00:00 PM,landslide,downpour,medium,1.0,Nepal,Far Western,29.3083,80.5792
2030,06/30/2010 03:00:00 AM,landslide,downpour,medium,0.0,Nepal,Eastern Region,26.97,86.74
818,09/20/2008 12:00:00 AM,landslide,downpour,medium,5.0,Nepal,Far Western,29.11803174,80.67774011
3939,08/22/2011 12:00:00 AM,landslide,downpour,medium,3.0,Nepal,Mid Western,28.8687,82.1707
6295,09/19/2014 12:00:00 AM,landslide,unknown,medium,0.0,Nepal,Western Region,28.285,83.8521
6063,06/17/2014 11:00:00 PM,landslide,downpour,small,0.0,Nepal,Far Western,29.2983,80.7651
1086,08/14/2009 06:00:00 PM,landslide,downpour,medium,0.0,Nepal,Mid Western,28.25,83.1792
6512,08/14/2014 03:00:00 PM,landslide,unknown,medium,0.0,Nepal,Central Region,27.5742,85.1509
4579,10/01/2012 12:00:00 AM,landslide,downpour,large,11.0,Nepal,Eastern Region,26.8016,88.0499
152,08/02/2007 12:00:00 AM,landslide,rain,medium,,Nepal,Eastern Region,26.4596,87.2758
6081,06/20/2014 12:00:00 AM,landslide,continuous_rain,small,9.0,Nepal,Western Region,28.0872,83.2935
9185,07/25/2016 11:00:00 PM,rock_fall,unknown,medium,0.0,Nepal,Eastern Region,27.1005,87.7831
9326,05/19/2016 11:00:00 PM,landslide,downpour,medium,4.0,Nepal,Mid Western,29.158,81.5714
1226,10/06/2009 12:00:00 AM,landslide,downpour,large,12.0,Nepal,Far Western,29.2833,80.675
4429,06/23/2012 12:00:00 AM,landslide,downpour,medium,3.0,Nepal,Far Western,29.3588,81.31
170,08/10/2007 12:00:00 AM,complex,downpour,medium,,Nepal,Mid Western,28.601,81.601
4561,09/17/2012 09:00:00 AM,landslide,downpour,medium,,Nepal,Central Region,27.5684,85.2254
9193,07/25/2016 11:00:00 PM,landslide,unknown,medium,3.0,Nepal,Central Region,27.5567,85.1173
6546,08/23/2014 11:00:00 PM,landslide,continuous_rain,medium,1.0,Nepal,Western Region,28.1296,83.5004
204,08/24/2007 12:00:00 AM,landslide,rain,medium,6.0,Nepal,Mid Western,27.9167,83.0833
6518,08/13/2014 12:00:00 AM,landslide,rain,medium,2.0,Nepal,Mid Western,28.9446,82.2494
6199,08/16/2014 12:00:00 AM,landslide,downpour,large,9.0,Nepal,Mid Western,27.9911,82.3018
6320,09/16/2014 03:30:00 AM,landslide,downpour,medium,3.0,Nepal,Mid Western,28.3921,82.4696
286,09/29/2007 12:00:00 AM,landslide,rain,medium,,Nepal,Western Region,27.8667,83.4833
4442,06/28/2012 12:00:00 AM,landslide,downpour,medium,7.0,Nepal,Western Region,27.9526,84.227
2359,08/29/2010 11:00:00 PM,landslide,downpour,medium,0.0,Nepal,Western Region,28.2653,83.6032
7007,06/26/2015 12:00:00 AM,landslide,continuous_rain,large,0.0,Nepal,Western Region,28.266,84.8942
2325,08/24/2010 12:00:00 AM,landslide,downpour,medium,5.0,Nepal,Eastern Region,27.35,87.6667
6077,06/20/2014 12:00:00 AM,landslide,rain,medium,7.0,Nepal,Western Region,28.0816,83.2934
2549,10/06/2010 04:00:00 AM,landslide,rain,medium,0.0,Nepal,Western Region,27.88159864,83.77762394
9080,07/20/2016 12:00:00 AM,landslide,unknown,medium,0.0,Nepal,Central Region,27.8883,85.5097
1137,09/05/2009 11:00:00 PM,landslide,downpour,medium,2.0,Nepal,Central Region,27.3667,86.0868
6070,06/19/2014 11:00:00 PM,landslide,rain,medium,3.0,Nepal,Mid Western,28.0054,82.68
2167,07/29/2010 08:00:00 AM,landslide,continuous_rain,medium,,Nepal,Central Region,27.80766085,84.69570744
7723,08/21/2015 11:47:00 AM,landslide,earthquake,medium,1.0,Nepal,Central Region,28.0297,85.0934
5378,08/19/2013 12:00:00 AM,landslide,tropical_cyclone,medium,1.0,Nepal,Mid Western,29.0387,82.7442
2326,08/24/2010 12:00:00 AM,landslide,downpour,medium,1.0,Nepal,Eastern Region,27.07,87.73
7100,07/05/2015 06:00:00 PM,landslide,continuous_rain,medium,0.0,Nepal,Western Region,28.2631,84.2461
7112,04/28/2015 12:00:00 AM,mudslide,snowfall_snowmelt,large,250.0,Nepal,Central Region,28.2001,85.4611
9206,07/26/2016 11:00:00 PM,landslide,continuous_rain,large,3.0,Nepal,Mid Western,28.2091,82.8541
6937,08/09/2013 12:00:00 AM,landslide,unknown,medium,0.0,Nepal,Western Region,28.2741,83.7417
3937,08/22/2011 12:00:00 AM,landslide,downpour,medium,0.0,Nepal,Western Region,28.1901,83.6972
5505,09/12/2013 11:00:00 PM,landslide,rain,medium,2.0,Nepal,Eastern Region,27.3414,86.7506
2446,09/18/2010 12:00:00 AM,landslide,downpour,medium,0.0,Nepal,Central Region,27.5086,85.0855
6118,06/30/2014 11:00:00 PM,landslide,continuous_rain,small,1.0,Nepal,Western Region,28.2912,83.9422
4448,07/05/2012 12:00:00 AM,landslide,downpour,medium,,Nepal,Western Region,28.0458,83.6695
3716,07/03/2011 12:00:00 AM,landslide,continuous_rain,medium,0.0,Nepal,Central Region,27.3167,86.5
2090,07/16/2010 12:00:00 AM,landslide,downpour,medium,0.0,Nepal,Central Region,28.02,84.96
5136,07/19/2013 11:00:00 PM,landslide,unknown,medium,,Nepal,Western Region,27.7115,83.9072
7687,06/29/2015 12:00:00 AM,landslide,continuous_rain,medium,0.0,Nepal,Far Western,29.5089,81.6693
7620,08/07/2015 12:00:00 AM,mudslide,continuous_rain,medium,0.0,Nepal,Central Region,27.6788,85.514
654,07/18/2008 12:00:00 AM,landslide,monsoon,medium,8.0,Nepal,Far Western,28.9,80.87
8228,07/04/2016 12:00:00 AM,landslide,downpour,medium,5.0,Nepal,Western Region,28.2856,83.0426
6522,08/14/2014 12:00:00 AM,landslide,rain,medium,1.0,Nepal,Central Region,27.737,84.6073
9543,10/05/2016 12:00:00 AM,landslide,rain,medium,0.0,Nepal,Western Region,27.8987,84.5386
7061,05/12/2015 12:00:00 AM,landslide,earthquake,medium,0.0,Nepal,Central Region,28.0257,85.7262
9036,07/16/2016 12:00:00 AM,landslide,continuous_rain,medium,0.0,Nepal,Mid Western,29.5687,82.2837
4959,06/18/2013 12:00:00 AM,landslide,rain,medium,0.0,Nepal,Mid Western,29.1145,81.6865
4519,08/28/2012 12:00:00 AM,landslide,downpour,medium,,Nepal,Central Region,27.3172,86.5
6082,06/20/2014 12:00:00 AM,landslide,continuous_rain,small,4.0,Nepal,Mid Western,28.0084,82.821
7320,08/17/2015 12:00:00 AM,landslide,rain,medium,0.0,Nepal,Western Region,28.2924,83.871
3703,07/02/2011 12:00:00 AM,landslide,downpour,medium,1.0,Nepal,Western Region,28.0537,83.961
707,08/10/2008 12:00:00 AM,landslide,continuous_rain,medium,,Nepal,Eastern Region,26.9122,87.919
1113,08/20/2009 12:00:00 AM,landslide,rain,medium,0.0,Nepal,Eastern Region,27.6072,86.9985
9149,07/23/2016 06:10:00 AM,landslide,unknown,medium,,Nepal,Western Region,27.8324,84.5512
7898,08/28/2015 02:00:00 AM,landslide,downpour,medium,5.0,Nepal,Central Region,27.8426,85.3418
7650,08/10/2015 11:00:00 PM,landslide,continuous_rain,medium,5.0,Nepal,Far Western,29.346,81.0083
9532,10/02/2016 08:00:00 AM,landslide,rain,medium,0.0,Nepal,Central Region,27.5778,85.1717
7946,09/05/2015 03:00:00 PM,landslide,unknown,medium,1.0,Nepal,Eastern Region,26.9865,87.8982
4952,06/18/2013 09:00:00 AM,landslide,rain,large,0.0,Nepal,Mid Western,28.4513,82.2801
7647,04/10/2015 11:00:00 PM,landslide,unknown,large,0.0,Nepal,Western Region,28.1436,84.6979
3823,07/21/2011 12:00:00 AM,landslide,rain,medium,1.0,Nepal,Central Region,27.703,85.3183
730,08/18/2008 12:00:00 AM,landslide,downpour,medium,8.0,Nepal,Far Western,29.9,81.1333
2036,07/04/2010 12:00:00 AM,landslide,downpour,medium,0.0,Nepal,Western Region,28.0306,83.8617
2371,09/02/2010 12:00:00 AM,landslide,downpour,medium,0.0,Nepal,Central Region,27.59,86.1
5438,09/02/2013 11:00:00 PM,landslide,downpour,medium,0.0,Nepal,Western Region,28.3962,83.2549
2532,10/02/2010 06:00:00 PM,landslide,rain,medium,0.0,Nepal,Mid Western,28.1906,82.314
8335,06/27/2016 05:00:00 AM,landslide,unknown,medium,0.0,Nepal,Western Region,27.8178,84.4443
8364,07/01/2016 12:00:00 AM,landslide,continuous_rain,large,0.0,Nepal,Western Region,28.1321,84.4723
2031,06/30/2010 12:00:00 AM,landslide,downpour,medium,0.0,Nepal,Western Region,27.7223,83.4763
2334,08/25/2010 12:00:00 AM,landslide,downpour,medium,1.0,Nepal,Western Region,28.0401,83.8901
3701,07/02/2011 12:00:00 AM,landslide,downpour,medium,0.0,Nepal,Central Region,27.6991,84.4179
8377,06/30/2016 11:00:00 PM,landslide,downpour,medium,1.0,Nepal,Far Western,29.7535,80.4934
226,09/02/2007 12:00:00 AM,complex,rain,medium,2.0,Nepal,Mid Western,29.184,81.6018
719,08/15/2008 12:00:00 AM,mudslide,downpour,medium,6.0,Nepal,Mid Western,29.1964,81.7557
2372,09/02/2010 03:00:00 AM,landslide,downpour,medium,0.0,Nepal,Central Region,27.8916,85.5036
7247,07/16/2015 12:00:00 AM,landslide,monsoon,small,0.0,Nepal,Central Region,27.6314,85.0813
9039,07/16/2016 11:00:00 PM,landslide,downpour,large,0.0,Nepal,Far Western,29.4578,81.4655
7104,05/03/2015 12:00:00 AM,landslide,unknown,small,0.0,Nepal,Western Region,28.4202,84.8996
9163,07/24/2016 09:00:00 AM,landslide,downpour,large,0.0,Nepal,Eastern Region,27.1861,87.1305
1141,09/07/2009 07:00:00 AM,mudslide,mining,medium,2.0,Nepal,,27.7667,86.1334
5439,09/02/2013 11:00:00 PM,landslide,downpour,medium,,Nepal,Mid Western,28.4493,82.9305
6330,11/14/2014 12:00:00 AM,landslide,rain,small,0.0,Nepal,Western Region,28.2724,83.7412
2284,08/19/2010 11:00:00 PM,landslide,downpour,medium,0.0,Nepal,Mid Western,28.3884,82.2826
3773,07/14/2011 12:00:00 AM,landslide,downpour,medium,0.0,Nepal,Western Region,28.178,83.6987
2365,08/30/2010 12:00:00 AM,landslide,downpour,medium,7.0,Nepal,Far Western,29.0834,81.5834
4562,09/17/2012 09:00:00 AM,landslide,downpour,medium,,Nepal,Eastern Region,27.5002,86.5833
7960,06/29/2016 09:00:00 AM,landslide,unknown,medium,2.0,Nepal,Central Region,28.0022,85.133
4475,08/15/2012 12:00:00 AM,landslide,rain,medium,,Nepal,Central Region,27.9783,84.8982
2187,08/01/2010 12:00:00 AM,landslide,downpour,medium,0.0,Nepal,Western Region,28.54,83.62
7881,08/29/2015 02:00:00 PM,landslide,downpour,medium,5.0,Nepal,Central Region,27.8884,85.2118
2314,08/23/2010 05:00:00 AM,landslide,downpour,medium,1.0,Nepal,Central Region,27.6832,85.4434
5159,07/22/2013 12:00:00 AM,landslide,downpour,medium,2.0,Nepal,Western Region,27.8852,83.6275
3809,07/19/2011 11:00:00 PM,landslide,rain,medium,2.0,Nepal,Western Region,28.2636,83.9724
3987,09/25/2011 12:00:00 AM,landslide,rain,medium,1.0,Nepal,Central Region,27.891,85.149
1103,08/19/2009 11:00:00 PM,landslide,continuous_rain,medium,4.0,Nepal,Eastern Region,26.908,87.9258
7947,06/28/2016 12:00:00 AM,landslide,downpour,medium,0.0,Nepal,Central Region,28.2465,85.3644
4506,08/21/2012 12:00:00 AM,landslide,downpour,large,,Nepal,Central Region,27.3329,86.0798
5289,08/06/2013 12:00:00 AM,landslide,mining,medium,,Nepal,Western Region,28.2826,83.7508
3808,07/19/2011 12:00:00 AM,landslide,downpour,medium,1.0,Nepal,Eastern Region,27.2317,86.822
2074,07/13/2010 09:00:00 AM,landslide,downpour,medium,0.0,Nepal,Mid Western,28.2929,82.2617
9500,09/11/2016 12:00:00 AM,unknown,unknown,medium,0.0,Nepal,Central Region,28.2568,85.3679
7358,07/29/2015 11:00:00 PM,landslide,downpour,medium,0.0,Nepal,Western Region,28.2748,83.7432
3713,07/03/2011 12:00:00 AM,landslide,downpour,medium,0.0,Nepal,Western Region,27.7172,83.4658
2398,09/06/2010 05:00:00 AM,mudslide,downpour,medium,0.0,Nepal,Central Region,27.7884,84.4866
2023,06/27/2010 04:00:00 AM,landslide,downpour,medium,0.0,Nepal,Central Region,27.822,84.4935
3780,07/15/2011 12:00:00 AM,landslide,downpour,large,6.0,Nepal,Mid Western,28.7956,82.2314
1047,07/02/2009 12:00:00 AM,landslide,monsoon,medium,3.0,Nepal,Western Region,27.9586,84.2805
9256,01/28/2016 09:00:00 PM,landslide,unknown,medium,0.0,Nepal,Western Region,27.7657,84.4694
2442,09/17/2010 12:00:00 AM,landslide,downpour,medium,0.0,Nepal,Western Region,28.058,83.3588
2357,08/28/2010 09:00:00 AM,landslide,downpour,medium,0.0,Nepal,Western Region,28.0579,84.0719
2441,09/17/2010 09:00:00 AM,landslide,downpour,medium,,Nepal,Central Region,27.86624658,84.63118672
9684,07/03/2011 12:00:00 AM,landslide,continuous_rain,medium,,Nepal,Eastern Region,27.20517346,86.65683342
3685,07/01/2011 12:00:00 AM,landslide,rain,medium,0.0,Nepal,Western Region,27.7,83.45
6550,08/25/2014 01:00:00 PM,landslide,downpour,medium,5.0,Nepal,Central Region,27.8609,85.7763
766,08/30/2008 12:00:00 AM,landslide,rain,medium,2.0,Nepal,Western Region,28.03,84.2945
2147,07/26/2010 12:00:00 AM,landslide,downpour,medium,0.0,Nepal,Western Region,28.3034,83.3773
7317,07/30/2015 12:00:00 AM,landslide,monsoon,medium,6.0,Nepal,Western Region,28.2656,83.8188
9473,08/08/2016 12:00:00 AM,landslide,unknown,medium,1.0,Nepal,Western Region,28.1314,84.8272
5126,07/18/2013 11:00:00 PM,landslide,rain,medium,0.0,Nepal,Western Region,28.2782,84.2758
665,07/24/2008 12:00:00 AM,landslide,downpour,large,,Nepal,Eastern Region,27.0,86.71
6554,08/27/2014 06:00:00 AM,landslide,continuous_rain,medium,3.0,Nepal,Western Region,28.2322,83.7228
4945,06/17/2013 12:00:00 AM,landslide,downpour,medium,,Nepal,Western Region,29.722,80.5118
8022,06/27/2016 12:00:00 AM,landslide,unknown,medium,0.0,Nepal,Central Region,27.0927,85.5502
1179,09/20/2009 12:00:00 AM,mudslide,downpour,medium,2.0,Nepal,Western Region,28.28,83.55
4951,06/18/2013 10:00:00 PM,landslide,downpour,medium,0.0,Nepal,Mid Western,29.0697,82.106
2327,08/24/2010 12:00:00 AM,complex,downpour,medium,0.0,Nepal,Eastern Region,27.2948,87.9377
168,08/10/2007 12:00:00 AM,complex,downpour,medium,6.0,Nepal,Central Region,27.863,84.914
265,09/15/2007 12:00:00 AM,landslide,rain,medium,,Nepal,Far Western,29.5333,80.4333
8229,07/04/2016 12:00:00 AM,mudslide,downpour,medium,3.0,Nepal,Mid Western,28.2324,83.0006
4953,06/18/2013 09:00:00 AM,landslide,downpour,large,12.0,Nepal,Far Western,29.3167,81.5833
767,08/30/2008 12:00:00 AM,landslide,rain,medium,3.0,Nepal,Western Region,28.089,84.4125
9137,07/22/2016 12:00:00 AM,landslide,continuous_rain,medium,0.0,Nepal,Mid Western,28.1836,82.8643
9012,07/15/2016 11:00:00 PM,mudslide,rain,medium,0.0,Nepal,Eastern Region,27.5138,87.8086
39,03/21/2007 12:00:00 AM,landslide,rain,medium,,Nepal,Mid Western,28.3667,82.1667
7245,07/16/2015 12:00:00 AM,landslide,monsoon,medium,1.0,Nepal,Western Region,28.1996,84.0011
7355,07/30/2015 12:15:00 AM,landslide,downpour,medium,27.0,Nepal,Western Region,28.3037,83.8005
9685,07/03/2011 12:00:00 AM,landslide,continuous_rain,medium,,Nepal,Eastern Region,27.30669194,86.77497513
4957,06/18/2013 12:00:00 AM,landslide,rain,medium,0.0,Nepal,,28.2265,82.553
6515,12/15/2014 12:00:00 AM,landslide,continuous_rain,medium,2.0,Nepal,Mid Western,28.3685,82.3731
4956,06/18/2013 12:00:00 AM,landslide,monsoon,medium,0.0,Nepal,Far Western,29.5388,80.9963
6458,08/08/2014 11:00:00 PM,landslide,continuous_rain,medium,4.0,Nepal,Central Region,27.6363,86.2326
261,09/11/2007 12:00:00 AM,landslide,rain,medium,,Nepal,Western Region,29.8496,80.5544
7361,07/30/2015 12:00:00 AM,landslide,monsoon,medium,0.0,Nepal,Western Region,28.3853,83.4625
2509,09/27/2010 09:00:00 AM,mudslide,downpour,medium,1.0,Nepal,Mid Western,28.1981,81.8494
2148,07/26/2010 12:00:00 AM,landslide,downpour,medium,0.0,Nepal,Western Region,28.4763,83.5309
2306,08/21/2010 11:00:00 PM,landslide,continuous_rain,medium,,Nepal,Western Region,27.58124358,83.85213651
9154,07/18/2016 12:00:00 AM,landslide,continuous_rain,large,0.0,Nepal,Central Region,27.5072,86.1424
5138,07/19/2013 12:00:00 AM,landslide,continuous_rain,medium,,Nepal,,28.2318,82.3527
9190,07/25/2016 11:00:00 PM,landslide,unknown,medium,1.0,Nepal,Western Region,27.7625,83.5165
179,08/12/2007 12:00:00 AM,landslide,rain,medium,,Nepal,Far Western,29.57990613,80.50476155
1115,08/20/2009 12:00:00 AM,landslide,downpour,medium,0.0,Nepal,Far Western,29.0958,80.3125
5444,09/03/2013 12:00:00 AM,landslide,downpour,medium,,Nepal,Western Region,28.2632,83.3482
1101,08/18/2009 12:00:00 AM,landslide,downpour,medium,1.0,Nepal,Far Western,29.1917,80.8708
2433,09/15/2010 12:00:00 AM,landslide,downpour,medium,0.0,Nepal,Eastern Region,26.9796,86.7001
3922,08/14/2011 12:00:00 AM,landslide,downpour,medium,0.0,Nepal,Far Western,29.1832,81.5999
722,08/16/2008 12:00:00 AM,landslide,downpour,medium,2.0,Nepal,Mid Western,28.0993,82.8332
5322,08/13/2013 11:00:00 PM,landslide,monsoon,medium,7.0,Nepal,Central Region,27.4907,86.1078
950,12/25/2008 12:00:00 AM,mudslide,mining,medium,3.0,Nepal,Far Western,29.3559,81.3097
6516,08/15/2014 09:00:00 AM,landslide,continuous_rain,medium,1.0,Nepal,Mid Western,28.6985,82.7065
4566,09/18/2012 12:00:00 AM,landslide,downpour,medium,,Nepal,Central Region,27.7923,84.7001
248,09/08/2007 12:00:00 AM,landslide,rain,large,6.0,Nepal,Western Region,28.2333,83.9533
5619,11/01/2013 12:00:00 PM,landslide,unknown,very_large,0.0,Nepal,Western Region,27.9449,83.5109
6158,07/18/2014 09:00:00 AM,landslide,rain,small,0.0,Nepal,Western Region,28.3048,83.6011
2429,09/14/2010 12:00:00 AM,landslide,downpour,medium,0.0,Nepal,,27.7513,85.8166
6187,08/02/2014 02:30:00 AM,landslide,continuous_rain,large,174.0,Nepal,,27.7702,85.8692
7938,09/03/2015 12:00:00 AM,landslide,unknown,medium,0.0,Nepal,Eastern Region,26.8797,87.9172
4937,06/17/2013 12:00:00 AM,landslide,rain,medium,5.0,Nepal,Far Western,29.5193,80.4687
770,09/02/2008 12:00:00 AM,landslide,rain,medium,,Nepal,Eastern Region,27.7649,87.199
6555,08/27/2014 12:00:00 AM,landslide,rain,medium,4.0,Nepal,Central Region,27.8868,85.5107
169,08/10/2007 12:00:00 AM,complex,downpour,medium,,Nepal,Eastern Region,27.016,86.85
2571,10/08/2010 12:00:00 AM,landslide,downpour,medium,2.0,Nepal,Far Western,28.7038,80.9787
612,06/27/2008 12:00:00 AM,landslide,downpour,medium,,Nepal,Western Region,28.57,83.45
5487,09/09/2013 11:00:00 PM,landslide,unknown,medium,2.0,Nepal,,27.772,85.9052
7362,07/30/2015 11:00:00 PM,landslide,monsoon,medium,0.0,Nepal,Western Region,28.2635,83.6118
6069,06/19/2014 11:00:00 PM,landslide,rain,medium,9.0,Nepal,Mid Western,28.0054,82.68
786,09/11/2008 12:00:00 AM,landslide,downpour,medium,1.0,Nepal,Central Region,27.777,85.3717
6171,07/21/2014 12:00:00 AM,landslide,downpour,small,1.0,Nepal,Far Western,29.1491,81.6165
2192,08/02/2010 12:00:00 AM,mudslide,downpour,medium,6.0,Nepal,,27.6661,86.0332
7246,07/16/2015 12:00:00 AM,landslide,monsoon,medium,0.0,Nepal,Central Region,27.7768,85.8888
7032,06/29/2015 12:00:00 AM,landslide,earthquake,medium,0.0,Nepal,Central Region,27.4916,85.4416
803,09/21/2008 12:00:00 AM,landslide,downpour,medium,26.0,Nepal,Far Western,28.833,80.9
1046,07/01/2009 11:00:00 PM,landslide,monsoon,medium,3.0,Nepal,Mid Western,29.7225,82.5068
2059,07/11/2010 09:00:00 AM,landslide,downpour,medium,,Nepal,Western Region,28.299,84.0366
7107,07/03/2015 11:00:00 PM,landslide,continuous_rain,small,0.0,Nepal,Western Region,28.1046,84.6634
8676,07/04/2016 12:00:00 AM,landslide,continuous_rain,medium,0.0,Nepal,Western Region,28.2317,84.8756
3739,07/06/2011 12:00:00 AM,landslide,downpour,medium,0.0,Nepal,Central Region,27.6454,84.125
2058,07/11/2010 09:00:00 AM,landslide,downpour,medium,3.0,Nepal,Western Region,28.22020061,84.17758452
2029,06/30/2010 09:00:00 AM,landslide,downpour,medium,0.0,Nepal,Eastern Region,27.6063,87.2196
4960,06/18/2013 12:00:00 AM,landslide,rain,medium,0.0,Nepal,Central Region,27.8196,85.2114
764,08/29/2008 12:00:00 AM,landslide,downpour,medium,4.0,Nepal,Far Western,29.3833,81.3167
4235,03/01/2012 12:00:00 AM,landslide,unknown,medium,1.0,Nepal,Central Region,28.1038,85.0548
9682,08/30/2008 12:00:00 AM,landslide,downpour,medium,3.0,Nepal,Central Region,28.10025822,84.42143526
2196,08/03/2010 09:00:00 AM,mudslide,downpour,medium,4.0,Nepal,Western Region,28.2598,84.0999
3918,08/13/2011 12:00:00 AM,mudslide,downpour,medium,5.0,Nepal,Eastern Region,27.6674,86.7174
8679,07/05/2016 12:00:00 AM,landslide,construction,medium,3.0,Nepal,Western Region,28.298,84.9671
802,09/21/2008 12:00:00 AM,landslide,downpour,medium,10.0,Nepal,Far Western,28.694,80.595
3977,09/17/2011 12:00:00 AM,landslide,downpour,medium,3.0,Nepal,Central Region,27.3824,86.0567
7075,06/30/2015 12:00:00 AM,landslide,flooding,medium,0.0,Nepal,Eastern Region,26.9071,87.9217
3687,07/01/2011 12:00:00 AM,landslide,rain,medium,1.0,Nepal,Western Region,27.6264,83.3789
5163,07/22/2013 12:00:00 AM,landslide,downpour,medium,1.0,Nepal,Western Region,27.9196,83.8799
7648,11/11/2015 09:00:00 AM,landslide,rain,medium,3.0,Nepal,Western Region,28.1281,83.3841
7357,07/30/2015 12:00:00 AM,landslide,monsoon,medium,5.0,Nepal,Western Region,28.5167,83.3426
9499,09/11/2016 12:00:00 AM,rock_fall,unknown,medium,0.0,Nepal,Central Region,28.2183,85.3573
763,08/29/2008 12:00:00 AM,landslide,rain,medium,1.0,Nepal,Eastern Region,27.499,87.106
6280,09/25/2014 12:00:00 AM,landslide,unknown,medium,0.0,Nepal,Central Region,27.8519,85.5248
3979,09/17/2011 12:00:00 AM,landslide,monsoon,medium,7.0,Nepal,Mid Western,28.25,82.7311
1227,10/06/2009 12:00:00 AM,landslide,downpour,medium,4.0,Nepal,Western Region,28.1778,83.7
219,08/31/2007 12:00:00 AM,landslide,rain,medium,2.0,Nepal,Mid Western,28.0667,83.25
3702,07/02/2011 12:00:00 AM,landslide,downpour,medium,0.0,Nepal,Far Western,29.1265,81.2574
5297,08/08/2013 11:00:00 PM,landslide,unknown,medium,,Nepal,Mid Western,27.8664,83.1036
2092,07/17/2010 12:00:00 AM,landslide,downpour,medium,0.0,Nepal,Far Western,29.2675,80.9499
6165,07/20/2014 12:00:00 AM,landslide,rain,medium,2.0,Nepal,Far Western,29.2777,80.9871
7318,07/30/2015 12:00:00 AM,landslide,monsoon,medium,2.0,Nepal,Western Region,28.2798,83.8494
5472,09/06/2013 11:00:00 PM,landslide,continuous_rain,medium,,Nepal,Eastern Region,26.9149,87.3372
5162,07/22/2013 12:00:00 AM,landslide,downpour,medium,0.0,Nepal,Western Region,27.859,83.6014
6935,06/10/2015 11:00:00 PM,landslide,downpour,large,15.0,Nepal,Eastern Region,27.5905,87.7955
7646,04/18/2016 12:00:00 AM,rock_fall,unknown,small,1.0,Nepal,Western Region,28.678,84.2297
3688,07/01/2011 12:00:00 AM,landslide,rain,medium,2.0,Nepal,Western Region,27.7395,83.5753
2393,09/04/2010 09:00:00 AM,landslide,downpour,medium,0.0,Nepal,Western Region,27.9333,83.653
6183,07/27/2014 09:00:00 AM,landslide,rain,small,0.0,Nepal,Mid Western,28.6881,81.6309
4991,06/27/2013 11:00:00 PM,landslide,downpour,medium,2.0,Nepal,Far Western,29.378,81.3559
6980,06/13/2015 12:00:00 AM,rock_fall,earthquake,small,0.0,Nepal,Central Region,27.7786,85.3867
4921,06/15/2013 12:00:00 AM,landslide,rain,medium,0.0,Nepal,Eastern Region,27.1418,87.7788
9159,07/25/2016 12:00:00 AM,rock_fall,continuous_rain,medium,,Nepal,Central Region,27.6019,85.225
4903,06/06/2013 09:00:00 AM,landslide,downpour,medium,1.0,Nepal,Western Region,28.2717,83.5906
7103,05/03/2015 12:00:00 AM,landslide,unknown,small,0.0,Nepal,Western Region,28.4202,84.8996
4505,08/21/2012 12:00:00 AM,landslide,downpour,medium,,Nepal,Eastern Region,27.404,87.065
4580,10/01/2012 11:00:00 PM,landslide,downpour,large,5.0,Nepal,Eastern Region,27.4191,87.2714
7356,07/30/2015 12:00:00 AM,landslide,monsoon,medium,1.0,Nepal,Western Region,28.5266,83.2765
3822,07/21/2011 12:00:00 AM,landslide,rain,medium,0.0,Nepal,Far Western,29.5194,80.469
2448,09/18/2010 12:00:00 AM,landslide,downpour,medium,0.0,Nepal,Central Region,27.7948,84.8566
6936,06/18/2015 12:00:00 AM,landslide,monsoon,medium,1.0,Nepal,Western Region,28.2974,83.8
9164,07/24/2016 09:00:00 AM,landslide,downpour,large,0.0,Nepal,Eastern Region,27.1979,87.0809
1228,10/06/2009 12:00:00 AM,landslide,downpour,medium,3.0,Nepal,Far Western,29.2611,81.1833
4889,05/31/2013 09:00:00 AM,mudslide,rain,medium,1.0,Nepal,Central Region,27.7366,85.3305
3711,07/03/2011 12:00:00 AM,landslide,downpour,medium,0.0,Nepal,Western Region,27.8173,83.4644
9180,06/07/2016 11:00:00 PM,landslide,rain,medium,0.0,Nepal,Central Region,27.8027,85.9149
3919,08/14/2011 12:00:00 AM,landslide,downpour,medium,0.0,Nepal,Western Region,27.9604,84.2231
5161,07/22/2013 12:00:00 AM,landslide,downpour,medium,0.0,Nepal,Western Region,27.9706,83.397
1066,07/31/2009 12:00:00 AM,landslide,monsoon,medium,3.0,Nepal,Western Region,27.9582,84.2726
9208,07/27/2016 01:00:00 AM,landslide,rain,medium,1.0,Nepal,Western Region,28.1855,83.6527
3714,07/03/2011 12:00:00 AM,landslide,continuous_rain,medium,0.0,Nepal,Eastern Region,27.1722,87.0479
5135,07/19/2013 11:00:00 PM,landslide,unknown,medium,5.0,Nepal,Western Region,27.6746,83.7533
7005,06/25/2015 12:00:00 AM,landslide,monsoon,small,0.0,Nepal,Central Region,28.172,85.0852
5488,09/09/2013 11:00:00 PM,landslide,unknown,medium,3.0,Nepal,,27.7757,85.9614
6571,08/31/2011 12:00:00 AM,landslide,rain,medium,0.0,Nepal,Mid Western,28.6572,82.2345
2399,09/06/2010 12:00:00 AM,landslide,downpour,medium,0.0,Nepal,,27.8143,85.8315
7090,04/25/2015 12:00:00 AM,landslide,earthquake,large,60.0,Nepal,Central Region,28.2064,85.575
657,07/22/2008 12:00:00 AM,landslide,downpour,medium,,Nepal,Eastern Region,27.6,87.24
7113,04/28/2015 03:00:00 PM,rock_fall,earthquake,small,6.0,Nepal,Western Region,27.7908,84.4783
3921,08/14/2011 12:00:00 AM,landslide,downpour,medium,0.0,Nepal,Mid Western,29.2385,81.7285
2286,08/19/2010 11:00:00 PM,landslide,downpour,medium,0.0,Nepal,Western Region,28.0276,83.3164
6514,08/15/2014 12:00:00 AM,landslide,continuous_rain,medium,2.0,Nepal,Western Region,28.0081,84.6476
9273,06/04/2016 07:15:00 AM,landslide,downpour,medium,0.0,Nepal,Far Western,29.3038,80.6581
2089,07/16/2010 11:00:00 PM,landslide,downpour,medium,3.0,Nepal,Mid Western,28.4197,83.1421
3934,08/19/2011 12:00:00 AM,landslide,downpour,medium,0.0,Nepal,Mid Western,28.2719,83.7405
5469,09/06/2013 06:00:00 PM,landslide,continuous_rain,medium,,Nepal,Eastern Region,26.9318,87.3201
3928,08/16/2011 12:00:00 AM,landslide,downpour,medium,2.0,Nepal,Far Western,29.2027,80.5307
9556,09/28/2016 12:00:00 AM,landslide,downpour,medium,4.0,Nepal,Western Region,28.3131,84.9895
752,08/27/2008 12:00:00 AM,landslide,downpour,medium,,Nepal,Mid Western,29.2,81.7
5168,07/22/2013 12:00:00 AM,landslide,downpour,medium,0.0,Nepal,Central Region,27.7713,86.166
9526,10/01/2016 02:30:00 AM,landslide,continuous_rain,medium,3.0,Nepal,Central Region,27.7759,85.8701
1104,08/19/2009 12:00:00 AM,landslide,downpour,medium,0.0,Nepal,Eastern Region,26.8042,88.125
2285,08/19/2010 11:00:00 PM,landslide,downpour,medium,0.0,Nepal,Mid Western,27.7592,82.6335
205,08/24/2007 12:00:00 AM,landslide,rain,medium,3.0,Nepal,Mid Western,28.0877,83.0971
3717,07/03/2011 12:00:00 AM,landslide,continuous_rain,medium,0.0,Nepal,Eastern Region,27.26132994,86.77220558
689,08/06/2008 12:00:00 AM,landslide,downpour,large,10.0,Nepal,Far Western,29.428,81.28
5471,09/06/2013 11:00:00 PM,landslide,continuous_rain,medium,,Nepal,Eastern Region,26.8988,87.2773
6523,08/12/2014 03:30:00 AM,landslide,downpour,medium,3.0,Nepal,Mid Western,28.3537,82.6184
2919,12/30/2010 09:00:00 AM,mudslide,downpour,medium,5.0,Nepal,Far Western,29.7415,81.2467
6051,06/07/2014 12:00:00 AM,landslide,continuous_rain,medium,3.0,Nepal,Mid Western,29.5442,81.6254
116,07/05/2007 12:00:00 AM,landslide,rain,medium,7.0,Nepal,Western Region,28.1952,83.6099
7615,08/08/2015 01:30:00 PM,landslide,unknown,medium,3.0,Nepal,Western Region,27.7185,83.47
6138,07/13/2014 12:00:00 AM,landslide,rain,small,6.0,Nepal,,27.9411,85.6838
8911,07/07/2016 11:00:00 PM,landslide,downpour,large,0.0,Nepal,Eastern Region,27.7009,86.726
3875,08/03/2011 12:00:00 AM,landslide,downpour,medium,3.0,Nepal,,28.7014,82.6513
6227,08/16/2014 12:00:00 AM,landslide,rain,large,,Nepal,Mid Western,28.61209203,81.64645269
9246,07/29/2016 12:00:00 AM,landslide,downpour,large,0.0,Nepal,Far Western,29.8825,81.2603
227,09/03/2007 12:00:00 AM,landslide,rain,medium,,Nepal,Central Region,27.3258,86.087
1369,12/23/2009 12:00:00 AM,landslide,rain,medium,1.0,Nepal,Far Western,29.48,80.94
9260,07/29/2016 12:00:00 AM,landslide,downpour,unknown,0.0,Nepal,Eastern Region,27.3027,86.5079
245,09/07/2007 12:00:00 AM,landslide,rain,medium,9.0,Nepal,Central Region,27.5964,85.1114
5447,09/03/2013 12:00:00 AM,landslide,downpour,medium,0.0,Nepal,Western Region,28.4505,83.342
672,07/27/2008 12:00:00 AM,landslide,rain,medium,,Nepal,Central Region,27.09,86.37
9605,10/13/2016 12:00:00 AM,landslide,continuous_rain,medium,0.0,Nepal,Eastern Region,26.8772,87.3215
3938,08/22/2011 12:00:00 AM,landslide,downpour,medium,2.0,Nepal,Mid Western,28.3594,82.1279
4938,06/17/2013 12:00:00 AM,landslide,rain,medium,2.0,Nepal,Far Western,29.0508,81.3
3923,08/14/2011 12:00:00 AM,landslide,downpour,medium,0.0,Nepal,Mid Western,29.139,81.773
9327,05/20/2016 09:00:00 AM,landslide,unknown,small,0.0,Nepal,Central Region,27.8187,85.7734
6521,08/10/2014 10:00:00 PM,landslide,downpour,medium,0.0,Nepal,Mid Western,28.6792,82.6789
9521,10/03/2016 12:00:00 AM,landslide,downpour,medium,0.0,Nepal,Western Region,28.0461,83.2627
5166,07/22/2013 12:00:00 AM,landslide,downpour,medium,2.0,Nepal,Western Region,28.3341,83.4966
788,09/12/2008 12:00:00 AM,landslide,downpour,medium,2.0,Nepal,Central Region,27.7167,85.15
9683,07/03/2011 12:00:00 AM,landslide,continuous_rain,medium,0.0,Nepal,Eastern Region,27.21819015,86.91913823
6557,08/29/2014 09:00:00 AM,landslide,unknown,medium,3.0,Nepal,Central Region,27.8315,85.1638
2311,08/22/2010 09:00:00 AM,landslide,downpour,medium,0.0,Nepal,Mid Western,27.9937,82.4827
1370,12/26/2009 12:00:00 AM,rock_fall,rain,medium,4.0,Nepal,Western Region,27.7211,83.4692
6520,08/14/2014 12:00:00 AM,landslide,continuous_rain,medium,2.0,Nepal,Mid Western,28.9429,82.3354
282,09/26/2007 12:00:00 AM,landslide,continuous_rain,medium,,Nepal,Western Region,28.4167,83.6667
630,07/06/2008 12:00:00 AM,landslide,unknown,medium,2.0,Nepal,Central Region,27.92,85.19
2374,09/02/2010 12:00:00 AM,landslide,downpour,medium,0.0,Nepal,Central Region,27.7745,85.2401
7099,05/03/2015 12:00:00 AM,landslide,unknown,small,0.0,Nepal,Central Region,27.8287,85.5763
6173,07/22/2014 12:00:00 AM,landslide,rain,small,0.0,Nepal,Western Region,27.9995,84.6333
749,08/26/2008 12:00:00 AM,landslide,rain,medium,,Nepal,Western Region,28.278,84.35
6461,08/08/2014 11:00:00 PM,landslide,continuous_rain,medium,0.0,Nepal,Western Region,28.2045,84.7387
233,09/05/2007 12:00:00 AM,landslide,rain,medium,,Nepal,Central Region,27.7667,85.7
2373,09/02/2010 07:00:00 AM,landslide,downpour,medium,0.0,Nepal,,27.7838,85.8369
3920,08/14/2011 12:00:00 AM,landslide,downpour,medium,0.0,Nepal,Far Western,29.1657,81.5631
6645,04/25/2014 01:00:00 PM,landslide,unknown,medium,3.0,Nepal,Western Region,28.3511,84.1176
5165,07/22/2013 12:00:00 AM,landslide,downpour,large,1.0,Nepal,Western Region,27.9687,83.9066
3778,07/15/2011 06:00:00 PM,landslide,rain,small,0.0,Nepal,,27.9512,85.6846
9269,08/01/2016 04:00:00 AM,landslide,rain,medium,0.0,Nepal,Central Region,27.805,84.9005
4911,06/10/2013 12:00:00 AM,landslide,downpour,medium,0.0,Nepal,Western Region,28.3952,83.5043
2434,09/15/2010 12:00:00 AM,landslide,downpour,medium,0.0,Nepal,Western Region,27.8808,83.3395
2572,10/08/2010 12:00:00 PM,landslide,unknown,medium,1.0,Nepal,Eastern Region,27.6291,87.9436
3699,07/02/2011 12:00:00 AM,landslide,downpour,medium,0.0,Nepal,Western Region,27.9654,84.4107
9126,07/20/2016 03:00:00 PM,landslide,unknown,medium,0.0,Nepal,Western Region,28.6019,83.3378
606,06/24/2008 12:00:00 AM,landslide,downpour,medium,4.0,Nepal,Central Region,28.18,85.11
6812,03/03/2015 12:00:00 AM,snow_avalanche,unknown,medium,0.0,Nepal,Mid Western,30.1818,81.4392
3964,09/05/2011 11:00:00 PM,landslide,rain,medium,7.0,Nepal,Mid Western,28.7773,82.4728
5160,07/22/2013 12:00:00 AM,landslide,downpour,medium,1.0,Nepal,Western Region,27.8686,83.6606
6159,07/18/2014 12:00:00 AM,landslide,continuous_rain,medium,0.0,Nepal,Central Region,27.9639,84.8981
716,08/14/2008 12:00:00 AM,mudslide,rain,medium,,Nepal,Central Region,27.795,84.432
3698,07/02/2011 12:00:00 AM,landslide,downpour,medium,0.0,Nepal,Western Region,27.9507,84.415
2328,08/24/2010 12:00:00 AM,landslide,downpour,medium,0.0,Nepal,Eastern Region,27.1303,87.8711
681,07/31/2008 12:00:00 AM,landslide,downpour,large,10.0,Nepal,Mid Western,28.7236,82.1515
768,08/31/2008 12:00:00 AM,landslide,downpour,large,3.0,Nepal,Eastern Region,27.4385,87.0898
7081,07/05/2015 12:00:00 AM,rock_fall,monsoon,small,2.0,Nepal,Central Region,27.0483,86.3248
4955,06/18/2013 12:00:00 AM,landslide,rain,medium,0.0,Nepal,Western Region,27.8595,83.7711
1175,09/19/2009 11:00:00 PM,landslide,downpour,medium,1.0,Nepal,Eastern Region,27.425,87.0569
7058,05/12/2015 12:00:00 AM,landslide,earthquake,medium,28.0,Nepal,Central Region,27.7368,86.1636
206,08/24/2007 12:00:00 AM,landslide,rain,medium,,Nepal,,28.6167,82.6167
4350,05/05/2012 06:30:00 AM,complex,downpour,large,72.0,Nepal,Western Region,28.524,84.0095
5076,07/10/2013 12:00:00 AM,landslide,rain,medium,0.0,Nepal,Eastern Region,27.62,86.84
9053,06/16/2016 12:00:00 AM,landslide,unknown,large,0.0,Nepal,Western Region,27.9869,84.2765
4910,06/10/2013 11:00:00 PM,landslide,downpour,medium,0.0,Nepal,Western Region,28.376,83.4946
6459,08/04/2014 09:00:00 AM,landslide,downpour,medium,6.0,Nepal,Eastern Region,27.4083,87.2739
9295,07/31/2016 12:00:00 AM,landslide,continuous_rain,medium,0.0,Nepal,Eastern Region,27.1748,86.775
9261,07/31/2016 12:00:00 AM,unknown,monsoon,unknown,40.0,Nepal,Western Region,28.0095,83.8669
2312,08/23/2010 07:00:00 AM,landslide,downpour,medium,0.0,Bhutan,Tongsa,27.5,90.5034
2117,07/22/2010 12:00:00 AM,landslide,downpour,medium,0.0,Bhutan,Gasa,27.8122,89.9019
9681,05/21/2010 12:00:00 AM,landslide,downpour,medium,,Bhutan,Paro,27.21898773,89.5187916
1099,08/18/2009 01:00:00 PM,landslide,downpour,medium,1.0,Bhutan,Chhukha,27.044,89.5744
3816,07/21/2011 11:00:00 PM,landslide,downpour,medium,1.0,Bhutan,Tongsa,27.5003,90.5081
4549,09/14/2012 12:00:00 AM,landslide,downpour,medium,,Bhutan,Thimphu,27.5205,89.7466
239,09/07/2007 12:00:00 AM,landslide,rain,medium,2.0,Bhutan,Chhukha,27.0667,89.5833
758,08/29/2008 12:00:00 AM,mudslide,rain,medium,,Bhutan,Shemgang,27.05,90.8
1882,05/20/2010 12:00:00 AM,landslide,downpour,medium,,Bhutan,Paro,27.21962595,89.5187916
2067,07/13/2010 12:00:00 AM,complex,downpour,medium,0.0,Bhutan,Paro,27.21782272,89.51924545
1100,08/18/2009 06:00:00 PM,landslide,downpour,medium,0.0,Bhutan,Chhukha,26.8928,89.4497
1225,10/06/2009 12:00:00 AM,landslide,downpour,medium,,Bhutan,Shemgang,27.0524,90.4997
2110,07/21/2010 02:00:00 AM,landslide,downpour,medium,3.0,Bhutan,Chhukha,26.8599,89.3943
254,09/10/2007 12:00:00 AM,landslide,rain,medium,,Bhutan,Shemgang,27.0971,90.4032
2116,07/22/2010 12:00:00 AM,landslide,downpour,medium,0.0,Bhutan,Chhukha,27.0674,89.5615
2109,07/21/2010 12:00:00 AM,landslide,downpour,medium,0.0,Bhutan,Daga,27.0502,89.9442
1260,10/15/2009 12:00:00 AM,mudslide,rain,small,0.0,Bhutan,Paro,27.3144,89.545
574,06/07/2008 12:00:00 AM,complex,rain,medium,12.0,Bhutan,Chhukha,26.7969,89.591
4554,09/15/2012 12:00:00 AM,landslide,downpour,large,,Bhutan,Chhukha,26.8597,89.3903
4309,04/06/2012 11:00:00 PM,complex,unknown,medium,0.0,Bhutan,Shemgang,27.256,90.5257
9073,12/17/2015 12:00:00 AM,landslide,mining,large,1.0,Myanmar [Burma],Sagain,22.1306,95.5488
9119,12/25/2015 06:00:00 PM,landslide,mining,medium,5.0,Myanmar [Burma],Kachin,26.0746,97.3668
2555,10/06/2010 12:00:00 AM,landslide,downpour,medium,0.0,Myanmar [Burma],Shan,22.6461,97.3193
518,05/02/2008 12:00:00 AM,mudslide,tropical_cyclone,medium,,Myanmar [Burma],Bago,17.7963,96.1703
9243,01/24/2016 09:30:00 AM,landslide,mining,medium,3.0,Myanmar [Burma],Yangon,16.8686,96.1433
8686,10/11/2015 12:00:00 AM,landslide,downpour,medium,8.0,Myanmar [Burma],Kayah,19.2201,97.3876
163,08/08/2007 12:00:00 AM,landslide,rain,medium,,Myanmar [Burma],Magway,21.5332,94.4332
6656,01/06/2015 07:05:00 PM,other,downpour,medium,4.0,Myanmar [Burma],Kachin,25.6172,96.3005
6276,10/17/2014 06:30:00 PM,landslide,downpour,medium,5.0,Myanmar [Burma],Shan,20.7844,97.0235
6124,07/04/2014 12:00:00 AM,landslide,rain,large,70.0,Myanmar [Burma],Kachin,25.6157,96.3167
9309,05/23/2016 08:15:00 PM,landslide,downpour,medium,14.0,Myanmar [Burma],Kachin,25.6127,96.2961
3622,06/18/2011 10:00:00 AM,landslide,downpour,large,2.0,Myanmar [Burma],Shan,21.0,99.0
7313,08/01/2015 06:30:00 AM,landslide,continuous_rain,large,21.0,Myanmar [Burma],Chin,24.1077,94.0396
866,10/28/2008 12:00:00 AM,landslide,downpour,large,13.0,Myanmar [Burma],Shan,20.2947,98.9344
5226,07/28/2013 12:00:00 AM,landslide,downpour,large,,Myanmar [Burma],Kayin,16.6803,98.3667
2559,10/07/2010 11:00:00 PM,landslide,downpour,medium,0.0,Myanmar [Burma],Rakhine,20.8482,92.4524
9245,01/25/2016 12:00:00 AM,landslide,mining,medium,6.0,Myanmar [Burma],Kachin,25.6226,96.2946
2554,10/06/2010 10:00:00 PM,landslide,downpour,medium,0.0,Myanmar [Burma],Kachin,23.9723,96.8566
1034,06/03/2009 11:00:00 PM,landslide,downpour,medium,4.0,Myanmar [Burma],Tanintharyi,10.00028043,98.54866159
824,10/01/2008 12:00:00 AM,landslide,downpour,medium,,Myanmar [Burma],Rakhine,20.8605,92.489
9365,04/02/2016 12:00:00 AM,landslide,unknown,large,104.0,Myanmar [Burma],Kachin,25.6219,96.2887
1813,05/03/2010 09:00:00 AM,landslide,mining,medium,15.0,Myanmar [Burma],Kachin,25.4053,97.8542
6930,03/30/2015 09:00:00 AM,landslide,mining,medium,9.0,Myanmar [Burma],Kachin,25.6115,96.2907
5969,03/20/2014 12:00:00 AM,landslide,construction,unknown,6.0,Myanmar [Burma],Kachin,25.8509,97.4381
1051,07/04/2009 12:00:00 AM,landslide,downpour,large,24.0,Myanmar [Burma],Kachin,26.026,97.3715
1899,05/24/2010 12:00:00 AM,mudslide,downpour,medium,0.0,Myanmar [Burma],Rakhine,20.8486,92.4504
2084,07/15/2010 12:00:00 AM,landslide,downpour,medium,0.0,Myanmar [Burma],Kachin,25.6167,96.3167
7314,08/01/2015 12:00:00 AM,landslide,rain,medium,0.0,Myanmar [Burma],Chin,23.7736,94.1201
2649,10/23/2010 12:00:00 AM,landslide,tropical_cyclone,medium,0.0,Myanmar [Burma],Magway,19.9166,94.3761
6277,06/15/2014 12:00:00 AM,landslide,downpour,medium,0.0,Myanmar [Burma],Shan,20.7916,97.0484
9027,07/12/2016 12:00:00 AM,landslide,mining,medium,4.0,Myanmar [Burma],Kachin,25.6566,96.3495
720,08/16/2008 12:00:00 AM,landslide,monsoon,medium,6.0,Myanmar [Burma],Mandalay,22.9,96.48
582,06/11/2008 12:00:00 AM,landslide,downpour,medium,11.0,Myanmar [Burma],Mandalay,22.9231,96.5016
8708,10/13/2015 12:00:00 AM,landslide,monsoon,large,17.0,Myanmar [Burma],Mandalay,22.1334,96.4669
678,07/30/2008 12:00:00 AM,complex,downpour,large,20.0,Myanmar [Burma],Kachin,25.606,96.275
4021,10/20/2011 12:00:00 AM,landslide,downpour,large,0.0,Myanmar [Burma],Magway,21.3354,95.0827
1211,10/02/2009 12:00:00 AM,landslide,downpour,medium,,Myanmar [Burma],Tanintharyi,10.00349068,98.55613004
1990,06/15/2010 12:00:00 AM,landslide,downpour,medium,17.0,Myanmar [Burma],Rakhine,20.87,92.5275
1989,06/15/2010 12:00:00 AM,landslide,downpour,large,46.0,Myanmar [Burma],Rakhine,20.8287,92.4063
8714,10/11/2015 12:00:00 AM,landslide,downpour,medium,8.0,Myanmar [Burma],Kayah,18.8204,97.1594
5394,08/23/2013 12:00:00 AM,landslide,downpour,medium,0.0,Myanmar [Burma],Chin,22.9167,93.6833
6846,03/08/2015 12:00:00 AM,mudslide,mining,large,50.0,Myanmar [Burma],Kachin,25.6183,96.2964
712,08/13/2008 12:00:00 AM,landslide,rain,medium,,Myanmar [Burma],Mon,16.624,97.938
6172,07/22/2014 07:00:00 AM,mudslide,downpour,medium,5.0,Myanmar [Burma],Kachin,24.7594,97.5634
311,10/15/2007 12:00:00 AM,mudslide,rain,medium,3.0,Bangladesh,Khulna,22.5333,89.4
6020,05/10/2014 09:00:00 AM,landslide,rain,medium,0.0,Bangladesh,Sylhet,24.5784,91.7227
5834,02/03/2014 12:00:00 AM,landslide,unknown,medium,1.0,Bangladesh,Chittagong,22.3475,91.8123
6019,05/10/2014 09:00:00 AM,landslide,rain,small,3.0,Bangladesh,Sylhet,24.4136,91.7561
3804,07/19/2011 12:00:00 AM,landslide,downpour,large,4.0,Bangladesh,Dhaka,23.7118,90.4077
1027,05/18/2009 08:00:00 AM,mudslide,downpour,medium,6.0,Bangladesh,,24.3083,91.7333
1064,07/31/2009 12:00:00 AM,landslide,downpour,medium,10.0,Bangladesh,Chittagong,22.2251,92.19
1979,06/15/2010 12:00:00 AM,landslide,downpour,medium,4.0,Bangladesh,Chittagong,21.1899,92.1571
9333,02/25/2016 01:00:00 PM,landslide,mining,small,1.0,Bangladesh,Sylhet,25.1622,92.0104
85,06/11/2007 12:00:00 AM,mudslide,downpour,medium,3.0,Bangladesh,Chittagong,22.6368,92.1453
8280,09/21/2015 07:00:00 AM,landslide,rain,medium,2.0,Bangladesh,Chittagong,22.3496,91.8138
7000,06/26/2015 02:00:00 PM,landslide,monsoon,medium,1.0,Bangladesh,Chittagong,21.4409,92.0074
4598,10/30/2012 09:00:00 AM,landslide,rain,medium,1.0,Bangladesh,Chittagong,21.443,92.0076
1978,06/15/2010 04:00:00 AM,landslide,downpour,medium,7.0,Bangladesh,Chittagong,20.92931962,92.22263842
8955,11/16/2015 12:00:00 AM,landslide,unknown,small,1.0,Bangladesh,Sylhet,25.0821,91.7783
6792,02/22/2015 08:30:00 PM,mudslide,mining,medium,4.0,Bangladesh,Sylhet,25.1472,91.7483
4432,06/24/2012 12:00:00 AM,landslide,downpour,large,31.0,Bangladesh,Chittagong,22.3312,91.8252
9308,02/16/2016 11:00:00 PM,rock_fall,mining,small,1.0,Bangladesh,Sylhet,24.9007,91.8644
1975,06/15/2010 12:00:00 AM,landslide,downpour,medium,6.0,Bangladesh,Chittagong,21.23704301,92.19530189
9321,05/21/2016 09:00:00 AM,landslide,tropical_cyclone,small,2.0,Bangladesh,Chittagong,22.6239,91.6743
318,10/19/2007 12:00:00 AM,landslide,unknown,medium,,Bangladesh,Chittagong,22.894,91.5327
3680,07/01/2011 06:00:00 AM,landslide,downpour,large,17.0,Bangladesh,Chittagong,22.344,91.8161
7365,08/01/2015 03:00:00 AM,mudslide,continuous_rain,small,7.0,Bangladesh,Chittagong,21.7773,92.1991
4743,01/30/2013 12:00:00 AM,landslide,rain,large,,Bangladesh,Chittagong,22.6205,91.6591
7283,07/26/2015 07:00:00 AM,landslide,continuous_rain,small,0.0,Bangladesh,Chittagong,22.4254,91.8022
7023,06/01/2015 02:00:00 PM,landslide,mining,medium,2.0,Bangladesh,Chittagong,22.0104,91.9538
4430,06/24/2012 12:00:00 AM,landslide,downpour,large,41.0,Bangladesh,Chittagong,21.38070054,92.01072983
741,08/23/2008 04:00:00 PM,landslide,downpour,medium,,Bangladesh,Chittagong,22.344,91.8188
7003,06/27/2015 09:00:00 AM,landslide,monsoon,small,1.0,Bangladesh,Chittagong,21.444,92.1117
4248,03/08/2012 08:30:00 AM,landslide,unknown,medium,1.0,Bangladesh,Chittagong,21.5202,91.9696
5001,06/30/2013 06:00:00 AM,mudslide,downpour,medium,1.0,Bangladesh,Chittagong,21.9907,92.4951
1976,06/15/2010 04:00:00 AM,landslide,downpour,medium,4.0,Bangladesh,Chittagong,21.23291114,92.19905362
7134,04/19/2015 09:00:00 AM,mudslide,dam_embankment_collapse,small,2.0,Bangladesh,Rājshāhi,24.5582,88.1825
1977,06/15/2010 04:00:00 AM,landslide,downpour,medium,1.0,Bangladesh,Chittagong,21.23967983,92.19314477
3898,08/08/2011 12:00:00 AM,landslide,rain,medium,2.0,Bangladesh,Chittagong,22.2009,92.2168
1972,06/15/2010 12:00:00 AM,landslide,downpour,medium,2.0,Bangladesh,Chittagong,21.4384,92.0082
7298,07/27/2015 12:00:00 AM,landslide,continuous_rain,small,0.0,Bangladesh,Chittagong,22.3513,91.8295
7004,06/27/2015 09:00:00 AM,landslide,monsoon,small,1.0,Bangladesh,Chittagong,21.4406,92.118
253,09/10/2007 12:00:00 AM,mudslide,rain,medium,2.0,Bangladesh,Chittagong,23.8917,90.9733
7001,06/27/2015 10:30:00 AM,landslide,flooding,medium,2.0,Bangladesh,Chittagong,21.0853,92.1414
7924,09/01/2015 11:30:00 AM,landslide,downpour,medium,1.0,Bangladesh,Chittagong,21.47819035,91.96737514
6753,02/08/2015 12:00:00 PM,rock_fall,mining,small,1.0,Bangladesh,Chittagong,22.202,92.2217
6982,06/11/2015 09:00:00 AM,landslide,rain,small,0.0,Bangladesh,Sylhet,24.9016,91.8771
7281,07/27/2015 02:00:00 AM,landslide,continuous_rain,medium,5.0,Bangladesh,Chittagong,20.9383,92.2195
626,07/03/2008 12:00:00 AM,landslide,downpour,medium,20.0,Bangladesh,Chittagong,21.44,92.0
5218,07/28/2013 04:30:00 AM,landslide,downpour,medium,2.0,Bangladesh,Chittagong,22.3521,91.8151
1980,06/15/2010 08:00:00 AM,landslide,downpour,medium,4.0,Bangladesh,Chittagong,22.0,92.3333
7223,07/19/2015 01:30:00 AM,other,downpour,small,3.0,Bangladesh,Chittagong,22.3507,91.8147
7718,08/21/2015 12:00:00 AM,landslide,continuous_rain,medium,0.0,Bangladesh,Chittagong,22.1909,92.2135
727,08/18/2008 12:00:00 AM,landslide,monsoon,medium,11.0,Bangladesh,Chittagong,22.3421,91.8242
683,08/01/2008 12:00:00 AM,landslide,rain,medium,,Bangladesh,Sylhet,24.896,91.9022
4431,06/24/2012 12:00:00 AM,landslide,downpour,large,36.0,Bangladesh,Chittagong,21.7684,92.3783
7359,09/27/2015 12:00:00 AM,landslide,construction,small,0.0,Bangladesh,Chittagong,22.3605,91.8236
7222,07/19/2015 02:00:00 AM,landslide,downpour,small,3.0,Bangladesh,Chittagong,22.3913,91.8177
1974,06/15/2010 12:00:00 AM,landslide,downpour,large,31.0,Bangladesh,Chittagong,21.06313524,92.19566765
6758,02/09/2015 11:00:00 AM,other,mining,small,2.0,Bangladesh,Sylhet,24.3311,91.5642
7002,06/26/2015 03:00:00 AM,landslide,monsoon,medium,2.0,Bangladesh,Chittagong,22.2144,92.235
84,06/11/2007 10:00:00 AM,landslide,monsoon,very_large,128.0,Bangladesh,Chittagong,22.3555,91.8205
4349,05/03/2012 09:00:00 AM,landslide,snowfall_snowmelt,medium,,China,Tibet Autonomous Region,27.978,85.9742
4024,10/22/2011 07:30:00 AM,landslide,downpour,medium,0.0,China,Tibet Autonomous Region,29.7453,98.5567
6265,10/19/2014 12:00:00 AM,landslide,unknown,medium,0.0,China,Tibet Autonomous Region,30.3306,98.1578
6988,06/24/2015 12:00:00 AM,landslide,downpour,medium,0.0,China,Tibet Autonomous Region,31.2025,97.2296
7108,05/01/2015 12:00:00 AM,landslide,earthquake,small,16.0,China,Tibet Autonomous Region,27.9715,85.9623
6119,07/01/2014 04:00:00 AM,mudslide,rain,medium,0.0,China,Tibet Autonomous Region,29.7929,95.8044
8964,06/18/2016 12:00:00 AM,landslide,rain,medium,0.0,China,Tibet Autonomous Region,29.8246,94.413
668,07/25/2008 12:00:00 AM,landslide,downpour,medium,,China,Tibet Autonomous Region,27.982,85.9757
4392,06/06/2012 12:00:00 AM,landslide,downpour,medium,,China,Tibet Autonomous Region,29.2409,95.9761
4342,05/01/2012 08:00:00 AM,landslide,downpour,medium,,China,Tibet Autonomous Region,28.1631,85.9834
7703,05/11/2016 12:00:00 AM,landslide,earthquake,medium,0.0,China,Tibet Autonomous Region,31.5583,95.2747
3605,06/13/2011 08:00:00 AM,landslide,rain,medium,0.0,China,Tibet Autonomous Region,29.6491,94.3615
792,09/16/2008 12:00:00 AM,landslide,downpour,medium,,China,Tibet Autonomous Region,29.8,95.7
4427,06/22/2012 03:00:00 PM,landslide,downpour,large,,China,Tibet Autonomous Region,30.4297,97.1598
5039,07/06/2013 09:30:00 PM,mudslide,downpour,medium,0.0,China,Tibet Autonomous Region,29.8901,95.5728
4791,03/29/2013 06:00:00 AM,landslide,snowfall_snowmelt,very_large,83.0,China,Tibet Autonomous Region,29.6699,91.1549
1777,04/23/2010 12:00:00 AM,complex,continuous_rain,medium,0.0,China,Tibet Autonomous Region,29.176,97.7991
4347,05/03/2012 12:00:00 AM,landslide,downpour,large,,China,Tibet Autonomous Region,29.4903,90.9352
