{
"type": "FeatureCollection",
"name": "habitations",
"crs": { "type": "name", "properties": { "name": "urn:ogc:def:crs:OGC:1.3:CRS84" } },
"xy_coordinate_resolution": 1e-06,
"features": [
{ "type": "Feature", "properties": { "HAB_ID": 233421, "STATE_ID": 4, "DISTRICT_I": 378, "BLOCK_ID": 1648, "HAB_NAME": "chotowashiling 1", "TOT_POPULA": 275, "dist_to_main_network_m": 21.0 }, "geometry": { "type": "Point", "coordinates": [ 92.926921, 25.752848 ] } },
{ "type": "Feature", "properties": { "HAB_ID": 300597, "STATE_ID": 4, "DISTRICT_I": 378, "BLOCK_ID": 1648, "HAB_NAME": "Digandu 3", "TOT_POPULA": 117, "dist_to_main_network_m": 36.0 }, "geometry": { "type": "Point", "coordinates": [ 92.994807, 25.800126 ] } },
{ "type": "Feature", "properties": { "HAB_ID": 631246, "STATE_ID": 4, "DISTRICT_I": 378, "BLOCK_ID": 1647, "HAB_NAME": "longrenbra", "TOT_POPULA": 370, "dist_to_main_network_m": 163.0 }, "geometry": { "type": "Point", "coordinates": [ 93.253031, 25.475035 ] } },
{ "type": "Feature", "properties": { "HAB_ID": 529198, "STATE_ID": 4, "DISTRICT_I": 378, "BLOCK_ID": 2138, "HAB_NAME": "kayang Deswali", "TOT_POPULA": 795, "dist_to_main_network_m": 1361.0 }, "geometry": { "type": "Point", "coordinates": [ 92.798489, 25.086786 ] } },
{ "type": "Feature", "properties": { "HAB_ID": 420651, "STATE_ID": 4, "DISTRICT_I": 378, "BLOCK_ID": 2460, "HAB_NAME": "Nchurelo", "TOT_POPULA": 171, "dist_to_main_network_m": 33.0 }, "geometry": { "type": "Point", "coordinates": [ 93.131351, 25.179252 ] } },
{ "type": "Feature", "properties": { "HAB_ID": 601336, "STATE_ID": 4, "DISTRICT_I": 378, "BLOCK_ID": 2460, "HAB_NAME": "N Wari III", "TOT_POPULA": 41, "dist_to_main_network_m": 28.0 }, "geometry": { "type": "Point", "coordinates": [ 93.043848, 25.213285 ] } },
{ "type": "Feature", "properties": { "HAB_ID": 420652, "STATE_ID": 4, "DISTRICT_I": 378, "BLOCK_ID": 2460, "HAB_NAME": "Nchangjol", "TOT_POPULA": 169, "dist_to_main_network_m": 123.0 }, "geometry": { "type": "Point", "coordinates": [ 93.180901, 25.03861 ] } },
{ "type": "Feature", "properties": { "HAB_ID": 1185587, "STATE_ID": 4, "DISTRICT_I": 378, "BLOCK_ID": 2460, "HAB_NAME": "Jangli Basti", "TOT_POPULA": 86, "dist_to_main_network_m": 20.0 }, "geometry": { "type": "Point", "coordinates": [ 93.119153, 25.174343 ] } },
{ "type": "Feature", "properties": { "HAB_ID": 1185596, "STATE_ID": 4, "DISTRICT_I": 378, "BLOCK_ID": 2460, "HAB_NAME": "T. Muolkoi", "TOT_POPULA": 116, "dist_to_main_network_m": 53.0 }, "geometry": { "type": "Point", "coordinates": [ 93.163497, 25.102123 ] } },
{ "type": "Feature", "properties": { "HAB_ID": 424380, "STATE_ID": 4, "DISTRICT_I": 378, "BLOCK_ID": 2460, "HAB_NAME": "Namjeurang", "TOT_POPULA": 181, "dist_to_main_network_m": 36.0 }, "geometry": { "type": "Point", "coordinates": [ 93.120648, 25.180468 ] } },
{ "type": "Feature", "properties": { "HAB_ID": 303132, "STATE_ID": 4, "DISTRICT_I": 378, "BLOCK_ID": 1647, "HAB_NAME": "dimrum", "TOT_POPULA": 90, "dist_to_main_network_m": 202.0 }, "geometry": { "type": "Point", "coordinates": [ 93.051157, 25.406683 ] } },
{ "type": "Feature", "properties": { "HAB_ID": 613748, "STATE_ID": 4, "DISTRICT_I": 378, "BLOCK_ID": 2460, "HAB_NAME": "Monigaon", "TOT_POPULA": 248, "dist_to_main_network_m": 30.0 }, "geometry": { "type": "Point", "coordinates": [ 93.120802, 25.176544 ] } },
{ "type": "Feature", "properties": { "HAB_ID": 1185588, "STATE_ID": 4, "DISTRICT_I": 378, "BLOCK_ID": 2460, "HAB_NAME": "N Hojai", "TOT_POPULA": 174, "dist_to_main_network_m": 497.0 }, "geometry": { "type": "Point", "coordinates": [ 93.017998, 25.221936 ] } },
{ "type": "Feature", "properties": { "HAB_ID": 669175, "STATE_ID": 4, "DISTRICT_I": 378, "BLOCK_ID": 1647, "HAB_NAME": "Manderdisa -II", "TOT_POPULA": 147, "dist_to_main_network_m": 113.0 }, "geometry": { "type": "Point", "coordinates": [ 93.137321, 25.734108 ] } },
{ "type": "Feature", "properties": { "HAB_ID": 1003803, "STATE_ID": 4, "DISTRICT_I": 378, "BLOCK_ID": 1647, "HAB_NAME": "solpidong", "TOT_POPULA": 42, "dist_to_main_network_m": 88.0 }, "geometry": { "type": "Point", "coordinates": [ 93.394339, 25.345064 ] } },
{ "type": "Feature", "properties": { "HAB_ID": 1100252, "STATE_ID": 4, "DISTRICT_I": 378, "BLOCK_ID": 2460, "HAB_NAME": "Tungje Pungo", "TOT_POPULA": 241, "dist_to_main_network_m": 76.0 }, "geometry": { "type": "Point", "coordinates": [ 93.376361, 25.261325 ] } },
{ "type": "Feature", "properties": { "HAB_ID": 1185595, "STATE_ID": 4, "DISTRICT_I": 378, "BLOCK_ID": 2460, "HAB_NAME": "Sontilla", "TOT_POPULA": 303, "dist_to_main_network_m": 54.0 }, "geometry": { "type": "Point", "coordinates": [ 93.01885, 25.213471 ] } },
{ "type": "Feature", "properties": { "HAB_ID": 311298, "STATE_ID": 4, "DISTRICT_I": 378, "BLOCK_ID": 1647, "HAB_NAME": "drangbra II", "TOT_POPULA": 82, "dist_to_main_network_m": 774.0 }, "geometry": { "type": "Point", "coordinates": [ 93.271155, 25.41476 ] } },
{ "type": "Feature", "properties": { "HAB_ID": 1185597, "STATE_ID": 4, "DISTRICT_I": 378, "BLOCK_ID": 2460, "HAB_NAME": "T. Vangkho", "TOT_POPULA": 67, "dist_to_main_network_m": 263.0 }, "geometry": { "type": "Point", "coordinates": [ 93.1236, 25.187469 ] } },
{ "type": "Feature", "properties": { "HAB_ID": 1318124, "STATE_ID": 4, "DISTRICT_I": 378, "BLOCK_ID": 2460, "HAB_NAME": "Disru raji", "TOT_POPULA": 122, "dist_to_main_network_m": 81.0 }, "geometry": { "type": "Point", "coordinates": [ 93.016064, 25.20672 ] } },
{ "type": "Feature", "properties": { "HAB_ID": 736166, "STATE_ID": 4, "DISTRICT_I": 378, "BLOCK_ID": 1647, "HAB_NAME": "N Dilaothai", "TOT_POPULA": 443, "dist_to_main_network_m": 8.0 }, "geometry": { "type": "Point", "coordinates": [ 93.102302, 25.501413 ] } },
{ "type": "Feature", "properties": { "HAB_ID": 1318132, "STATE_ID": 4, "DISTRICT_I": 378, "BLOCK_ID": 2460, "HAB_NAME": "Diyung Bathari", "TOT_POPULA": 105, "dist_to_main_network_m": 26.0 }, "geometry": { "type": "Point", "coordinates": [ 93.100601, 25.185281 ] } },
{ "type": "Feature", "properties": { "HAB_ID": 417103, "STATE_ID": 4, "DISTRICT_I": 378, "BLOCK_ID": 1647, "HAB_NAME": "Hatikhali garden", "TOT_POPULA": 892, "dist_to_main_network_m": 99.0 }, "geometry": { "type": "Point", "coordinates": [ 93.100099, 25.63667 ] } },
{ "type": "Feature", "properties": { "HAB_ID": 1318138, "STATE_ID": 4, "DISTRICT_I": 378, "BLOCK_ID": 2460, "HAB_NAME": "Duijung", "TOT_POPULA": 334, "dist_to_main_network_m": 114.0 }, "geometry": { "type": "Point", "coordinates": [ 93.208128, 25.05976 ] } },
{ "type": "Feature", "properties": { "HAB_ID": 884366, "STATE_ID": 4, "DISTRICT_I": 378, "BLOCK_ID": 1647, "HAB_NAME": "radaodisa", "TOT_POPULA": 78, "dist_to_main_network_m": 66.0 }, "geometry": { "type": "Point", "coordinates": [ 93.130354, 25.679773 ] } },
{ "type": "Feature", "properties": { "HAB_ID": 485899, "STATE_ID": 4, "DISTRICT_I": 378, "BLOCK_ID": 1647, "HAB_NAME": "kalachand deswali basti", "TOT_POPULA": 209, "dist_to_main_network_m": 422.0 }, "geometry": { "type": "Point", "coordinates": [ 93.139695, 25.333166 ] } },
{ "type": "Feature", "properties": { "HAB_ID": 1185520, "STATE_ID": 4, "DISTRICT_I": 378, "BLOCK_ID": 1647, "HAB_NAME": "Gadain Semkhor", "TOT_POPULA": 237, "dist_to_main_network_m": 45.0 }, "geometry": { "type": "Point", "coordinates": [ 93.296008, 25.28041 ] } },
{ "type": "Feature", "properties": { "HAB_ID": 620487, "STATE_ID": 4, "DISTRICT_I": 378, "BLOCK_ID": 1647, "HAB_NAME": "lungdingkro", "TOT_POPULA": 47, "dist_to_main_network_m": 243.0 }, "geometry": { "type": "Point", "coordinates": [ 93.171002, 25.50225 ] } },
{ "type": "Feature", "properties": { "HAB_ID": 1185521, "STATE_ID": 4, "DISTRICT_I": 378, "BLOCK_ID": 1647, "HAB_NAME": "Geresso 3", "TOT_POPULA": 82, "dist_to_main_network_m": 14.0 }, "geometry": { "type": "Point", "coordinates": [ 93.076295, 25.57648 ] } },
{ "type": "Feature", "properties": { "HAB_ID": 1185522, "STATE_ID": 4, "DISTRICT_I": 378, "BLOCK_ID": 1647, "HAB_NAME": "Kunapara", "TOT_POPULA": 284, "dist_to_main_network_m": 111.0 }, "geometry": { "type": "Point", "coordinates": [ 93.138979, 25.290614 ] } },
{ "type": "Feature", "properties": { "HAB_ID": 1399511, "STATE_ID": 4, "DISTRICT_I": 378, "BLOCK_ID": 1647, "HAB_NAME": "Dihakubra Panghai", "TOT_POPULA": 232, "dist_to_main_network_m": 272.0 }, "geometry": { "type": "Point", "coordinates": [ 93.109272, 25.49395 ] } },
{ "type": "Feature", "properties": { "HAB_ID": 1399523, "STATE_ID": 4, "DISTRICT_I": 378, "BLOCK_ID": 1647, "HAB_NAME": "Grayung II", "TOT_POPULA": 79, "dist_to_main_network_m": 1142.0 }, "geometry": { "type": "Point", "coordinates": [ 93.022627, 25.56346 ] } },
{ "type": "Feature", "properties": { "HAB_ID": 1399524, "STATE_ID": 4, "DISTRICT_I": 378, "BLOCK_ID": 1647, "HAB_NAME": "Gadain Disao", "TOT_POPULA": 50, "dist_to_main_network_m": 26.0 }, "geometry": { "type": "Point", "coordinates": [ 92.994182, 25.307697 ] } },
{ "type": "Feature", "properties": { "HAB_ID": 1399527, "STATE_ID": 4, "DISTRICT_I": 378, "BLOCK_ID": 1647, "HAB_NAME": "Hojaipur", "TOT_POPULA": 60, "dist_to_main_network_m": 219.0 }, "geometry": { "type": "Point", "coordinates": [ 93.280389, 25.405376 ] } },
{ "type": "Feature", "properties": { "HAB_ID": 1399529, "STATE_ID": 4, "DISTRICT_I": 378, "BLOCK_ID": 1647, "HAB_NAME": "P Jagdi", "TOT_POPULA": 150, "dist_to_main_network_m": 28.0 }, "geometry": { "type": "Point", "coordinates": [ 93.199045, 25.30001 ] } },
{ "type": "Feature", "properties": { "HAB_ID": 1399530, "STATE_ID": 4, "DISTRICT_I": 378, "BLOCK_ID": 1647, "HAB_NAME": "Purana Motibra", "TOT_POPULA": 112, "dist_to_main_network_m": 1070.0 }, "geometry": { "type": "Point", "coordinates": [ 93.071266, 25.357926 ] } },
{ "type": "Feature", "properties": { "HAB_ID": 1399532, "STATE_ID": 4, "DISTRICT_I": 378, "BLOCK_ID": 1647, "HAB_NAME": "New Thaijupang", "TOT_POPULA": 150, "dist_to_main_network_m": 23.0 }, "geometry": { "type": "Point", "coordinates": [ 92.995218, 25.401783 ] } },
{ "type": "Feature", "properties": { "HAB_ID": 1399539, "STATE_ID": 4, "DISTRICT_I": 378, "BLOCK_ID": 1647, "HAB_NAME": "Subhash Nagar", "TOT_POPULA": 800, "dist_to_main_network_m": 237.0 }, "geometry": { "type": "Point", "coordinates": [ 93.137164, 25.304485 ] } },
{ "type": "Feature", "properties": { "HAB_ID": 1399540, "STATE_ID": 4, "DISTRICT_I": 378, "BLOCK_ID": 1647, "HAB_NAME": "Gereso IV", "TOT_POPULA": 40, "dist_to_main_network_m": 10.0 }, "geometry": { "type": "Point", "coordinates": [ 93.06199, 25.534291 ] } },
{ "type": "Feature", "properties": { "HAB_ID": 1320479, "STATE_ID": 4, "DISTRICT_I": 378, "BLOCK_ID": 1647, "HAB_NAME": "Mailu Hajong", "TOT_POPULA": 55, "dist_to_main_network_m": 164.0 }, "geometry": { "type": "Point", "coordinates": [ 93.20816, 25.476418 ] } },
{ "type": "Feature", "properties": { "HAB_ID": 1047194, "STATE_ID": 4, "DISTRICT_I": 378, "BLOCK_ID": 4283, "HAB_NAME": "Tharvelangso", "TOT_POPULA": 119, "dist_to_main_network_m": 37.0 }, "geometry": { "type": "Point", "coordinates": [ 92.646297, 25.458192 ] } },
{ "type": "Feature", "properties": { "HAB_ID": 177626, "STATE_ID": 4, "DISTRICT_I": 378, "BLOCK_ID": 4283, "HAB_NAME": "Boro Larpheng", "TOT_POPULA": 174, "dist_to_main_network_m": 180.0 }, "geometry": { "type": "Point", "coordinates": [ 92.677715, 25.545929 ] } },
{ "type": "Feature", "properties": { "HAB_ID": 590687, "STATE_ID": 4, "DISTRICT_I": 378, "BLOCK_ID": 4283, "HAB_NAME": "Krungthai", "TOT_POPULA": 142, "dist_to_main_network_m": 61.0 }, "geometry": { "type": "Point", "coordinates": [ 92.767223, 25.47399 ] } },
{ "type": "Feature", "properties": { "HAB_ID": 177630, "STATE_ID": 4, "DISTRICT_I": 378, "BLOCK_ID": 4283, "HAB_NAME": "Boro Lakhingdong", "TOT_POPULA": 148, "dist_to_main_network_m": 133.0 }, "geometry": { "type": "Point", "coordinates": [ 92.632093, 25.460801 ] } },
{ "type": "Feature", "properties": { "HAB_ID": 1041325, "STATE_ID": 4, "DISTRICT_I": 378, "BLOCK_ID": 4283, "HAB_NAME": "Tereh", "TOT_POPULA": 185, "dist_to_main_network_m": 30.0 }, "geometry": { "type": "Point", "coordinates": [ 93.003073, 25.461298 ] } },
{ "type": "Feature", "properties": { "HAB_ID": 593695, "STATE_ID": 4, "DISTRICT_I": 378, "BLOCK_ID": 4283, "HAB_NAME": "Kukirilangso", "TOT_POPULA": 143, "dist_to_main_network_m": 99.0 }, "geometry": { "type": "Point", "coordinates": [ 92.70588, 25.475995 ] } },
{ "type": "Feature", "properties": { "HAB_ID": 234948, "STATE_ID": 4, "DISTRICT_I": 378, "BLOCK_ID": 4283, "HAB_NAME": "Bangphiri Christian", "TOT_POPULA": 183, "dist_to_main_network_m": 14.0 }, "geometry": { "type": "Point", "coordinates": [ 92.80637, 25.425949 ] } },
{ "type": "Feature", "properties": { "HAB_ID": 1050749, "STATE_ID": 4, "DISTRICT_I": 378, "BLOCK_ID": 4283, "HAB_NAME": "Thingdol", "TOT_POPULA": 505, "dist_to_main_network_m": 96.0 }, "geometry": { "type": "Point", "coordinates": [ 92.905857, 25.331732 ] } },
{ "type": "Feature", "properties": { "HAB_ID": 1042590, "STATE_ID": 4, "DISTRICT_I": 378, "BLOCK_ID": 4283, "HAB_NAME": "Thaisiling hawar", "TOT_POPULA": 279, "dist_to_main_network_m": 72.0 }, "geometry": { "type": "Point", "coordinates": [ 93.010419, 25.427518 ] } },
{ "type": "Feature", "properties": { "HAB_ID": 1103492, "STATE_ID": 4, "DISTRICT_I": 378, "BLOCK_ID": 4283, "HAB_NAME": "Wari Lampu", "TOT_POPULA": 43, "dist_to_main_network_m": 214.0 }, "geometry": { "type": "Point", "coordinates": [ 92.881468, 25.481416 ] } },
{ "type": "Feature", "properties": { "HAB_ID": 620460, "STATE_ID": 4, "DISTRICT_I": 378, "BLOCK_ID": 4283, "HAB_NAME": "Langcherui", "TOT_POPULA": 376, "dist_to_main_network_m": 15.0 }, "geometry": { "type": "Point", "coordinates": [ 92.761675, 25.50452 ] } },
{ "type": "Feature", "properties": { "HAB_ID": 1067014, "STATE_ID": 4, "DISTRICT_I": 378, "BLOCK_ID": 4283, "HAB_NAME": "Thuruk", "TOT_POPULA": 306, "dist_to_main_network_m": 24.0 }, "geometry": { "type": "Point", "coordinates": [ 92.81608, 25.182171 ] } },
{ "type": "Feature", "properties": { "HAB_ID": 1045915, "STATE_ID": 4, "DISTRICT_I": 378, "BLOCK_ID": 4283, "HAB_NAME": "Thlanghoi", "TOT_POPULA": 224, "dist_to_main_network_m": 57.0 }, "geometry": { "type": "Point", "coordinates": [ 92.741843, 25.405367 ] } },
{ "type": "Feature", "properties": { "HAB_ID": 1103505, "STATE_ID": 4, "DISTRICT_I": 378, "BLOCK_ID": 4283, "HAB_NAME": "Waridiplai", "TOT_POPULA": 120, "dist_to_main_network_m": 17.0 }, "geometry": { "type": "Point", "coordinates": [ 92.798831, 25.490364 ] } },
{ "type": "Feature", "properties": { "HAB_ID": 1073810, "STATE_ID": 4, "DISTRICT_I": 378, "BLOCK_ID": 4283, "HAB_NAME": "Umrangso Town 1 Market", "TOT_POPULA": 2816, "dist_to_main_network_m": 59.0 }, "geometry": { "type": "Point", "coordinates": [ 92.737361, 25.509561 ] } },
{ "type": "Feature", "properties": { "HAB_ID": 302419, "STATE_ID": 4, "DISTRICT_I": 378, "BLOCK_ID": 2460, "HAB_NAME": "Dijam Hagjer", "TOT_POPULA": 111, "dist_to_main_network_m": 2028.0 }, "geometry": { "type": "Point", "coordinates": [ 93.111523, 25.224137 ] } },
{ "type": "Feature", "properties": { "HAB_ID": 233339, "STATE_ID": 4, "DISTRICT_I": 378, "BLOCK_ID": 2460, "HAB_NAME": "Choto Longmailai", "TOT_POPULA": 271, "dist_to_main_network_m": 39.0 }, "geometry": { "type": "Point", "coordinates": [ 93.105162, 25.181512 ] } },
{ "type": "Feature", "properties": { "HAB_ID": 391673, "STATE_ID": 4, "DISTRICT_I": 378, "BLOCK_ID": 2460, "HAB_NAME": "Hagjer", "TOT_POPULA": 155, "dist_to_main_network_m": 4.0 }, "geometry": { "type": "Point", "coordinates": [ 93.046944, 25.258546 ] } },
{ "type": "Feature", "properties": { "HAB_ID": 304083, "STATE_ID": 4, "DISTRICT_I": 378, "BLOCK_ID": 2460, "HAB_NAME": "Disagutu", "TOT_POPULA": 78, "dist_to_main_network_m": 122.0 }, "geometry": { "type": "Point", "coordinates": [ 93.014419, 25.275358 ] } },
{ "type": "Feature", "properties": { "HAB_ID": 233340, "STATE_ID": 4, "DISTRICT_I": 378, "BLOCK_ID": 2460, "HAB_NAME": "Choto Longreng", "TOT_POPULA": 136, "dist_to_main_network_m": 192.0 }, "geometry": { "type": "Point", "coordinates": [ 93.032071, 25.187932 ] } },
{ "type": "Feature", "properties": { "HAB_ID": 558397, "STATE_ID": 4, "DISTRICT_I": 378, "BLOCK_ID": 2460, "HAB_NAME": "Khobul", "TOT_POPULA": 229, "dist_to_main_network_m": 48.0 }, "geometry": { "type": "Point", "coordinates": [ 93.115166, 25.176345 ] } },
{ "type": "Feature", "properties": { "HAB_ID": 392075, "STATE_ID": 4, "DISTRICT_I": 378, "BLOCK_ID": 2460, "HAB_NAME": "Hajaichak", "TOT_POPULA": 346, "dist_to_main_network_m": 16.0 }, "geometry": { "type": "Point", "coordinates": [ 93.339213, 25.225495 ] } },
{ "type": "Feature", "properties": { "HAB_ID": 304630, "STATE_ID": 4, "DISTRICT_I": 378, "BLOCK_ID": 2460, "HAB_NAME": "Diyungkro", "TOT_POPULA": 71, "dist_to_main_network_m": 70.0 }, "geometry": { "type": "Point", "coordinates": [ 93.100864, 25.183897 ] } },
{ "type": "Feature", "properties": { "HAB_ID": 233350, "STATE_ID": 4, "DISTRICT_I": 378, "BLOCK_ID": 2460, "HAB_NAME": "Choto Ninglo Christian", "TOT_POPULA": 117, "dist_to_main_network_m": 2912.0 }, "geometry": { "type": "Point", "coordinates": [ 93.248077, 25.238616 ] } },
{ "type": "Feature", "properties": { "HAB_ID": 561631, "STATE_ID": 4, "DISTRICT_I": 378, "BLOCK_ID": 2460, "HAB_NAME": "Khungnam", "TOT_POPULA": 237, "dist_to_main_network_m": 22.0 }, "geometry": { "type": "Point", "coordinates": [ 93.114547, 25.019044 ] } },
{ "type": "Feature", "properties": { "HAB_ID": 625180, "STATE_ID": 4, "DISTRICT_I": 378, "BLOCK_ID": 2460, "HAB_NAME": "Leiri", "TOT_POPULA": 492, "dist_to_main_network_m": 75.0 }, "geometry": { "type": "Point", "coordinates": [ 93.238939, 25.064475 ] } },
{ "type": "Feature", "properties": { "HAB_ID": 560543, "STATE_ID": 4, "DISTRICT_I": 378, "BLOCK_ID": 2460, "HAB_NAME": "Khoungluong", "TOT_POPULA": 170, "dist_to_main_network_m": 9.0 }, "geometry": { "type": "Point", "coordinates": [ 93.122679, 25.039984 ] } },
{ "type": "Feature", "properties": { "HAB_ID": 561303, "STATE_ID": 4, "DISTRICT_I": 378, "BLOCK_ID": 2460, "HAB_NAME": "Khuljang", "TOT_POPULA": 222, "dist_to_main_network_m": 20.0 }, "geometry": { "type": "Point", "coordinates": [ 93.121664, 25.170124 ] } },
{ "type": "Feature", "properties": { "HAB_ID": 392076, "STATE_ID": 4, "DISTRICT_I": 378, "BLOCK_ID": 2460, "HAB_NAME": "Hajailo", "TOT_POPULA": 116, "dist_to_main_network_m": 79.0 }, "geometry": { "type": "Point", "coordinates": [ 93.326346, 25.202156 ] } },
{ "type": "Feature", "properties": { "HAB_ID": 628530, "STATE_ID": 4, "DISTRICT_I": 378, "BLOCK_ID": 2460, "HAB_NAME": "Lodi Kachari", "TOT_POPULA": 91, "dist_to_main_network_m": 27.0 }, "geometry": { "type": "Point", "coordinates": [ 93.069436, 25.008079 ] } },
{ "type": "Feature", "properties": { "HAB_ID": 601337, "STATE_ID": 4, "DISTRICT_I": 378, "BLOCK_ID": 2460, "HAB_NAME": "Kungmul Naga", "TOT_POPULA": 193, "dist_to_main_network_m": 135.0 }, "geometry": { "type": "Point", "coordinates": [ 93.427768, 25.28914 ] } },
{ "type": "Feature", "properties": { "HAB_ID": 613745, "STATE_ID": 4, "DISTRICT_I": 378, "BLOCK_ID": 2460, "HAB_NAME": "Laisong", "TOT_POPULA": 778, "dist_to_main_network_m": 17.0 }, "geometry": { "type": "Point", "coordinates": [ 93.296439, 25.20569 ] } },
{ "type": "Feature", "properties": { "HAB_ID": 628532, "STATE_ID": 4, "DISTRICT_I": 378, "BLOCK_ID": 2460, "HAB_NAME": "Lodi Kuki", "TOT_POPULA": 130, "dist_to_main_network_m": 966.0 }, "geometry": { "type": "Point", "coordinates": [ 93.062602, 25.01561 ] } },
{ "type": "Feature", "properties": { "HAB_ID": 613746, "STATE_ID": 4, "DISTRICT_I": 378, "BLOCK_ID": 2460, "HAB_NAME": "Laisong Bagan", "TOT_POPULA": 427, "dist_to_main_network_m": 28.0 }, "geometry": { "type": "Point", "coordinates": [ 93.354636, 25.235852 ] } },
{ "type": "Feature", "properties": { "HAB_ID": 1317894, "STATE_ID": 4, "DISTRICT_I": 378, "BLOCK_ID": 4283, "HAB_NAME": "Lungphunphai", "TOT_POPULA": 123, "dist_to_main_network_m": 59.0 }, "geometry": { "type": "Point", "coordinates": [ 92.814431, 25.2202 ] } },
{ "type": "Feature", "properties": { "HAB_ID": 204858, "STATE_ID": 4, "DISTRICT_I": 378, "BLOCK_ID": 2460, "HAB_NAME": "Changpijang", "TOT_POPULA": 533, "dist_to_main_network_m": 25.0 }, "geometry": { "type": "Point", "coordinates": [ 93.115613, 25.161268 ] } },
{ "type": "Feature", "properties": { "HAB_ID": 396006, "STATE_ID": 4, "DISTRICT_I": 378, "BLOCK_ID": 2460, "HAB_NAME": "Hangrum", "TOT_POPULA": 398, "dist_to_main_network_m": 107.0 }, "geometry": { "type": "Point", "coordinates": [ 93.299584, 25.139346 ] } },
{ "type": "Feature", "properties": { "HAB_ID": 177699, "STATE_ID": 4, "DISTRICT_I": 378, "BLOCK_ID": 2138, "HAB_NAME": "Boro Lakha", "TOT_POPULA": 50, "dist_to_main_network_m": 374.0 }, "geometry": { "type": "Point", "coordinates": [ 92.832223, 25.10875 ] } },
{ "type": "Feature", "properties": { "HAB_ID": 1102586, "STATE_ID": 4, "DISTRICT_I": 378, "BLOCK_ID": 2460, "HAB_NAME": "Wallaodisa", "TOT_POPULA": 145, "dist_to_main_network_m": 270.0 }, "geometry": { "type": "Point", "coordinates": [ 93.071499, 25.201038 ] } },
{ "type": "Feature", "properties": { "HAB_ID": 1063366, "STATE_ID": 4, "DISTRICT_I": 378, "BLOCK_ID": 2460, "HAB_NAME": "Totephai", "TOT_POPULA": 250, "dist_to_main_network_m": 33.0 }, "geometry": { "type": "Point", "coordinates": [ 93.240642, 24.987156 ] } },
{ "type": "Feature", "properties": { "HAB_ID": 177702, "STATE_ID": 4, "DISTRICT_I": 378, "BLOCK_ID": 2138, "HAB_NAME": "Boro Longren", "TOT_POPULA": 25, "dist_to_main_network_m": 148.0 }, "geometry": { "type": "Point", "coordinates": [ 92.963286, 25.292018 ] } },
{ "type": "Feature", "properties": { "HAB_ID": 233402, "STATE_ID": 4, "DISTRICT_I": 378, "BLOCK_ID": 2138, "HAB_NAME": "Choto Lakha", "TOT_POPULA": 189, "dist_to_main_network_m": 0.0 }, "geometry": { "type": "Point", "coordinates": [ 92.848776, 25.115338 ] } },
{ "type": "Feature", "properties": { "HAB_ID": 307202, "STATE_ID": 4, "DISTRICT_I": 378, "BLOCK_ID": 2138, "HAB_NAME": "Doliadisa Upper", "TOT_POPULA": 238, "dist_to_main_network_m": 275.0 }, "geometry": { "type": "Point", "coordinates": [ 92.84362, 25.101693 ] } },
{ "type": "Feature", "properties": { "HAB_ID": 173853, "STATE_ID": 4, "DISTRICT_I": 378, "BLOCK_ID": 2138, "HAB_NAME": "Bolsoul", "TOT_POPULA": 180, "dist_to_main_network_m": 10.0 }, "geometry": { "type": "Point", "coordinates": [ 92.839192, 25.124194 ] } },
{ "type": "Feature", "properties": { "HAB_ID": 177705, "STATE_ID": 4, "DISTRICT_I": 378, "BLOCK_ID": 2138, "HAB_NAME": "Boro Moulkoi", "TOT_POPULA": 519, "dist_to_main_network_m": 287.0 }, "geometry": { "type": "Point", "coordinates": [ 92.896974, 25.107633 ] } },
{ "type": "Feature", "properties": { "HAB_ID": 508911, "STATE_ID": 4, "DISTRICT_I": 378, "BLOCK_ID": 2138, "HAB_NAME": "kapurcherra 1", "TOT_POPULA": 240, "dist_to_main_network_m": 35.0 }, "geometry": { "type": "Point", "coordinates": [ 92.916509, 25.110286 ] } },
{ "type": "Feature", "properties": { "HAB_ID": 616862, "STATE_ID": 4, "DISTRICT_I": 378, "BLOCK_ID": 2138, "HAB_NAME": "Lala Basti", "TOT_POPULA": 327, "dist_to_main_network_m": 3.0 }, "geometry": { "type": "Point", "coordinates": [ 92.892283, 25.120732 ] } },
{ "type": "Feature", "properties": { "HAB_ID": 309640, "STATE_ID": 4, "DISTRICT_I": 378, "BLOCK_ID": 2138, "HAB_NAME": "Donlou", "TOT_POPULA": 126, "dist_to_main_network_m": 30.0 }, "geometry": { "type": "Point", "coordinates": [ 92.88574, 25.123958 ] } },
{ "type": "Feature", "properties": { "HAB_ID": 303005, "STATE_ID": 4, "DISTRICT_I": 378, "BLOCK_ID": 2138, "HAB_NAME": "Dimbrucherra", "TOT_POPULA": 250, "dist_to_main_network_m": 360.0 }, "geometry": { "type": "Point", "coordinates": [ 92.836754, 25.095584 ] } },
{ "type": "Feature", "properties": { "HAB_ID": 304192, "STATE_ID": 4, "DISTRICT_I": 378, "BLOCK_ID": 2138, "HAB_NAME": "Ditokcherra", "TOT_POPULA": 219, "dist_to_main_network_m": 1250.0 }, "geometry": { "type": "Point", "coordinates": [ 92.803378, 25.091515 ] } },
{ "type": "Feature", "properties": { "HAB_ID": 631245, "STATE_ID": 4, "DISTRICT_I": 378, "BLOCK_ID": 2138, "HAB_NAME": "Longrangjao", "TOT_POPULA": 100, "dist_to_main_network_m": 33.0 }, "geometry": { "type": "Point", "coordinates": [ 92.959588, 25.128026 ] } },
{ "type": "Feature", "properties": { "HAB_ID": 382860, "STATE_ID": 4, "DISTRICT_I": 378, "BLOCK_ID": 2138, "HAB_NAME": "Golapbari", "TOT_POPULA": 106, "dist_to_main_network_m": 248.0 }, "geometry": { "type": "Point", "coordinates": [ 92.813185, 25.089301 ] } },
{ "type": "Feature", "properties": { "HAB_ID": 713996, "STATE_ID": 4, "DISTRICT_I": 378, "BLOCK_ID": 2138, "HAB_NAME": "Mongon", "TOT_POPULA": 197, "dist_to_main_network_m": 1474.0 }, "geometry": { "type": "Point", "coordinates": [ 92.91844, 25.124067 ] } },
{ "type": "Feature", "properties": { "HAB_ID": 819065, "STATE_ID": 4, "DISTRICT_I": 378, "BLOCK_ID": 2460, "HAB_NAME": "Pangmul", "TOT_POPULA": 678, "dist_to_main_network_m": 34.0 }, "geometry": { "type": "Point", "coordinates": [ 93.157835, 25.170072 ] } },
{ "type": "Feature", "properties": { "HAB_ID": 1322660, "STATE_ID": 4, "DISTRICT_I": 378, "BLOCK_ID": 2138, "HAB_NAME": "Jatinga Railway Station", "TOT_POPULA": 221, "dist_to_main_network_m": 97.0 }, "geometry": { "type": "Point", "coordinates": [ 93.005421, 25.131513 ] } },
{ "type": "Feature", "properties": { "HAB_ID": 1322800, "STATE_ID": 4, "DISTRICT_I": 378, "BLOCK_ID": 2138, "HAB_NAME": "Maharajpur 2", "TOT_POPULA": 220, "dist_to_main_network_m": 26.0 }, "geometry": { "type": "Point", "coordinates": [ 92.861103, 25.116252 ] } },
{ "type": "Feature", "properties": { "HAB_ID": 1322808, "STATE_ID": 4, "DISTRICT_I": 378, "BLOCK_ID": 2138, "HAB_NAME": "Maibongsa", "TOT_POPULA": 178, "dist_to_main_network_m": 635.0 }, "geometry": { "type": "Point", "coordinates": [ 92.919508, 25.116312 ] } },
{ "type": "Feature", "properties": { "HAB_ID": 1322818, "STATE_ID": 4, "DISTRICT_I": 378, "BLOCK_ID": 2138, "HAB_NAME": "Michikur", "TOT_POPULA": 138, "dist_to_main_network_m": 1640.0 }, "geometry": { "type": "Point", "coordinates": [ 92.801622, 25.105505 ] } },
{ "type": "Feature", "properties": { "HAB_ID": 49264, "STATE_ID": 4, "DISTRICT_I": 378, "BLOCK_ID": 1647, "HAB_NAME": "Ashrang", "TOT_POPULA": 99, "dist_to_main_network_m": 82.0 }, "geometry": { "type": "Point", "coordinates": [ 93.002104, 25.334798 ] } },
{ "type": "Feature", "properties": { "HAB_ID": 245749, "STATE_ID": 4, "DISTRICT_I": 378, "BLOCK_ID": 1647, "HAB_NAME": "Damadi Hawar", "TOT_POPULA": 900, "dist_to_main_network_m": 142.0 }, "geometry": { "type": "Point", "coordinates": [ 93.133286, 25.303465 ] } },
{ "type": "Feature", "properties": { "HAB_ID": 174876, "STATE_ID": 4, "DISTRICT_I": 378, "BLOCK_ID": 1647, "HAB_NAME": "bonkai", "TOT_POPULA": 182, "dist_to_main_network_m": 62.0 }, "geometry": { "type": "Point", "coordinates": [ 93.434989, 25.434013 ] } },
{ "type": "Feature", "properties": { "HAB_ID": 300248, "STATE_ID": 4, "DISTRICT_I": 378, "BLOCK_ID": 1647, "HAB_NAME": "didaodip", "TOT_POPULA": 173, "dist_to_main_network_m": 49.0 }, "geometry": { "type": "Point", "coordinates": [ 93.146864, 25.254873 ] } },
{ "type": "Feature", "properties": { "HAB_ID": 258460, "STATE_ID": 4, "DISTRICT_I": 378, "BLOCK_ID": 1647, "HAB_NAME": "delaisa", "TOT_POPULA": 110, "dist_to_main_network_m": 20.0 }, "geometry": { "type": "Point", "coordinates": [ 93.014143, 25.297223 ] } },
{ "type": "Feature", "properties": { "HAB_ID": 311297, "STATE_ID": 4, "DISTRICT_I": 378, "BLOCK_ID": 1647, "HAB_NAME": "drangbra I", "TOT_POPULA": 536, "dist_to_main_network_m": 41.0 }, "geometry": { "type": "Point", "coordinates": [ 93.276637, 25.420946 ] } },
{ "type": "Feature", "properties": { "HAB_ID": 344113, "STATE_ID": 4, "DISTRICT_I": 378, "BLOCK_ID": 1647, "HAB_NAME": "gangdangkro", "TOT_POPULA": 86, "dist_to_main_network_m": 24.0 }, "geometry": { "type": "Point", "coordinates": [ 93.15477, 25.504771 ] } },
{ "type": "Feature", "properties": { "HAB_ID": 337265, "STATE_ID": 4, "DISTRICT_I": 378, "BLOCK_ID": 1647, "HAB_NAME": "gajo", "TOT_POPULA": 129, "dist_to_main_network_m": 1.0 }, "geometry": { "type": "Point", "coordinates": [ 92.99236, 25.343782 ] } },
{ "type": "Feature", "properties": { "HAB_ID": 344112, "STATE_ID": 4, "DISTRICT_I": 378, "BLOCK_ID": 1647, "HAB_NAME": "gangdangbra", "TOT_POPULA": 355, "dist_to_main_network_m": 135.0 }, "geometry": { "type": "Point", "coordinates": [ 93.118536, 25.498876 ] } },
{ "type": "Feature", "properties": { "HAB_ID": 353948, "STATE_ID": 4, "DISTRICT_I": 378, "BLOCK_ID": 1647, "HAB_NAME": "Gereso 1", "TOT_POPULA": 308, "dist_to_main_network_m": 53.0 }, "geometry": { "type": "Point", "coordinates": [ 93.076964, 25.541938 ] } },
{ "type": "Feature", "properties": { "HAB_ID": 353949, "STATE_ID": 4, "DISTRICT_I": 378, "BLOCK_ID": 1647, "HAB_NAME": "Gereso 2", "TOT_POPULA": 109, "dist_to_main_network_m": 88.0 }, "geometry": { "type": "Point", "coordinates": [ 93.087668, 25.532538 ] } },
{ "type": "Feature", "properties": { "HAB_ID": 1322058, "STATE_ID": 4, "DISTRICT_I": 378, "BLOCK_ID": 2138, "HAB_NAME": "Boulmoul Bagan Upper", "TOT_POPULA": 180, "dist_to_main_network_m": 36.0 }, "geometry": { "type": "Point", "coordinates": [ 92.854078, 25.135286 ] } },
{ "type": "Feature", "properties": { "HAB_ID": 1322691, "STATE_ID": 4, "DISTRICT_I": 378, "BLOCK_ID": 2138, "HAB_NAME": "Kamphai Hindu", "TOT_POPULA": 82, "dist_to_main_network_m": 608.0 }, "geometry": { "type": "Point", "coordinates": [ 92.923024, 25.260471 ] } },
{ "type": "Feature", "properties": { "HAB_ID": 972234, "STATE_ID": 4, "DISTRICT_I": 378, "BLOCK_ID": 1647, "HAB_NAME": "sengyungpur", "TOT_POPULA": 156, "dist_to_main_network_m": 10.0 }, "geometry": { "type": "Point", "coordinates": [ 93.139705, 25.722929 ] } },
{ "type": "Feature", "properties": { "HAB_ID": 835592, "STATE_ID": 4, "DISTRICT_I": 378, "BLOCK_ID": 1647, "HAB_NAME": "Path", "TOT_POPULA": 310, "dist_to_main_network_m": 58.0 }, "geometry": { "type": "Point", "coordinates": [ 93.336522, 25.390038 ] } },
{ "type": "Feature", "properties": { "HAB_ID": 555395, "STATE_ID": 4, "DISTRICT_I": 378, "BLOCK_ID": 1647, "HAB_NAME": "kherbari", "TOT_POPULA": 29, "dist_to_main_network_m": 8.0 }, "geometry": { "type": "Point", "coordinates": [ 93.17958, 25.255001 ] } },
{ "type": "Feature", "properties": { "HAB_ID": 651710, "STATE_ID": 4, "DISTRICT_I": 378, "BLOCK_ID": 1647, "HAB_NAME": "Mailu Haplai", "TOT_POPULA": 160, "dist_to_main_network_m": 40.0 }, "geometry": { "type": "Point", "coordinates": [ 93.204926, 25.48278 ] } },
{ "type": "Feature", "properties": { "HAB_ID": 712965, "STATE_ID": 4, "DISTRICT_I": 378, "BLOCK_ID": 1647, "HAB_NAME": "Manderphang", "TOT_POPULA": 142, "dist_to_main_network_m": 98.0 }, "geometry": { "type": "Point", "coordinates": [ 93.141151, 25.740723 ] } },
{ "type": "Feature", "properties": { "HAB_ID": 726930, "STATE_ID": 4, "DISTRICT_I": 378, "BLOCK_ID": 1647, "HAB_NAME": "Mupa Hojai", "TOT_POPULA": 186, "dist_to_main_network_m": 23.0 }, "geometry": { "type": "Point", "coordinates": [ 93.137891, 25.358694 ] } },
{ "type": "Feature", "properties": { "HAB_ID": 736243, "STATE_ID": 4, "DISTRICT_I": 378, "BLOCK_ID": 1647, "HAB_NAME": "n kalachand", "TOT_POPULA": 323, "dist_to_main_network_m": 125.0 }, "geometry": { "type": "Point", "coordinates": [ 93.120134, 25.344184 ] } },
{ "type": "Feature", "properties": { "HAB_ID": 726931, "STATE_ID": 4, "DISTRICT_I": 378, "BLOCK_ID": 1647, "HAB_NAME": "mupa naiding", "TOT_POPULA": 134, "dist_to_main_network_m": 28.0 }, "geometry": { "type": "Point", "coordinates": [ 93.153901, 25.345507 ] } },
{ "type": "Feature", "properties": { "HAB_ID": 766439, "STATE_ID": 4, "DISTRICT_I": 378, "BLOCK_ID": 1647, "HAB_NAME": "natun haja", "TOT_POPULA": 149, "dist_to_main_network_m": 1.0 }, "geometry": { "type": "Point", "coordinates": [ 93.136194, 25.486303 ] } },
{ "type": "Feature", "properties": { "HAB_ID": 797647, "STATE_ID": 4, "DISTRICT_I": 378, "BLOCK_ID": 1647, "HAB_NAME": "p dihajing", "TOT_POPULA": 318, "dist_to_main_network_m": 52.0 }, "geometry": { "type": "Point", "coordinates": [ 93.098847, 25.357256 ] } },
{ "type": "Feature", "properties": { "HAB_ID": 736434, "STATE_ID": 4, "DISTRICT_I": 378, "BLOCK_ID": 1647, "HAB_NAME": "N Simplangdisa", "TOT_POPULA": 149, "dist_to_main_network_m": 17.0 }, "geometry": { "type": "Point", "coordinates": [ 93.132293, 25.320016 ] } },
{ "type": "Feature", "properties": { "HAB_ID": 766535, "STATE_ID": 4, "DISTRICT_I": 378, "BLOCK_ID": 1647, "HAB_NAME": "natun nobdi", "TOT_POPULA": 80, "dist_to_main_network_m": 506.0 }, "geometry": { "type": "Point", "coordinates": [ 93.245211, 25.289801 ] } },
{ "type": "Feature", "properties": { "HAB_ID": 1042569, "STATE_ID": 4, "DISTRICT_I": 378, "BLOCK_ID": 1647, "HAB_NAME": "Thaosendisa", "TOT_POPULA": 271, "dist_to_main_network_m": 25.0 }, "geometry": { "type": "Point", "coordinates": [ 93.165207, 25.37628 ] } },
{ "type": "Feature", "properties": { "HAB_ID": 786715, "STATE_ID": 4, "DISTRICT_I": 378, "BLOCK_ID": 1647, "HAB_NAME": "Nivang", "TOT_POPULA": 117, "dist_to_main_network_m": 131.0 }, "geometry": { "type": "Point", "coordinates": [ 93.443991, 25.396394 ] } },
{ "type": "Feature", "properties": { "HAB_ID": 797705, "STATE_ID": 4, "DISTRICT_I": 378, "BLOCK_ID": 1647, "HAB_NAME": "P galaphang", "TOT_POPULA": 140, "dist_to_main_network_m": 102.0 }, "geometry": { "type": "Point", "coordinates": [ 93.174464, 25.325309 ] } },
{ "type": "Feature", "properties": { "HAB_ID": 978135, "STATE_ID": 4, "DISTRICT_I": 378, "BLOCK_ID": 1647, "HAB_NAME": "shantipur", "TOT_POPULA": 113, "dist_to_main_network_m": 139.0 }, "geometry": { "type": "Point", "coordinates": [ 93.179335, 25.266502 ] } },
{ "type": "Feature", "properties": { "HAB_ID": 1045326, "STATE_ID": 4, "DISTRICT_I": 378, "BLOCK_ID": 1647, "HAB_NAME": "thanalambra", "TOT_POPULA": 279, "dist_to_main_network_m": 36.0 }, "geometry": { "type": "Point", "coordinates": [ 92.980929, 25.36054 ] } },
{ "type": "Feature", "properties": { "HAB_ID": 798427, "STATE_ID": 4, "DISTRICT_I": 378, "BLOCK_ID": 1647, "HAB_NAME": "p simplangdisa", "TOT_POPULA": 175, "dist_to_main_network_m": 226.0 }, "geometry": { "type": "Point", "coordinates": [ 93.148393, 25.314058 ] } },
{ "type": "Feature", "properties": { "HAB_ID": 993398, "STATE_ID": 4, "DISTRICT_I": 378, "BLOCK_ID": 1647, "HAB_NAME": "Khengjol", "TOT_POPULA": 105, "dist_to_main_network_m": 109.0 }, "geometry": { "type": "Point", "coordinates": [ 93.350739, 25.325957 ] } },
{ "type": "Feature", "properties": { "HAB_ID": 798458, "STATE_ID": 4, "DISTRICT_I": 378, "BLOCK_ID": 1647, "HAB_NAME": "p t leikeh", "TOT_POPULA": 189, "dist_to_main_network_m": 32.0 }, "geometry": { "type": "Point", "coordinates": [ 93.09193, 25.571178 ] } },
{ "type": "Feature", "properties": { "HAB_ID": 1045835, "STATE_ID": 4, "DISTRICT_I": 378, "BLOCK_ID": 1647, "HAB_NAME": "thangambaijura", "TOT_POPULA": 31, "dist_to_main_network_m": 144.0 }, "geometry": { "type": "Point", "coordinates": [ 93.15013, 25.486404 ] } },
{ "type": "Feature", "properties": { "HAB_ID": 1042525, "STATE_ID": 4, "DISTRICT_I": 378, "BLOCK_ID": 1647, "HAB_NAME": "thaijudisa", "TOT_POPULA": 215, "dist_to_main_network_m": 4.0 }, "geometry": { "type": "Point", "coordinates": [ 93.150136, 25.472043 ] } },
{ "type": "Feature", "properties": { "HAB_ID": 389416, "STATE_ID": 4, "DISTRICT_I": 378, "BLOCK_ID": 1647, "HAB_NAME": "Gowaidisa", "TOT_POPULA": 174, "dist_to_main_network_m": 26.0 }, "geometry": { "type": "Point", "coordinates": [ 92.955751, 25.37241 ] } },
{ "type": "Feature", "properties": { "HAB_ID": 1321092, "STATE_ID": 4, "DISTRICT_I": 378, "BLOCK_ID": 1647, "HAB_NAME": "Badsabari", "TOT_POPULA": 294, "dist_to_main_network_m": 68.0 }, "geometry": { "type": "Point", "coordinates": [ 93.14, 25.350356 ] } },
{ "type": "Feature", "properties": { "HAB_ID": 1104701, "STATE_ID": 4, "DISTRICT_I": 378, "BLOCK_ID": 1647, "HAB_NAME": "New Molkon", "TOT_POPULA": 40, "dist_to_main_network_m": 42.0 }, "geometry": { "type": "Point", "coordinates": [ 93.374709, 25.330411 ] } },
{ "type": "Feature", "properties": { "HAB_ID": 1321473, "STATE_ID": 4, "DISTRICT_I": 378, "BLOCK_ID": 1647, "HAB_NAME": "Girijanapur", "TOT_POPULA": 119, "dist_to_main_network_m": 87.0 }, "geometry": { "type": "Point", "coordinates": [ 93.316597, 25.311616 ] } },
{ "type": "Feature", "properties": { "HAB_ID": 1399528, "STATE_ID": 4, "DISTRICT_I": 378, "BLOCK_ID": 1647, "HAB_NAME": "Lailing", "TOT_POPULA": 80, "dist_to_main_network_m": 578.0 }, "geometry": { "type": "Point", "coordinates": [ 93.138524, 25.401469 ] } },
{ "type": "Feature", "properties": { "HAB_ID": 1399512, "STATE_ID": 4, "DISTRICT_I": 378, "BLOCK_ID": 1647, "HAB_NAME": "Boila Haplai", "TOT_POPULA": 126, "dist_to_main_network_m": 572.0 }, "geometry": { "type": "Point", "coordinates": [ 93.245587, 25.461008 ] } },
{ "type": "Feature", "properties": { "HAB_ID": 1321372, "STATE_ID": 4, "DISTRICT_I": 378, "BLOCK_ID": 1648, "HAB_NAME": "Laosadisa", "TOT_POPULA": 110, "dist_to_main_network_m": 64.0 }, "geometry": { "type": "Point", "coordinates": [ 93.024219, 25.782635 ] } },
{ "type": "Feature", "properties": { "HAB_ID": 1399521, "STATE_ID": 4, "DISTRICT_I": 378, "BLOCK_ID": 1647, "HAB_NAME": "Watoiling", "TOT_POPULA": 165, "dist_to_main_network_m": 265.0 }, "geometry": { "type": "Point", "coordinates": [ 93.098022, 25.634549 ] } },
{ "type": "Feature", "properties": { "HAB_ID": 620488, "STATE_ID": 4, "DISTRICT_I": 378, "BLOCK_ID": 1648, "HAB_NAME": "langdisa", "TOT_POPULA": 40, "dist_to_main_network_m": 12.0 }, "geometry": { "type": "Point", "coordinates": [ 92.947963, 25.572107 ] } },
{ "type": "Feature", "properties": { "HAB_ID": 302444, "STATE_ID": 4, "DISTRICT_I": 378, "BLOCK_ID": 1648, "HAB_NAME": "dikarbi", "TOT_POPULA": 77, "dist_to_main_network_m": 50.0 }, "geometry": { "type": "Point", "coordinates": [ 92.819433, 25.542824 ] } },
{ "type": "Feature", "properties": { "HAB_ID": 564456, "STATE_ID": 4, "DISTRICT_I": 378, "BLOCK_ID": 1648, "HAB_NAME": "Kimthao", "TOT_POPULA": 28, "dist_to_main_network_m": 24.0 }, "geometry": { "type": "Point", "coordinates": [ 92.965935, 25.661181 ] } },
{ "type": "Feature", "properties": { "HAB_ID": 302536, "STATE_ID": 4, "DISTRICT_I": 378, "BLOCK_ID": 1648, "HAB_NAME": "Dikrengalao 1", "TOT_POPULA": 120, "dist_to_main_network_m": 69.0 }, "geometry": { "type": "Point", "coordinates": [ 92.933647, 25.716673 ] } },
{ "type": "Feature", "properties": { "HAB_ID": 572238, "STATE_ID": 4, "DISTRICT_I": 378, "BLOCK_ID": 1648, "HAB_NAME": "kokdanglangso 1", "TOT_POPULA": 204, "dist_to_main_network_m": 3.0 }, "geometry": { "type": "Point", "coordinates": [ 92.849158, 25.717901 ] } },
{ "type": "Feature", "properties": { "HAB_ID": 620560, "STATE_ID": 4, "DISTRICT_I": 378, "BLOCK_ID": 1648, "HAB_NAME": "Langjin", "TOT_POPULA": 70, "dist_to_main_network_m": 56.0 }, "geometry": { "type": "Point", "coordinates": [ 92.833384, 25.544065 ] } },
{ "type": "Feature", "properties": { "HAB_ID": 620693, "STATE_ID": 4, "DISTRICT_I": 378, "BLOCK_ID": 1648, "HAB_NAME": "langsomepi", "TOT_POPULA": 52, "dist_to_main_network_m": 29.0 }, "geometry": { "type": "Point", "coordinates": [ 92.822431, 25.543923 ] } },
{ "type": "Feature", "properties": { "HAB_ID": 713987, "STATE_ID": 4, "DISTRICT_I": 378, "BLOCK_ID": 1648, "HAB_NAME": "monglai phonglo", "TOT_POPULA": 62, "dist_to_main_network_m": 110.0 }, "geometry": { "type": "Point", "coordinates": [ 92.842435, 25.566697 ] } },
{ "type": "Feature", "properties": { "HAB_ID": 620477, "STATE_ID": 4, "DISTRICT_I": 378, "BLOCK_ID": 1648, "HAB_NAME": "Longdengkro", "TOT_POPULA": 47, "dist_to_main_network_m": 43.0 }, "geometry": { "type": "Point", "coordinates": [ 92.974834, 25.484402 ] } },
{ "type": "Feature", "properties": { "HAB_ID": 620581, "STATE_ID": 4, "DISTRICT_I": 378, "BLOCK_ID": 1648, "HAB_NAME": "Longkula", "TOT_POPULA": 171, "dist_to_main_network_m": 22.0 }, "geometry": { "type": "Point", "coordinates": [ 92.906996, 25.601428 ] } },
{ "type": "Feature", "properties": { "HAB_ID": 620746, "STATE_ID": 4, "DISTRICT_I": 378, "BLOCK_ID": 1648, "HAB_NAME": "Longyendisa", "TOT_POPULA": 86, "dist_to_main_network_m": 14.0 }, "geometry": { "type": "Point", "coordinates": [ 92.968284, 25.543542 ] } },
{ "type": "Feature", "properties": { "HAB_ID": 620582, "STATE_ID": 4, "DISTRICT_I": 378, "BLOCK_ID": 1648, "HAB_NAME": "Lonkupur", "TOT_POPULA": 47, "dist_to_main_network_m": 48.0 }, "geometry": { "type": "Point", "coordinates": [ 92.803252, 25.628038 ] } },
{ "type": "Feature", "properties": { "HAB_ID": 621241, "STATE_ID": 4, "DISTRICT_I": 378, "BLOCK_ID": 1648, "HAB_NAME": "larbo", "TOT_POPULA": 190, "dist_to_main_network_m": 49.0 }, "geometry": { "type": "Point", "coordinates": [ 92.924085, 25.644532 ] } },
{ "type": "Feature", "properties": { "HAB_ID": 620633, "STATE_ID": 4, "DISTRICT_I": 378, "BLOCK_ID": 1648, "HAB_NAME": "langphermukh", "TOT_POPULA": 173, "dist_to_main_network_m": 37.0 }, "geometry": { "type": "Point", "coordinates": [ 92.868901, 25.731648 ] } },
{ "type": "Feature", "properties": { "HAB_ID": 631198, "STATE_ID": 4, "DISTRICT_I": 378, "BLOCK_ID": 1648, "HAB_NAME": "lonku", "TOT_POPULA": 235, "dist_to_main_network_m": 68.0 }, "geometry": { "type": "Point", "coordinates": [ 92.797474, 25.667226 ] } },
{ "type": "Feature", "properties": { "HAB_ID": 669095, "STATE_ID": 4, "DISTRICT_I": 378, "BLOCK_ID": 1648, "HAB_NAME": "Monbu Nepali", "TOT_POPULA": 154, "dist_to_main_network_m": 53.0 }, "geometry": { "type": "Point", "coordinates": [ 92.934921, 25.780892 ] } },
{ "type": "Feature", "properties": { "HAB_ID": 1109854, "STATE_ID": 4, "DISTRICT_I": 378, "BLOCK_ID": 1647, "HAB_NAME": "Yea", "TOT_POPULA": 140, "dist_to_main_network_m": 104.0 }, "geometry": { "type": "Point", "coordinates": [ 93.210894, 25.25156 ] } },
{ "type": "Feature", "properties": { "HAB_ID": 302537, "STATE_ID": 4, "DISTRICT_I": 378, "BLOCK_ID": 1648, "HAB_NAME": "Dikrengalao 2", "TOT_POPULA": 204, "dist_to_main_network_m": 70.0 }, "geometry": { "type": "Point", "coordinates": [ 92.964133, 25.713471 ] } },
{ "type": "Feature", "properties": { "HAB_ID": 1109855, "STATE_ID": 4, "DISTRICT_I": 378, "BLOCK_ID": 1647, "HAB_NAME": "Yeabra", "TOT_POPULA": 305, "dist_to_main_network_m": 52.0 }, "geometry": { "type": "Point", "coordinates": [ 93.17116, 25.249612 ] } },
{ "type": "Feature", "properties": { "HAB_ID": 937965, "STATE_ID": 4, "DISTRICT_I": 378, "BLOCK_ID": 1648, "HAB_NAME": "Sainilangso", "TOT_POPULA": 52, "dist_to_main_network_m": 68.0 }, "geometry": { "type": "Point", "coordinates": [ 92.814188, 25.543259 ] } },
{ "type": "Feature", "properties": { "HAB_ID": 1185549, "STATE_ID": 4, "DISTRICT_I": 378, "BLOCK_ID": 1648, "HAB_NAME": "Namawari.", "TOT_POPULA": 36, "dist_to_main_network_m": 28.0 }, "geometry": { "type": "Point", "coordinates": [ 92.92772, 25.614236 ] } },
{ "type": "Feature", "properties": { "HAB_ID": 992678, "STATE_ID": 4, "DISTRICT_I": 378, "BLOCK_ID": 1648, "HAB_NAME": "simbao", "TOT_POPULA": 44, "dist_to_main_network_m": 6.0 }, "geometry": { "type": "Point", "coordinates": [ 92.983115, 25.731078 ] } },
{ "type": "Feature", "properties": { "HAB_ID": 1185554, "STATE_ID": 4, "DISTRICT_I": 378, "BLOCK_ID": 1648, "HAB_NAME": "Tharvethepo.", "TOT_POPULA": 130, "dist_to_main_network_m": 25.0 }, "geometry": { "type": "Point", "coordinates": [ 92.898571, 25.749537 ] } },
{ "type": "Feature", "properties": { "HAB_ID": 1185551, "STATE_ID": 4, "DISTRICT_I": 378, "BLOCK_ID": 1648, "HAB_NAME": "Phonglodisa.", "TOT_POPULA": 155, "dist_to_main_network_m": 39.0 }, "geometry": { "type": "Point", "coordinates": [ 92.919173, 25.730352 ] } },
{ "type": "Feature", "properties": { "HAB_ID": 1041255, "STATE_ID": 4, "DISTRICT_I": 378, "BLOCK_ID": 1648, "HAB_NAME": "teranglangso", "TOT_POPULA": 77, "dist_to_main_network_m": 177.0 }, "geometry": { "type": "Point", "coordinates": [ 92.952909, 25.708478 ] } },
{ "type": "Feature", "properties": { "HAB_ID": 257838, "STATE_ID": 4, "DISTRICT_I": 378, "BLOCK_ID": 4283, "HAB_NAME": "Dehangi", "TOT_POPULA": 419, "dist_to_main_network_m": 18.0 }, "geometry": { "type": "Point", "coordinates": [ 92.99516, 25.423482 ] } },
{ "type": "Feature", "properties": { "HAB_ID": 631194, "STATE_ID": 4, "DISTRICT_I": 378, "BLOCK_ID": 2138, "HAB_NAME": "Longkok", "TOT_POPULA": 350, "dist_to_main_network_m": 93.0 }, "geometry": { "type": "Point", "coordinates": [ 93.007324, 25.2034 ] } },
{ "type": "Feature", "properties": { "HAB_ID": 631210, "STATE_ID": 4, "DISTRICT_I": 378, "BLOCK_ID": 1647, "HAB_NAME": "longmailai", "TOT_POPULA": 80, "dist_to_main_network_m": 551.0 }, "geometry": { "type": "Point", "coordinates": [ 93.032835, 25.339017 ] } },
{ "type": "Feature", "properties": { "HAB_ID": 631235, "STATE_ID": 4, "DISTRICT_I": 378, "BLOCK_ID": 1647, "HAB_NAME": "longphlang", "TOT_POPULA": 147, "dist_to_main_network_m": 18.0 }, "geometry": { "type": "Point", "coordinates": [ 93.192338, 25.49332 ] } },
{ "type": "Feature", "properties": { "HAB_ID": 646323, "STATE_ID": 4, "DISTRICT_I": 378, "BLOCK_ID": 2138, "HAB_NAME": "Maharajpur", "TOT_POPULA": 553, "dist_to_main_network_m": 16.0 }, "geometry": { "type": "Point", "coordinates": [ 92.87124, 25.120644 ] } },
{ "type": "Feature", "properties": { "HAB_ID": 431860, "STATE_ID": 4, "DISTRICT_I": 378, "BLOCK_ID": 2460, "HAB_NAME": "Impoi Hindu", "TOT_POPULA": 105, "dist_to_main_network_m": 66.0 }, "geometry": { "type": "Point", "coordinates": [ 93.197392, 25.182977 ] } },
{ "type": "Feature", "properties": { "HAB_ID": 1322684, "STATE_ID": 4, "DISTRICT_I": 378, "BLOCK_ID": 2138, "HAB_NAME": "kamphai Christian", "TOT_POPULA": 93, "dist_to_main_network_m": 367.0 }, "geometry": { "type": "Point", "coordinates": [ 92.932066, 25.244301 ] } },
{ "type": "Feature", "properties": { "HAB_ID": 460298, "STATE_ID": 4, "DISTRICT_I": 378, "BLOCK_ID": 2460, "HAB_NAME": "Jeme Tuolpoi", "TOT_POPULA": 158, "dist_to_main_network_m": 23.0 }, "geometry": { "type": "Point", "coordinates": [ 93.271315, 25.200773 ] } },
{ "type": "Feature", "properties": { "HAB_ID": 1320465, "STATE_ID": 4, "DISTRICT_I": 378, "BLOCK_ID": 1647, "HAB_NAME": "Langting Main", "TOT_POPULA": 2163, "dist_to_main_network_m": 38.0 }, "geometry": { "type": "Point", "coordinates": [ 93.112328, 25.494996 ] } },
{ "type": "Feature", "properties": { "HAB_ID": 1323567, "STATE_ID": 4, "DISTRICT_I": 378, "BLOCK_ID": 1647, "HAB_NAME": "Langaokro", "TOT_POPULA": 395, "dist_to_main_network_m": 141.0 }, "geometry": { "type": "Point", "coordinates": [ 93.336193, 25.451726 ] } },
{ "type": "Feature", "properties": { "HAB_ID": 1185598, "STATE_ID": 4, "DISTRICT_I": 378, "BLOCK_ID": 2460, "HAB_NAME": "Taijol", "TOT_POPULA": 79, "dist_to_main_network_m": 40.0 }, "geometry": { "type": "Point", "coordinates": [ 93.119234, 25.166724 ] } },
{ "type": "Feature", "properties": { "HAB_ID": 633843, "STATE_ID": 4, "DISTRICT_I": 378, "BLOCK_ID": 1647, "HAB_NAME": "lungding phonglo", "TOT_POPULA": 63, "dist_to_main_network_m": 140.0 }, "geometry": { "type": "Point", "coordinates": [ 93.112158, 25.644009 ] } },
{ "type": "Feature", "properties": { "HAB_ID": 1103150, "STATE_ID": 4, "DISTRICT_I": 378, "BLOCK_ID": 1647, "HAB_NAME": "Manderdisa Rly Station", "TOT_POPULA": 189, "dist_to_main_network_m": 302.0 }, "geometry": { "type": "Point", "coordinates": [ 93.126506, 25.721172 ] } },
{ "type": "Feature", "properties": { "HAB_ID": 1320553, "STATE_ID": 4, "DISTRICT_I": 378, "BLOCK_ID": 1647, "HAB_NAME": "N Daokrang", "TOT_POPULA": 49, "dist_to_main_network_m": 41.0 }, "geometry": { "type": "Point", "coordinates": [ 93.069948, 25.381809 ] } },
{ "type": "Feature", "properties": { "HAB_ID": 1323618, "STATE_ID": 4, "DISTRICT_I": 378, "BLOCK_ID": 1647, "HAB_NAME": "Sambudhanpur", "TOT_POPULA": 582, "dist_to_main_network_m": 71.0 }, "geometry": { "type": "Point", "coordinates": [ 93.138493, 25.298858 ] } },
{ "type": "Feature", "properties": { "HAB_ID": 1321076, "STATE_ID": 4, "DISTRICT_I": 378, "BLOCK_ID": 1647, "HAB_NAME": "Khasmaipur", "TOT_POPULA": 274, "dist_to_main_network_m": 18.0 }, "geometry": { "type": "Point", "coordinates": [ 93.130327, 25.32728 ] } },
{ "type": "Feature", "properties": { "HAB_ID": 1399502, "STATE_ID": 4, "DISTRICT_I": 378, "BLOCK_ID": 1647, "HAB_NAME": "Dima Haplai", "TOT_POPULA": 273, "dist_to_main_network_m": 222.0 }, "geometry": { "type": "Point", "coordinates": [ 93.095256, 25.638634 ] } },
{ "type": "Feature", "properties": { "HAB_ID": 1399508, "STATE_ID": 4, "DISTRICT_I": 378, "BLOCK_ID": 1647, "HAB_NAME": "Dima Hading", "TOT_POPULA": 293, "dist_to_main_network_m": 21.0 }, "geometry": { "type": "Point", "coordinates": [ 93.101553, 25.632348 ] } },
{ "type": "Feature", "properties": { "HAB_ID": 1399509, "STATE_ID": 4, "DISTRICT_I": 378, "BLOCK_ID": 1647, "HAB_NAME": "Daulapur", "TOT_POPULA": 64, "dist_to_main_network_m": 135.0 }, "geometry": { "type": "Point", "coordinates": [ 93.132097, 25.726783 ] } },
{ "type": "Feature", "properties": { "HAB_ID": 1185586, "STATE_ID": 4, "DISTRICT_I": 378, "BLOCK_ID": 2460, "HAB_NAME": "New Zion", "TOT_POPULA": 32, "dist_to_main_network_m": 85.0 }, "geometry": { "type": "Point", "coordinates": [ 93.2037, 25.13955 ] } },
{ "type": "Feature", "properties": { "HAB_ID": 1185606, "STATE_ID": 4, "DISTRICT_I": 378, "BLOCK_ID": 4283, "HAB_NAME": "Embrubra I", "TOT_POPULA": 34, "dist_to_main_network_m": 25.0 }, "geometry": { "type": "Point", "coordinates": [ 92.865778, 25.395777 ] } },
{ "type": "Feature", "properties": { "HAB_ID": 304627, "STATE_ID": 4, "DISTRICT_I": 378, "BLOCK_ID": 2460, "HAB_NAME": "Laisong Porter Camp", "TOT_POPULA": 116, "dist_to_main_network_m": 38.0 }, "geometry": { "type": "Point", "coordinates": [ 93.288989, 25.202733 ] } },
{ "type": "Feature", "properties": { "HAB_ID": 1318041, "STATE_ID": 4, "DISTRICT_I": 378, "BLOCK_ID": 2460, "HAB_NAME": "Chuduning", "TOT_POPULA": 106, "dist_to_main_network_m": 77.0 }, "geometry": { "type": "Point", "coordinates": [ 93.137592, 25.178881 ] } },
{ "type": "Feature", "properties": { "HAB_ID": 508860, "STATE_ID": 4, "DISTRICT_I": 378, "BLOCK_ID": 2460, "HAB_NAME": "Longma Pt III", "TOT_POPULA": 61, "dist_to_main_network_m": 279.0 }, "geometry": { "type": "Point", "coordinates": [ 93.056396, 25.154879 ] } },
{ "type": "Feature", "properties": { "HAB_ID": 302867, "STATE_ID": 4, "DISTRICT_I": 378, "BLOCK_ID": 1647, "HAB_NAME": "dilongthai", "TOT_POPULA": 72, "dist_to_main_network_m": 75.0 }, "geometry": { "type": "Point", "coordinates": [ 93.039723, 25.675691 ] } },
{ "type": "Feature", "properties": { "HAB_ID": 1185591, "STATE_ID": 4, "DISTRICT_I": 378, "BLOCK_ID": 2460, "HAB_NAME": "N Wari I", "TOT_POPULA": 131, "dist_to_main_network_m": 27.0 }, "geometry": { "type": "Point", "coordinates": [ 93.059769, 25.215162 ] } },
{ "type": "Feature", "properties": { "HAB_ID": 1185635, "STATE_ID": 4, "DISTRICT_I": 378, "BLOCK_ID": 1647, "HAB_NAME": "Kautaibari II", "TOT_POPULA": 326, "dist_to_main_network_m": 26.0 }, "geometry": { "type": "Point", "coordinates": [ 93.347152, 25.414787 ] } },
{ "type": "Feature", "properties": { "HAB_ID": 1185583, "STATE_ID": 4, "DISTRICT_I": 378, "BLOCK_ID": 2460, "HAB_NAME": "Daotuhaja Rly Station", "TOT_POPULA": 65, "dist_to_main_network_m": 46.0 }, "geometry": { "type": "Point", "coordinates": [ 93.162664, 25.227118 ] } },
{ "type": "Feature", "properties": { "HAB_ID": 1399515, "STATE_ID": 4, "DISTRICT_I": 378, "BLOCK_ID": 1647, "HAB_NAME": "Hajapur", "TOT_POPULA": 42, "dist_to_main_network_m": 95.0 }, "geometry": { "type": "Point", "coordinates": [ 93.092124, 25.767533 ] } },
{ "type": "Feature", "properties": { "HAB_ID": 379609, "STATE_ID": 4, "DISTRICT_I": 378, "BLOCK_ID": 1647, "HAB_NAME": "grayung", "TOT_POPULA": 130, "dist_to_main_network_m": 463.0 }, "geometry": { "type": "Point", "coordinates": [ 93.017304, 25.558558 ] } },
{ "type": "Feature", "properties": { "HAB_ID": 714105, "STATE_ID": 4, "DISTRICT_I": 378, "BLOCK_ID": 1647, "HAB_NAME": "Manja II", "TOT_POPULA": 136, "dist_to_main_network_m": 67.0 }, "geometry": { "type": "Point", "coordinates": [ 93.164317, 25.558237 ] } },
{ "type": "Feature", "properties": { "HAB_ID": 1321304, "STATE_ID": 4, "DISTRICT_I": 378, "BLOCK_ID": 1647, "HAB_NAME": "Delenbra", "TOT_POPULA": 179, "dist_to_main_network_m": 139.0 }, "geometry": { "type": "Point", "coordinates": [ 93.158141, 25.288144 ] } },
{ "type": "Feature", "properties": { "HAB_ID": 1318555, "STATE_ID": 4, "DISTRICT_I": 378, "BLOCK_ID": 1647, "HAB_NAME": "Gang No.1", "TOT_POPULA": 84, "dist_to_main_network_m": 517.0 }, "geometry": { "type": "Point", "coordinates": [ 93.126013, 25.716313 ] } },
{ "type": "Feature", "properties": { "HAB_ID": 1321320, "STATE_ID": 4, "DISTRICT_I": 378, "BLOCK_ID": 1647, "HAB_NAME": "Dijamdolia", "TOT_POPULA": 85, "dist_to_main_network_m": 2467.0 }, "geometry": { "type": "Point", "coordinates": [ 93.116304, 25.257015 ] } },
{ "type": "Feature", "properties": { "HAB_ID": 1399516, "STATE_ID": 4, "DISTRICT_I": 378, "BLOCK_ID": 1647, "HAB_NAME": "Lucky Bill", "TOT_POPULA": 79, "dist_to_main_network_m": 1035.0 }, "geometry": { "type": "Point", "coordinates": [ 93.07146, 25.628116 ] } },
{ "type": "Feature", "properties": { "HAB_ID": 1399520, "STATE_ID": 4, "DISTRICT_I": 378, "BLOCK_ID": 1647, "HAB_NAME": "Medical", "TOT_POPULA": 120, "dist_to_main_network_m": 289.0 }, "geometry": { "type": "Point", "coordinates": [ 93.300361, 25.276279 ] } },
{ "type": "Feature", "properties": { "HAB_ID": 1399525, "STATE_ID": 4, "DISTRICT_I": 378, "BLOCK_ID": 1647, "HAB_NAME": "Diblong III", "TOT_POPULA": 6, "dist_to_main_network_m": 232.0 }, "geometry": { "type": "Point", "coordinates": [ 93.096311, 25.609108 ] } },
{ "type": "Feature", "properties": { "HAB_ID": 1399526, "STATE_ID": 4, "DISTRICT_I": 378, "BLOCK_ID": 1647, "HAB_NAME": "Drang Bathari II", "TOT_POPULA": 260, "dist_to_main_network_m": 118.0 }, "geometry": { "type": "Point", "coordinates": [ 93.233167, 25.347911 ] } },
{ "type": "Feature", "properties": { "HAB_ID": 1399531, "STATE_ID": 4, "DISTRICT_I": 378, "BLOCK_ID": 1647, "HAB_NAME": "Thaimdoling", "TOT_POPULA": 116, "dist_to_main_network_m": 64.0 }, "geometry": { "type": "Point", "coordinates": [ 93.010947, 25.362629 ] } },
{ "type": "Feature", "properties": { "HAB_ID": 1399536, "STATE_ID": 4, "DISTRICT_I": 378, "BLOCK_ID": 1647, "HAB_NAME": "Hamri Baigo", "TOT_POPULA": 170, "dist_to_main_network_m": 50.0 }, "geometry": { "type": "Point", "coordinates": [ 93.177555, 25.302145 ] } },
{ "type": "Feature", "properties": { "HAB_ID": 1399537, "STATE_ID": 4, "DISTRICT_I": 378, "BLOCK_ID": 1647, "HAB_NAME": "Guilung Phungti", "TOT_POPULA": 120, "dist_to_main_network_m": 111.0 }, "geometry": { "type": "Point", "coordinates": [ 93.249376, 25.277306 ] } },
{ "type": "Feature", "properties": { "HAB_ID": 1399541, "STATE_ID": 4, "DISTRICT_I": 378, "BLOCK_ID": 1647, "HAB_NAME": "Drang Bathari I", "TOT_POPULA": 160, "dist_to_main_network_m": 1.0 }, "geometry": { "type": "Point", "coordinates": [ 93.244489, 25.341604 ] } },
{ "type": "Feature", "properties": { "HAB_ID": 1399542, "STATE_ID": 4, "DISTRICT_I": 378, "BLOCK_ID": 1647, "HAB_NAME": "Choto Linglo", "TOT_POPULA": 150, "dist_to_main_network_m": 12.0 }, "geometry": { "type": "Point", "coordinates": [ 93.236366, 25.262545 ] } },
{ "type": "Feature", "properties": { "HAB_ID": 1102146, "STATE_ID": 4, "DISTRICT_I": 378, "BLOCK_ID": 1647, "HAB_NAME": "wayungdisa", "TOT_POPULA": 109, "dist_to_main_network_m": 19.0 }, "geometry": { "type": "Point", "coordinates": [ 93.024256, 25.287759 ] } },
{ "type": "Feature", "properties": { "HAB_ID": 1103482, "STATE_ID": 4, "DISTRICT_I": 378, "BLOCK_ID": 1647, "HAB_NAME": "wari", "TOT_POPULA": 151, "dist_to_main_network_m": 8.0 }, "geometry": { "type": "Point", "coordinates": [ 93.00161, 25.291757 ] } },
{ "type": "Feature", "properties": { "HAB_ID": 1185517, "STATE_ID": 4, "DISTRICT_I": 378, "BLOCK_ID": 1647, "HAB_NAME": "Ardaopur", "TOT_POPULA": 88, "dist_to_main_network_m": 9.0 }, "geometry": { "type": "Point", "coordinates": [ 93.104012, 25.587551 ] } },
{ "type": "Feature", "properties": { "HAB_ID": 46521, "STATE_ID": 4, "DISTRICT_I": 378, "BLOCK_ID": 1648, "HAB_NAME": "Arda", "TOT_POPULA": 374, "dist_to_main_network_m": 57.0 }, "geometry": { "type": "Point", "coordinates": [ 92.907184, 25.700175 ] } },
{ "type": "Feature", "properties": { "HAB_ID": 1103512, "STATE_ID": 4, "DISTRICT_I": 378, "BLOCK_ID": 1647, "HAB_NAME": "warigiding", "TOT_POPULA": 126, "dist_to_main_network_m": 73.0 }, "geometry": { "type": "Point", "coordinates": [ 93.146953, 25.479185 ] } },
{ "type": "Feature", "properties": { "HAB_ID": 1185518, "STATE_ID": 4, "DISTRICT_I": 378, "BLOCK_ID": 1647, "HAB_NAME": "Choto Bathari", "TOT_POPULA": 89, "dist_to_main_network_m": 98.0 }, "geometry": { "type": "Point", "coordinates": [ 93.074479, 25.283814 ] } },
{ "type": "Feature", "properties": { "HAB_ID": 1318471, "STATE_ID": 4, "DISTRICT_I": 378, "BLOCK_ID": 1647, "HAB_NAME": "Maibangdisabra", "TOT_POPULA": 78, "dist_to_main_network_m": 247.0 }, "geometry": { "type": "Point", "coordinates": [ 93.186228, 25.401594 ] } },
{ "type": "Feature", "properties": { "HAB_ID": 1321568, "STATE_ID": 4, "DISTRICT_I": 378, "BLOCK_ID": 1648, "HAB_NAME": "natungera", "TOT_POPULA": 104, "dist_to_main_network_m": 36.0 }, "geometry": { "type": "Point", "coordinates": [ 92.894868, 25.658484 ] } },
{ "type": "Feature", "properties": { "HAB_ID": 1321682, "STATE_ID": 4, "DISTRICT_I": 378, "BLOCK_ID": 1648, "HAB_NAME": "Rajbari 2", "TOT_POPULA": 212, "dist_to_main_network_m": 86.0 }, "geometry": { "type": "Point", "coordinates": [ 92.938177, 25.801292 ] } },
{ "type": "Feature", "properties": { "HAB_ID": 1321705, "STATE_ID": 4, "DISTRICT_I": 378, "BLOCK_ID": 1648, "HAB_NAME": "tortalangso 2", "TOT_POPULA": 56, "dist_to_main_network_m": 20.0 }, "geometry": { "type": "Point", "coordinates": [ 92.814055, 25.667014 ] } },
{ "type": "Feature", "properties": { "HAB_ID": 1321711, "STATE_ID": 4, "DISTRICT_I": 378, "BLOCK_ID": 1648, "HAB_NAME": "Wari Diplai", "TOT_POPULA": 74, "dist_to_main_network_m": 89.0 }, "geometry": { "type": "Point", "coordinates": [ 92.856387, 25.54777 ] } },
{ "type": "Feature", "properties": { "HAB_ID": 1321718, "STATE_ID": 4, "DISTRICT_I": 378, "BLOCK_ID": 1648, "HAB_NAME": "Wasubil 2", "TOT_POPULA": 147, "dist_to_main_network_m": 32.0 }, "geometry": { "type": "Point", "coordinates": [ 92.912545, 25.742572 ] } },
{ "type": "Feature", "properties": { "HAB_ID": 1318693, "STATE_ID": 4, "DISTRICT_I": 378, "BLOCK_ID": 1647, "HAB_NAME": "Motibra", "TOT_POPULA": 112, "dist_to_main_network_m": 55.0 }, "geometry": { "type": "Point", "coordinates": [ 93.08415, 25.355157 ] } },
{ "type": "Feature", "properties": { "HAB_ID": 1103524, "STATE_ID": 4, "DISTRICT_I": 378, "BLOCK_ID": 1647, "HAB_NAME": "warilungabra", "TOT_POPULA": 126, "dist_to_main_network_m": 571.0 }, "geometry": { "type": "Point", "coordinates": [ 93.048244, 25.353691 ] } },
{ "type": "Feature", "properties": { "HAB_ID": 1318757, "STATE_ID": 4, "DISTRICT_I": 378, "BLOCK_ID": 1647, "HAB_NAME": "Mupa", "TOT_POPULA": 283, "dist_to_main_network_m": 744.0 }, "geometry": { "type": "Point", "coordinates": [ 93.119588, 25.373989 ] } },
{ "type": "Feature", "properties": { "HAB_ID": 1399309, "STATE_ID": 4, "DISTRICT_I": 378, "BLOCK_ID": 1648, "HAB_NAME": "Wasaikhong 2", "TOT_POPULA": 180, "dist_to_main_network_m": 81.0 }, "geometry": { "type": "Point", "coordinates": [ 92.948427, 25.787633 ] } },
{ "type": "Feature", "properties": { "HAB_ID": 1321722, "STATE_ID": 4, "DISTRICT_I": 378, "BLOCK_ID": 1648, "HAB_NAME": "wasubil", "TOT_POPULA": 150, "dist_to_main_network_m": 27.0 }, "geometry": { "type": "Point", "coordinates": [ 92.910849, 25.748666 ] } },
{ "type": "Feature", "properties": { "HAB_ID": 1321837, "STATE_ID": 4, "DISTRICT_I": 378, "BLOCK_ID": 1648, "HAB_NAME": "Boro Langreng", "TOT_POPULA": 333, "dist_to_main_network_m": 61.0 }, "geometry": { "type": "Point", "coordinates": [ 92.875299, 25.549218 ] } },
{ "type": "Feature", "properties": { "HAB_ID": 1321863, "STATE_ID": 4, "DISTRICT_I": 378, "BLOCK_ID": 1648, "HAB_NAME": "choto langreng", "TOT_POPULA": 250, "dist_to_main_network_m": 28.0 }, "geometry": { "type": "Point", "coordinates": [ 92.898501, 25.539615 ] } },
{ "type": "Feature", "properties": { "HAB_ID": 1399307, "STATE_ID": 4, "DISTRICT_I": 378, "BLOCK_ID": 1648, "HAB_NAME": "Digandu 5", "TOT_POPULA": 125, "dist_to_main_network_m": 33.0 }, "geometry": { "type": "Point", "coordinates": [ 93.006503, 25.780896 ] } },
{ "type": "Feature", "properties": { "HAB_ID": 233397, "STATE_ID": 4, "DISTRICT_I": 378, "BLOCK_ID": 1648, "HAB_NAME": "chotolanghereng", "TOT_POPULA": 49, "dist_to_main_network_m": 13.0 }, "geometry": { "type": "Point", "coordinates": [ 92.90937, 25.545751 ] } },
{ "type": "Feature", "properties": { "HAB_ID": 233398, "STATE_ID": 4, "DISTRICT_I": 378, "BLOCK_ID": 1648, "HAB_NAME": "chotolangklam", "TOT_POPULA": 116, "dist_to_main_network_m": 101.0 }, "geometry": { "type": "Point", "coordinates": [ 92.7837, 25.625682 ] } },
{ "type": "Feature", "properties": { "HAB_ID": 233403, "STATE_ID": 4, "DISTRICT_I": 378, "BLOCK_ID": 1648, "HAB_NAME": "chotolongku", "TOT_POPULA": 171, "dist_to_main_network_m": 51.0 }, "geometry": { "type": "Point", "coordinates": [ 92.823102, 25.649104 ] } },
{ "type": "Feature", "properties": { "HAB_ID": 233404, "STATE_ID": 4, "DISTRICT_I": 378, "BLOCK_ID": 1648, "HAB_NAME": "chotolongpher", "TOT_POPULA": 457, "dist_to_main_network_m": 72.0 }, "geometry": { "type": "Point", "coordinates": [ 92.822598, 25.695268 ] } },
{ "type": "Feature", "properties": { "HAB_ID": 1320395, "STATE_ID": 4, "DISTRICT_I": 378, "BLOCK_ID": 1648, "HAB_NAME": "Deralinghadi", "TOT_POPULA": 202, "dist_to_main_network_m": 39.0 }, "geometry": { "type": "Point", "coordinates": [ 92.89288, 25.594805 ] } },
{ "type": "Feature", "properties": { "HAB_ID": 233422, "STATE_ID": 4, "DISTRICT_I": 378, "BLOCK_ID": 1648, "HAB_NAME": "chotowashiling 2", "TOT_POPULA": 217, "dist_to_main_network_m": 73.0 }, "geometry": { "type": "Point", "coordinates": [ 92.917161, 25.75955 ] } },
{ "type": "Feature", "properties": { "HAB_ID": 300255, "STATE_ID": 4, "DISTRICT_I": 378, "BLOCK_ID": 1648, "HAB_NAME": "didarbi", "TOT_POPULA": 114, "dist_to_main_network_m": 48.0 }, "geometry": { "type": "Point", "coordinates": [ 92.965931, 25.506684 ] } },
{ "type": "Feature", "properties": { "HAB_ID": 300598, "STATE_ID": 4, "DISTRICT_I": 378, "BLOCK_ID": 1648, "HAB_NAME": "Digandu 4", "TOT_POPULA": 203, "dist_to_main_network_m": 95.0 }, "geometry": { "type": "Point", "coordinates": [ 92.998268, 25.786524 ] } },
{ "type": "Feature", "properties": { "HAB_ID": 304186, "STATE_ID": 4, "DISTRICT_I": 378, "BLOCK_ID": 1648, "HAB_NAME": "Dithor Kachari", "TOT_POPULA": 155, "dist_to_main_network_m": 120.0 }, "geometry": { "type": "Point", "coordinates": [ 92.945802, 25.520328 ] } },
{ "type": "Feature", "properties": { "HAB_ID": 301248, "STATE_ID": 4, "DISTRICT_I": 378, "BLOCK_ID": 1648, "HAB_NAME": "digremdisa", "TOT_POPULA": 109, "dist_to_main_network_m": 77.0 }, "geometry": { "type": "Point", "coordinates": [ 92.788531, 25.640708 ] } },
{ "type": "Feature", "properties": { "HAB_ID": 454735, "STATE_ID": 4, "DISTRICT_I": 378, "BLOCK_ID": 1648, "HAB_NAME": "jaramdisa", "TOT_POPULA": 250, "dist_to_main_network_m": 107.0 }, "geometry": { "type": "Point", "coordinates": [ 92.934725, 25.59231 ] } },
{ "type": "Feature", "properties": { "HAB_ID": 470328, "STATE_ID": 4, "DISTRICT_I": 378, "BLOCK_ID": 1648, "HAB_NAME": "jongsorhadi", "TOT_POPULA": 105, "dist_to_main_network_m": 30.0 }, "geometry": { "type": "Point", "coordinates": [ 92.990289, 25.553348 ] } },
{ "type": "Feature", "properties": { "HAB_ID": 486902, "STATE_ID": 4, "DISTRICT_I": 378, "BLOCK_ID": 1648, "HAB_NAME": "kalanalaborokachari", "TOT_POPULA": 100, "dist_to_main_network_m": 29.0 }, "geometry": { "type": "Point", "coordinates": [ 92.813678, 25.696938 ] } },
{ "type": "Feature", "properties": { "HAB_ID": 531815, "STATE_ID": 4, "DISTRICT_I": 378, "BLOCK_ID": 1648, "HAB_NAME": "Khelempu", "TOT_POPULA": 249, "dist_to_main_network_m": 103.0 }, "geometry": { "type": "Point", "coordinates": [ 92.889741, 25.71475 ] } },
{ "type": "Feature", "properties": { "HAB_ID": 1317319, "STATE_ID": 4, "DISTRICT_I": 378, "BLOCK_ID": 4283, "HAB_NAME": "Bhalukurung", "TOT_POPULA": 587, "dist_to_main_network_m": 54.0 }, "geometry": { "type": "Point", "coordinates": [ 92.575913, 25.475728 ] } },
{ "type": "Feature", "properties": { "HAB_ID": 302538, "STATE_ID": 4, "DISTRICT_I": 378, "BLOCK_ID": 4283, "HAB_NAME": "Dikrengma", "TOT_POPULA": 96, "dist_to_main_network_m": 30.0 }, "geometry": { "type": "Point", "coordinates": [ 92.944981, 25.416483 ] } },
{ "type": "Feature", "properties": { "HAB_ID": 129973, "STATE_ID": 4, "DISTRICT_I": 378, "BLOCK_ID": 4283, "HAB_NAME": "Baga", "TOT_POPULA": 203, "dist_to_main_network_m": 53.0 }, "geometry": { "type": "Point", "coordinates": [ 92.864223, 25.407121 ] } },
{ "type": "Feature", "properties": { "HAB_ID": 177629, "STATE_ID": 4, "DISTRICT_I": 378, "BLOCK_ID": 4283, "HAB_NAME": "Boro Lobang", "TOT_POPULA": 508, "dist_to_main_network_m": 105.0 }, "geometry": { "type": "Point", "coordinates": [ 92.694091, 25.444397 ] } },
{ "type": "Feature", "properties": { "HAB_ID": 620598, "STATE_ID": 4, "DISTRICT_I": 378, "BLOCK_ID": 4283, "HAB_NAME": "Langmeiklu", "TOT_POPULA": 253, "dist_to_main_network_m": 21.0 }, "geometry": { "type": "Point", "coordinates": [ 92.782422, 25.59056 ] } },
{ "type": "Feature", "properties": { "HAB_ID": 310265, "STATE_ID": 4, "DISTRICT_I": 378, "BLOCK_ID": 4283, "HAB_NAME": "Dorbinship", "TOT_POPULA": 183, "dist_to_main_network_m": 25.0 }, "geometry": { "type": "Point", "coordinates": [ 92.785232, 25.494825 ] } },
{ "type": "Feature", "properties": { "HAB_ID": 631209, "STATE_ID": 4, "DISTRICT_I": 378, "BLOCK_ID": 4283, "HAB_NAME": "Longmaidisa Dikreng", "TOT_POPULA": 210, "dist_to_main_network_m": 86.0 }, "geometry": { "type": "Point", "coordinates": [ 92.991206, 25.428159 ] } },
{ "type": "Feature", "properties": { "HAB_ID": 310279, "STATE_ID": 4, "DISTRICT_I": 378, "BLOCK_ID": 4283, "HAB_NAME": "Doroho", "TOT_POPULA": 8, "dist_to_main_network_m": 35.0 }, "geometry": { "type": "Point", "coordinates": [ 92.865417, 25.36672 ] } },
{ "type": "Feature", "properties": { "HAB_ID": 658581, "STATE_ID": 4, "DISTRICT_I": 378, "BLOCK_ID": 4283, "HAB_NAME": "Malangpa", "TOT_POPULA": 232, "dist_to_main_network_m": 19.0 }, "geometry": { "type": "Point", "coordinates": [ 92.829537, 25.212865 ] } },
{ "type": "Feature", "properties": { "HAB_ID": 703624, "STATE_ID": 4, "DISTRICT_I": 378, "BLOCK_ID": 4283, "HAB_NAME": "Mirphung", "TOT_POPULA": 259, "dist_to_main_network_m": 79.0 }, "geometry": { "type": "Point", "coordinates": [ 92.740843, 25.435442 ] } },
{ "type": "Feature", "properties": { "HAB_ID": 1399415, "STATE_ID": 4, "DISTRICT_I": 378, "BLOCK_ID": 4283, "HAB_NAME": "Dehangi Tinali", "TOT_POPULA": 319, "dist_to_main_network_m": 53.0 }, "geometry": { "type": "Point", "coordinates": [ 92.99045, 25.418444 ] } },
{ "type": "Feature", "properties": { "HAB_ID": 1185610, "STATE_ID": 4, "DISTRICT_I": 378, "BLOCK_ID": 4283, "HAB_NAME": "Kharthongship", "TOT_POPULA": 114, "dist_to_main_network_m": 60.0 }, "geometry": { "type": "Point", "coordinates": [ 92.811068, 25.252179 ] } },
{ "type": "Feature", "properties": { "HAB_ID": 1317819, "STATE_ID": 4, "DISTRICT_I": 378, "BLOCK_ID": 4283, "HAB_NAME": "Lengpui", "TOT_POPULA": 162, "dist_to_main_network_m": 14.0 }, "geometry": { "type": "Point", "coordinates": [ 92.790423, 25.388634 ] } },
{ "type": "Feature", "properties": { "HAB_ID": 1399417, "STATE_ID": 4, "DISTRICT_I": 378, "BLOCK_ID": 4283, "HAB_NAME": "Cheksolangso", "TOT_POPULA": 100, "dist_to_main_network_m": 19.0 }, "geometry": { "type": "Point", "coordinates": [ 92.659997, 25.474111 ] } },
{ "type": "Feature", "properties": { "HAB_ID": 1317881, "STATE_ID": 4, "DISTRICT_I": 378, "BLOCK_ID": 4283, "HAB_NAME": "Longrung", "TOT_POPULA": 583, "dist_to_main_network_m": 113.0 }, "geometry": { "type": "Point", "coordinates": [ 92.754156, 25.50489 ] } },
{ "type": "Feature", "properties": { "HAB_ID": 177635, "STATE_ID": 4, "DISTRICT_I": 378, "BLOCK_ID": 2460, "HAB_NAME": "Boro Ninglo", "TOT_POPULA": 391, "dist_to_main_network_m": 63.0 }, "geometry": { "type": "Point", "coordinates": [ 93.320952, 25.193613 ] } },
{ "type": "Feature", "properties": { "HAB_ID": 78062, "STATE_ID": 4, "DISTRICT_I": 378, "BLOCK_ID": 2460, "HAB_NAME": "Baladhan", "TOT_POPULA": 531, "dist_to_main_network_m": 44.0 }, "geometry": { "type": "Point", "coordinates": [ 93.218005, 25.06523 ] } },
{ "type": "Feature", "properties": { "HAB_ID": 613747, "STATE_ID": 4, "DISTRICT_I": 378, "BLOCK_ID": 2460, "HAB_NAME": "Laisong Christian", "TOT_POPULA": 1235, "dist_to_main_network_m": 46.0 }, "geometry": { "type": "Point", "coordinates": [ 93.301871, 25.202356 ] } },
{ "type": "Feature", "properties": { "HAB_ID": 95944, "STATE_ID": 4, "DISTRICT_I": 378, "BLOCK_ID": 2460, "HAB_NAME": "Baojen", "TOT_POPULA": 79, "dist_to_main_network_m": 52.0 }, "geometry": { "type": "Point", "coordinates": [ 93.102992, 25.182378 ] } },
{ "type": "Feature", "properties": { "HAB_ID": 561485, "STATE_ID": 4, "DISTRICT_I": 378, "BLOCK_ID": 2460, "HAB_NAME": "Khumnum", "TOT_POPULA": 156, "dist_to_main_network_m": 10.0 }, "geometry": { "type": "Point", "coordinates": [ 93.105152, 25.188982 ] } },
{ "type": "Feature", "properties": { "HAB_ID": 233369, "STATE_ID": 4, "DISTRICT_I": 378, "BLOCK_ID": 2460, "HAB_NAME": "Choto Wapu", "TOT_POPULA": 301, "dist_to_main_network_m": 35.0 }, "geometry": { "type": "Point", "coordinates": [ 93.028071, 25.267988 ] } },
{ "type": "Feature", "properties": { "HAB_ID": 300053, "STATE_ID": 4, "DISTRICT_I": 378, "BLOCK_ID": 2460, "HAB_NAME": "Dibaula", "TOT_POPULA": 140, "dist_to_main_network_m": 237.0 }, "geometry": { "type": "Point", "coordinates": [ 93.167083, 25.226298 ] } },
{ "type": "Feature", "properties": { "HAB_ID": 177642, "STATE_ID": 4, "DISTRICT_I": 378, "BLOCK_ID": 2460, "HAB_NAME": "Boro Wapu", "TOT_POPULA": 322, "dist_to_main_network_m": 526.0 }, "geometry": { "type": "Point", "coordinates": [ 93.079866, 25.171952 ] } },
{ "type": "Feature", "properties": { "HAB_ID": 635090, "STATE_ID": 4, "DISTRICT_I": 378, "BLOCK_ID": 2460, "HAB_NAME": "Mabao", "TOT_POPULA": 189, "dist_to_main_network_m": 70.0 }, "geometry": { "type": "Point", "coordinates": [ 93.024968, 25.210088 ] } },
{ "type": "Feature", "properties": { "HAB_ID": 424543, "STATE_ID": 4, "DISTRICT_I": 378, "BLOCK_ID": 2460, "HAB_NAME": "Hojai Kasiba", "TOT_POPULA": 242, "dist_to_main_network_m": 32.0 }, "geometry": { "type": "Point", "coordinates": [ 93.017615, 25.217083 ] } },
{ "type": "Feature", "properties": { "HAB_ID": 717498, "STATE_ID": 4, "DISTRICT_I": 378, "BLOCK_ID": 2460, "HAB_NAME": "Moti Hojai", "TOT_POPULA": 138, "dist_to_main_network_m": 14.0 }, "geometry": { "type": "Point", "coordinates": [ 93.07031, 25.233012 ] } },
{ "type": "Feature", "properties": { "HAB_ID": 431859, "STATE_ID": 4, "DISTRICT_I": 378, "BLOCK_ID": 2460, "HAB_NAME": "Impoi Christian", "TOT_POPULA": 286, "dist_to_main_network_m": 47.0 }, "geometry": { "type": "Point", "coordinates": [ 93.189166, 25.186996 ] } },
{ "type": "Feature", "properties": { "HAB_ID": 621484, "STATE_ID": 4, "DISTRICT_I": 378, "BLOCK_ID": 2460, "HAB_NAME": "Lasang", "TOT_POPULA": 580, "dist_to_main_network_m": 34.0 }, "geometry": { "type": "Point", "coordinates": [ 93.085152, 25.146905 ] } },
{ "type": "Feature", "properties": { "HAB_ID": 717577, "STATE_ID": 4, "DISTRICT_I": 378, "BLOCK_ID": 2460, "HAB_NAME": "Moti Lampu", "TOT_POPULA": 91, "dist_to_main_network_m": 146.0 }, "geometry": { "type": "Point", "coordinates": [ 93.070858, 25.249685 ] } },
{ "type": "Feature", "properties": { "HAB_ID": 1185608, "STATE_ID": 4, "DISTRICT_I": 378, "BLOCK_ID": 4283, "HAB_NAME": "GreenMarket", "TOT_POPULA": 1290, "dist_to_main_network_m": 112.0 }, "geometry": { "type": "Point", "coordinates": [ 92.649834, 25.514778 ] } },
{ "type": "Feature", "properties": { "HAB_ID": 1399418, "STATE_ID": 4, "DISTRICT_I": 378, "BLOCK_ID": 4283, "HAB_NAME": "Hebron", "TOT_POPULA": 338, "dist_to_main_network_m": 49.0 }, "geometry": { "type": "Point", "coordinates": [ 92.736927, 25.504141 ] } },
{ "type": "Feature", "properties": { "HAB_ID": 631180, "STATE_ID": 4, "DISTRICT_I": 378, "BLOCK_ID": 2460, "HAB_NAME": "Longkai Hindu", "TOT_POPULA": 247, "dist_to_main_network_m": 74.0 }, "geometry": { "type": "Point", "coordinates": [ 93.146486, 25.173168 ] } },
{ "type": "Feature", "properties": { "HAB_ID": 1399419, "STATE_ID": 4, "DISTRICT_I": 378, "BLOCK_ID": 4283, "HAB_NAME": "Shibraikro", "TOT_POPULA": 216, "dist_to_main_network_m": 86.0 }, "geometry": { "type": "Point", "coordinates": [ 92.727723, 25.50435 ] } },
{ "type": "Feature", "properties": { "HAB_ID": 249632, "STATE_ID": 4, "DISTRICT_I": 378, "BLOCK_ID": 2460, "HAB_NAME": "Daoban", "TOT_POPULA": 230, "dist_to_main_network_m": 43.0 }, "geometry": { "type": "Point", "coordinates": [ 93.099562, 25.004107 ] } },
{ "type": "Feature", "properties": { "HAB_ID": 717578, "STATE_ID": 4, "DISTRICT_I": 378, "BLOCK_ID": 2460, "HAB_NAME": "Moti Longmailai", "TOT_POPULA": 47, "dist_to_main_network_m": 40.0 }, "geometry": { "type": "Point", "coordinates": [ 93.08308, 25.204767 ] } },
{ "type": "Feature", "properties": { "HAB_ID": 249636, "STATE_ID": 4, "DISTRICT_I": 378, "BLOCK_ID": 2460, "HAB_NAME": "Daodung", "TOT_POPULA": 181, "dist_to_main_network_m": 115.0 }, "geometry": { "type": "Point", "coordinates": [ 93.1025, 25.178094 ] } },
{ "type": "Feature", "properties": { "HAB_ID": 631208, "STATE_ID": 4, "DISTRICT_I": 378, "BLOCK_ID": 2460, "HAB_NAME": "Longma", "TOT_POPULA": 90, "dist_to_main_network_m": 991.0 }, "geometry": { "type": "Point", "coordinates": [ 93.066102, 25.146807 ] } },
{ "type": "Feature", "properties": { "HAB_ID": 1073807, "STATE_ID": 4, "DISTRICT_I": 378, "BLOCK_ID": 4283, "HAB_NAME": "Umrangdisa", "TOT_POPULA": 46, "dist_to_main_network_m": 38.0 }, "geometry": { "type": "Point", "coordinates": [ 92.732646, 25.489973 ] } },
{ "type": "Feature", "properties": { "HAB_ID": 1322602, "STATE_ID": 4, "DISTRICT_I": 378, "BLOCK_ID": 2138, "HAB_NAME": "Hmungthajao Bagan II HJO", "TOT_POPULA": 330, "dist_to_main_network_m": 38.0 }, "geometry": { "type": "Point", "coordinates": [ 92.851638, 25.11873 ] } },
{ "type": "Feature", "properties": { "HAB_ID": 902969, "STATE_ID": 4, "DISTRICT_I": 378, "BLOCK_ID": 2138, "HAB_NAME": "Ramji", "TOT_POPULA": 43, "dist_to_main_network_m": 137.0 }, "geometry": { "type": "Point", "coordinates": [ 92.883439, 25.23914 ] } },
{ "type": "Feature", "properties": { "HAB_ID": 177620, "STATE_ID": 4, "DISTRICT_I": 378, "BLOCK_ID": 2138, "HAB_NAME": "Boro Haflong", "TOT_POPULA": 250, "dist_to_main_network_m": 33.0 }, "geometry": { "type": "Point", "coordinates": [ 93.025417, 25.150082 ] } },
{ "type": "Feature", "properties": { "HAB_ID": 1006494, "STATE_ID": 4, "DISTRICT_I": 378, "BLOCK_ID": 2460, "HAB_NAME": "Songbung", "TOT_POPULA": 697, "dist_to_main_network_m": 30.0 }, "geometry": { "type": "Point", "coordinates": [ 93.110122, 25.184504 ] } },
{ "type": "Feature", "properties": { "HAB_ID": 189862, "STATE_ID": 4, "DISTRICT_I": 378, "BLOCK_ID": 2138, "HAB_NAME": "Chaikam II", "TOT_POPULA": 113, "dist_to_main_network_m": 1624.0 }, "geometry": { "type": "Point", "coordinates": [ 92.985965, 25.196489 ] } },
{ "type": "Feature", "properties": { "HAB_ID": 233347, "STATE_ID": 4, "DISTRICT_I": 378, "BLOCK_ID": 2138, "HAB_NAME": "Choto Narainpur", "TOT_POPULA": 100, "dist_to_main_network_m": 27.0 }, "geometry": { "type": "Point", "coordinates": [ 92.83408, 25.102508 ] } },
{ "type": "Feature", "properties": { "HAB_ID": 177634, "STATE_ID": 4, "DISTRICT_I": 378, "BLOCK_ID": 2138, "HAB_NAME": "Boro Narainpur", "TOT_POPULA": 325, "dist_to_main_network_m": 144.0 }, "geometry": { "type": "Point", "coordinates": [ 92.827088, 25.098674 ] } },
{ "type": "Feature", "properties": { "HAB_ID": 432156, "STATE_ID": 4, "DISTRICT_I": 378, "BLOCK_ID": 2138, "HAB_NAME": "Inchaikang", "TOT_POPULA": 100, "dist_to_main_network_m": 1587.0 }, "geometry": { "type": "Point", "coordinates": [ 93.006182, 25.149847 ] } },
{ "type": "Feature", "properties": { "HAB_ID": 318795, "STATE_ID": 4, "DISTRICT_I": 378, "BLOCK_ID": 2138, "HAB_NAME": "Duiring 1", "TOT_POPULA": 123, "dist_to_main_network_m": 1691.0 }, "geometry": { "type": "Point", "coordinates": [ 92.958448, 25.143772 ] } },
{ "type": "Feature", "properties": { "HAB_ID": 233348, "STATE_ID": 4, "DISTRICT_I": 378, "BLOCK_ID": 2138, "HAB_NAME": "Choto Narainpur Deswali", "TOT_POPULA": 120, "dist_to_main_network_m": 39.0 }, "geometry": { "type": "Point", "coordinates": [ 92.832469, 25.104575 ] } },
{ "type": "Feature", "properties": { "HAB_ID": 1322040, "STATE_ID": 4, "DISTRICT_I": 378, "BLOCK_ID": 2138, "HAB_NAME": "Boro Narainpur Deswali", "TOT_POPULA": 60, "dist_to_main_network_m": 70.0 }, "geometry": { "type": "Point", "coordinates": [ 92.81793, 25.10088 ] } },
{ "type": "Feature", "properties": { "HAB_ID": 736262, "STATE_ID": 4, "DISTRICT_I": 378, "BLOCK_ID": 2138, "HAB_NAME": "N Kubing", "TOT_POPULA": 218, "dist_to_main_network_m": 10.0 }, "geometry": { "type": "Point", "coordinates": [ 92.963727, 25.18859 ] } },
{ "type": "Feature", "properties": { "HAB_ID": 1185568, "STATE_ID": 4, "DISTRICT_I": 378, "BLOCK_ID": 2138, "HAB_NAME": "Arda", "TOT_POPULA": 94, "dist_to_main_network_m": 15.0 }, "geometry": { "type": "Point", "coordinates": [ 92.971224, 25.08593 ] } },
{ "type": "Feature", "properties": { "HAB_ID": 457246, "STATE_ID": 4, "DISTRICT_I": 378, "BLOCK_ID": 2138, "HAB_NAME": "Jatinga Nepali Gurkhali", "TOT_POPULA": 232, "dist_to_main_network_m": 32.0 }, "geometry": { "type": "Point", "coordinates": [ 92.99909, 25.135679 ] } },
{ "type": "Feature", "properties": { "HAB_ID": 1321632, "STATE_ID": 4, "DISTRICT_I": 378, "BLOCK_ID": 2138, "HAB_NAME": "Boloson", "TOT_POPULA": 201, "dist_to_main_network_m": 44.0 }, "geometry": { "type": "Point", "coordinates": [ 92.920065, 25.233344 ] } },
{ "type": "Feature", "properties": { "HAB_ID": 909667, "STATE_ID": 4, "DISTRICT_I": 378, "BLOCK_ID": 2138, "HAB_NAME": "Rangapur", "TOT_POPULA": 151, "dist_to_main_network_m": 3.0 }, "geometry": { "type": "Point", "coordinates": [ 92.840418, 25.109158 ] } },
{ "type": "Feature", "properties": { "HAB_ID": 1322624, "STATE_ID": 4, "DISTRICT_I": 378, "BLOCK_ID": 2138, "HAB_NAME": "Huongveng", "TOT_POPULA": 250, "dist_to_main_network_m": 46.0 }, "geometry": { "type": "Point", "coordinates": [ 92.859993, 25.119345 ] } },
{ "type": "Feature", "properties": { "HAB_ID": 1321673, "STATE_ID": 4, "DISTRICT_I": 378, "BLOCK_ID": 2138, "HAB_NAME": "Boro Chenam", "TOT_POPULA": 382, "dist_to_main_network_m": 89.0 }, "geometry": { "type": "Point", "coordinates": [ 92.891122, 25.280874 ] } },
{ "type": "Feature", "properties": { "HAB_ID": 1322550, "STATE_ID": 4, "DISTRICT_I": 378, "BLOCK_ID": 2138, "HAB_NAME": "Harangajao deswali", "TOT_POPULA": 1006, "dist_to_main_network_m": 55.0 }, "geometry": { "type": "Point", "coordinates": [ 92.852007, 25.112683 ] } },
{ "type": "Feature", "properties": { "HAB_ID": 1322632, "STATE_ID": 4, "DISTRICT_I": 378, "BLOCK_ID": 2138, "HAB_NAME": "Indunglo", "TOT_POPULA": 146, "dist_to_main_network_m": 32.0 }, "geometry": { "type": "Point", "coordinates": [ 92.876841, 25.204269 ] } },
{ "type": "Feature", "properties": { "HAB_ID": 920667, "STATE_ID": 4, "DISTRICT_I": 378, "BLOCK_ID": 2138, "HAB_NAME": "Rekho", "TOT_POPULA": 228, "dist_to_main_network_m": 70.0 }, "geometry": { "type": "Point", "coordinates": [ 92.883544, 25.110397 ] } },
{ "type": "Feature", "properties": { "HAB_ID": 1322588, "STATE_ID": 4, "DISTRICT_I": 378, "BLOCK_ID": 2138, "HAB_NAME": "Hmartlangmawi", "TOT_POPULA": 171, "dist_to_main_network_m": 1710.0 }, "geometry": { "type": "Point", "coordinates": [ 92.800409, 25.096234 ] } },
{ "type": "Feature", "properties": { "HAB_ID": 1322881, "STATE_ID": 4, "DISTRICT_I": 378, "BLOCK_ID": 2138, "HAB_NAME": "Retzawl 2", "TOT_POPULA": 370, "dist_to_main_network_m": 219.0 }, "geometry": { "type": "Point", "coordinates": [ 92.978755, 25.106654 ] } },
{ "type": "Feature", "properties": { "HAB_ID": 1322637, "STATE_ID": 4, "DISTRICT_I": 378, "BLOCK_ID": 2138, "HAB_NAME": "Jaikang", "TOT_POPULA": 250, "dist_to_main_network_m": 2378.0 }, "geometry": { "type": "Point", "coordinates": [ 92.995338, 25.183723 ] } },
{ "type": "Feature", "properties": { "HAB_ID": 1322894, "STATE_ID": 4, "DISTRICT_I": 378, "BLOCK_ID": 2138, "HAB_NAME": "Simtuilung", "TOT_POPULA": 351, "dist_to_main_network_m": 1700.0 }, "geometry": { "type": "Point", "coordinates": [ 92.800331, 25.097391 ] } },
{ "type": "Feature", "properties": { "HAB_ID": 1322902, "STATE_ID": 4, "DISTRICT_I": 378, "BLOCK_ID": 2138, "HAB_NAME": "Thlanghoi", "TOT_POPULA": 98, "dist_to_main_network_m": 6.0 }, "geometry": { "type": "Point", "coordinates": [ 92.875155, 25.121575 ] } },
{ "type": "Feature", "properties": { "HAB_ID": 1050713, "STATE_ID": 4, "DISTRICT_I": 378, "BLOCK_ID": 2460, "HAB_NAME": "Thinbung", "TOT_POPULA": 174, "dist_to_main_network_m": 42.0 }, "geometry": { "type": "Point", "coordinates": [ 93.154235, 25.134714 ] } },
{ "type": "Feature", "properties": { "HAB_ID": 921944, "STATE_ID": 4, "DISTRICT_I": 378, "BLOCK_ID": 2138, "HAB_NAME": "Retzawl 1", "TOT_POPULA": 600, "dist_to_main_network_m": 6.0 }, "geometry": { "type": "Point", "coordinates": [ 92.992587, 25.108245 ] } },
{ "type": "Feature", "properties": { "HAB_ID": 798241, "STATE_ID": 4, "DISTRICT_I": 378, "BLOCK_ID": 2460, "HAB_NAME": "P Paisa", "TOT_POPULA": 245, "dist_to_main_network_m": 28.0 }, "geometry": { "type": "Point", "coordinates": [ 93.143463, 25.070502 ] } },
{ "type": "Feature", "properties": { "HAB_ID": 798037, "STATE_ID": 4, "DISTRICT_I": 378, "BLOCK_ID": 2460, "HAB_NAME": "P Leikul", "TOT_POPULA": 545, "dist_to_main_network_m": 57.0 }, "geometry": { "type": "Point", "coordinates": [ 93.213447, 25.196571 ] } },
{ "type": "Feature", "properties": { "HAB_ID": 736170, "STATE_ID": 4, "DISTRICT_I": 378, "BLOCK_ID": 1647, "HAB_NAME": "N Dukaling", "TOT_POPULA": 92, "dist_to_main_network_m": 4.0 }, "geometry": { "type": "Point", "coordinates": [ 93.17968, 25.292448 ] } },
{ "type": "Feature", "properties": { "HAB_ID": 572703, "STATE_ID": 4, "DISTRICT_I": 378, "BLOCK_ID": 1647, "HAB_NAME": "kolabari", "TOT_POPULA": 40, "dist_to_main_network_m": 84.0 }, "geometry": { "type": "Point", "coordinates": [ 93.144831, 25.284772 ] } },
{ "type": "Feature", "properties": { "HAB_ID": 631117, "STATE_ID": 4, "DISTRICT_I": 378, "BLOCK_ID": 1647, "HAB_NAME": "longaobra", "TOT_POPULA": 369, "dist_to_main_network_m": 23.0 }, "geometry": { "type": "Point", "coordinates": [ 93.289258, 25.440467 ] } },
{ "type": "Feature", "properties": { "HAB_ID": 589472, "STATE_ID": 4, "DISTRICT_I": 378, "BLOCK_ID": 1647, "HAB_NAME": "Kramthongdolia", "TOT_POPULA": 171, "dist_to_main_network_m": 20.0 }, "geometry": { "type": "Point", "coordinates": [ 93.0999, 25.345682 ] } },
{ "type": "Feature", "properties": { "HAB_ID": 718703, "STATE_ID": 4, "DISTRICT_I": 378, "BLOCK_ID": 1647, "HAB_NAME": "Makalu", "TOT_POPULA": 119, "dist_to_main_network_m": 75.0 }, "geometry": { "type": "Point", "coordinates": [ 93.281522, 25.289096 ] } },
{ "type": "Feature", "properties": { "HAB_ID": 651709, "STATE_ID": 4, "DISTRICT_I": 378, "BLOCK_ID": 1647, "HAB_NAME": "maibang proper", "TOT_POPULA": 582, "dist_to_main_network_m": 107.0 }, "geometry": { "type": "Point", "coordinates": [ 93.136672, 25.303147 ] } },
{ "type": "Feature", "properties": { "HAB_ID": 725583, "STATE_ID": 4, "DISTRICT_I": 378, "BLOCK_ID": 1647, "HAB_NAME": "mundit khelma", "TOT_POPULA": 79, "dist_to_main_network_m": 122.0 }, "geometry": { "type": "Point", "coordinates": [ 93.169858, 25.6168 ] } },
{ "type": "Feature", "properties": { "HAB_ID": 631168, "STATE_ID": 4, "DISTRICT_I": 378, "BLOCK_ID": 1647, "HAB_NAME": "longjai", "TOT_POPULA": 148, "dist_to_main_network_m": 23.0 }, "geometry": { "type": "Point", "coordinates": [ 93.085177, 25.332858 ] } },
{ "type": "Feature", "properties": { "HAB_ID": 835590, "STATE_ID": 4, "DISTRICT_I": 378, "BLOCK_ID": 1647, "HAB_NAME": "Natun Path", "TOT_POPULA": 211, "dist_to_main_network_m": 19.0 }, "geometry": { "type": "Point", "coordinates": [ 93.349688, 25.381771 ] } },
{ "type": "Feature", "properties": { "HAB_ID": 765989, "STATE_ID": 4, "DISTRICT_I": 378, "BLOCK_ID": 1647, "HAB_NAME": "Natudisa", "TOT_POPULA": 151, "dist_to_main_network_m": 85.0 }, "geometry": { "type": "Point", "coordinates": [ 93.062448, 25.318649 ] } },
{ "type": "Feature", "properties": { "HAB_ID": 669176, "STATE_ID": 4, "DISTRICT_I": 378, "BLOCK_ID": 1647, "HAB_NAME": "manderdisaI", "TOT_POPULA": 361, "dist_to_main_network_m": 18.0 }, "geometry": { "type": "Point", "coordinates": [ 93.136376, 25.739618 ] } },
{ "type": "Feature", "properties": { "HAB_ID": 1003672, "STATE_ID": 4, "DISTRICT_I": 378, "BLOCK_ID": 1647, "HAB_NAME": "solikantopur", "TOT_POPULA": 250, "dist_to_main_network_m": 129.0 }, "geometry": { "type": "Point", "coordinates": [ 93.120293, 25.329615 ] } },
{ "type": "Feature", "properties": { "HAB_ID": 736192, "STATE_ID": 4, "DISTRICT_I": 378, "BLOCK_ID": 1647, "HAB_NAME": "n galapang", "TOT_POPULA": 120, "dist_to_main_network_m": 76.0 }, "geometry": { "type": "Point", "coordinates": [ 93.194855, 25.326054 ] } },
{ "type": "Feature", "properties": { "HAB_ID": 798566, "STATE_ID": 4, "DISTRICT_I": 378, "BLOCK_ID": 1647, "HAB_NAME": "p wadrengdisa", "TOT_POPULA": 62, "dist_to_main_network_m": 13.0 }, "geometry": { "type": "Point", "coordinates": [ 93.185765, 25.343352 ] } },
{ "type": "Feature", "properties": { "HAB_ID": 736480, "STATE_ID": 4, "DISTRICT_I": 378, "BLOCK_ID": 1647, "HAB_NAME": "N wadrengdisa", "TOT_POPULA": 134, "dist_to_main_network_m": 99.0 }, "geometry": { "type": "Point", "coordinates": [ 93.170108, 25.273272 ] } },
{ "type": "Feature", "properties": { "HAB_ID": 1050821, "STATE_ID": 4, "DISTRICT_I": 378, "BLOCK_ID": 1647, "HAB_NAME": "thingvom", "TOT_POPULA": 338, "dist_to_main_network_m": 15.0 }, "geometry": { "type": "Point", "coordinates": [ 93.394297, 25.375505 ] } },
{ "type": "Feature", "properties": { "HAB_ID": 738959, "STATE_ID": 4, "DISTRICT_I": 378, "BLOCK_ID": 1647, "HAB_NAME": "Nobdi boila", "TOT_POPULA": 172, "dist_to_main_network_m": 101.0 }, "geometry": { "type": "Point", "coordinates": [ 93.18637, 25.396229 ] } },
{ "type": "Feature", "properties": { "HAB_ID": 1005279, "STATE_ID": 4, "DISTRICT_I": 378, "BLOCK_ID": 1647, "HAB_NAME": "Sonapur", "TOT_POPULA": 185, "dist_to_main_network_m": 48.0 }, "geometry": { "type": "Point", "coordinates": [ 93.338981, 25.53215 ] } },
{ "type": "Feature", "properties": { "HAB_ID": 925184, "STATE_ID": 4, "DISTRICT_I": 378, "BLOCK_ID": 1647, "HAB_NAME": "Rongphangdisa", "TOT_POPULA": 91, "dist_to_main_network_m": 23.0 }, "geometry": { "type": "Point", "coordinates": [ 93.046961, 25.587157 ] } },
{ "type": "Feature", "properties": { "HAB_ID": 1046289, "STATE_ID": 4, "DISTRICT_I": 378, "BLOCK_ID": 1647, "HAB_NAME": "thapa", "TOT_POPULA": 380, "dist_to_main_network_m": 103.0 }, "geometry": { "type": "Point", "coordinates": [ 93.187479, 25.248475 ] } },
{ "type": "Feature", "properties": { "HAB_ID": 1052710, "STATE_ID": 4, "DISTRICT_I": 378, "BLOCK_ID": 1647, "HAB_NAME": "thongikro", "TOT_POPULA": 501, "dist_to_main_network_m": 203.0 }, "geometry": { "type": "Point", "coordinates": [ 93.381901, 25.401486 ] } },
{ "type": "Feature", "properties": { "HAB_ID": 1102140, "STATE_ID": 4, "DISTRICT_I": 378, "BLOCK_ID": 1647, "HAB_NAME": "Wajao", "TOT_POPULA": 578, "dist_to_main_network_m": 29.0 }, "geometry": { "type": "Point", "coordinates": [ 93.293682, 25.428305 ] } },
{ "type": "Feature", "properties": { "HAB_ID": 379562, "STATE_ID": 4, "DISTRICT_I": 378, "BLOCK_ID": 1647, "HAB_NAME": "granggisim", "TOT_POPULA": 47, "dist_to_main_network_m": 56.0 }, "geometry": { "type": "Point", "coordinates": [ 93.154177, 25.489518 ] } },
{ "type": "Feature", "properties": { "HAB_ID": 302420, "STATE_ID": 4, "DISTRICT_I": 378, "BLOCK_ID": 1647, "HAB_NAME": "dijambra", "TOT_POPULA": 163, "dist_to_main_network_m": 41.0 }, "geometry": { "type": "Point", "coordinates": [ 93.102717, 25.275106 ] } },
{ "type": "Feature", "properties": { "HAB_ID": 673588, "STATE_ID": 4, "DISTRICT_I": 378, "BLOCK_ID": 1647, "HAB_NAME": "manigipur", "TOT_POPULA": 184, "dist_to_main_network_m": 57.0 }, "geometry": { "type": "Point", "coordinates": [ 93.134809, 25.331606 ] } },
{ "type": "Feature", "properties": { "HAB_ID": 589540, "STATE_ID": 4, "DISTRICT_I": 378, "BLOCK_ID": 1647, "HAB_NAME": "Khimkrikdisa", "TOT_POPULA": 284, "dist_to_main_network_m": 41.0 }, "geometry": { "type": "Point", "coordinates": [ 93.10652, 25.342567 ] } },
{ "type": "Feature", "properties": { "HAB_ID": 381588, "STATE_ID": 4, "DISTRICT_I": 378, "BLOCK_ID": 1647, "HAB_NAME": "Guliabra", "TOT_POPULA": 147, "dist_to_main_network_m": 205.0 }, "geometry": { "type": "Point", "coordinates": [ 93.016612, 25.299468 ] } },
{ "type": "Feature", "properties": { "HAB_ID": 705548, "STATE_ID": 4, "DISTRICT_I": 378, "BLOCK_ID": 1647, "HAB_NAME": "mitherdisa", "TOT_POPULA": 53, "dist_to_main_network_m": 37.0 }, "geometry": { "type": "Point", "coordinates": [ 93.135668, 25.563354 ] } },
{ "type": "Feature", "properties": { "HAB_ID": 1322907, "STATE_ID": 4, "DISTRICT_I": 378, "BLOCK_ID": 2138, "HAB_NAME": "Tlangsang", "TOT_POPULA": 113, "dist_to_main_network_m": 1938.0 }, "geometry": { "type": "Point", "coordinates": [ 92.79809, 25.096582 ] } },
{ "type": "Feature", "properties": { "HAB_ID": 300596, "STATE_ID": 4, "DISTRICT_I": 378, "BLOCK_ID": 1648, "HAB_NAME": "Digandu 2", "TOT_POPULA": 194, "dist_to_main_network_m": 1.0 }, "geometry": { "type": "Point", "coordinates": [ 92.998238, 25.792231 ] } },
{ "type": "Feature", "properties": { "HAB_ID": 300595, "STATE_ID": 4, "DISTRICT_I": 378, "BLOCK_ID": 1648, "HAB_NAME": "Digandu 1", "TOT_POPULA": 224, "dist_to_main_network_m": 45.0 }, "geometry": { "type": "Point", "coordinates": [ 92.989247, 25.771613 ] } },
{ "type": "Feature", "properties": { "HAB_ID": 233338, "STATE_ID": 4, "DISTRICT_I": 378, "BLOCK_ID": 4283, "HAB_NAME": "Choto Lakhindong", "TOT_POPULA": 382, "dist_to_main_network_m": 35.0 }, "geometry": { "type": "Point", "coordinates": [ 92.650783, 25.484109 ] } },
{ "type": "Feature", "properties": { "HAB_ID": 485897, "STATE_ID": 4, "DISTRICT_I": 378, "BLOCK_ID": 1647, "HAB_NAME": "kalachand bazar", "TOT_POPULA": 364, "dist_to_main_network_m": 140.0 }, "geometry": { "type": "Point", "coordinates": [ 93.132454, 25.33844 ] } },
{ "type": "Feature", "properties": { "HAB_ID": 234964, "STATE_ID": 4, "DISTRICT_I": 378, "BLOCK_ID": 4283, "HAB_NAME": "Langlut Christian", "TOT_POPULA": 239, "dist_to_main_network_m": 35.0 }, "geometry": { "type": "Point", "coordinates": [ 92.840781, 25.426276 ] } },
{ "type": "Feature", "properties": { "HAB_ID": 946752, "STATE_ID": 4, "DISTRICT_I": 378, "BLOCK_ID": 2460, "HAB_NAME": "Samserpur", "TOT_POPULA": 193, "dist_to_main_network_m": 48.0 }, "geometry": { "type": "Point", "coordinates": [ 93.165694, 25.219112 ] } },
{ "type": "Feature", "properties": { "HAB_ID": 700985, "STATE_ID": 4, "DISTRICT_I": 378, "BLOCK_ID": 2138, "HAB_NAME": "Michidui", "TOT_POPULA": 284, "dist_to_main_network_m": 75.0 }, "geometry": { "type": "Point", "coordinates": [ 92.958147, 25.218297 ] } },
{ "type": "Feature", "properties": { "HAB_ID": 631200, "STATE_ID": 4, "DISTRICT_I": 378, "BLOCK_ID": 1647, "HAB_NAME": "longlaidisa", "TOT_POPULA": 238, "dist_to_main_network_m": 44.0 }, "geometry": { "type": "Point", "coordinates": [ 93.107293, 25.670128 ] } },
{ "type": "Feature", "properties": { "HAB_ID": 700986, "STATE_ID": 4, "DISTRICT_I": 378, "BLOCK_ID": 2138, "HAB_NAME": "Lower Michikur", "TOT_POPULA": 89, "dist_to_main_network_m": 968.0 }, "geometry": { "type": "Point", "coordinates": [ 92.807983, 25.096538 ] } },
{ "type": "Feature", "properties": { "HAB_ID": 233423, "STATE_ID": 4, "DISTRICT_I": 378, "BLOCK_ID": 1648, "HAB_NAME": "chotowashiling 3", "TOT_POPULA": 243, "dist_to_main_network_m": 23.0 }, "geometry": { "type": "Point", "coordinates": [ 92.934107, 25.75403 ] } },
{ "type": "Feature", "properties": { "HAB_ID": 1042581, "STATE_ID": 4, "DISTRICT_I": 378, "BLOCK_ID": 1647, "HAB_NAME": "thaiplungdisa", "TOT_POPULA": 105, "dist_to_main_network_m": 128.0 }, "geometry": { "type": "Point", "coordinates": [ 93.081724, 25.505429 ] } },
{ "type": "Feature", "properties": { "HAB_ID": 249635, "STATE_ID": 4, "DISTRICT_I": 378, "BLOCK_ID": 1648, "HAB_NAME": "daodungkhar", "TOT_POPULA": 107, "dist_to_main_network_m": 21.0 }, "geometry": { "type": "Point", "coordinates": [ 93.016799, 25.519757 ] } },
{ "type": "Feature", "properties": { "HAB_ID": 233337, "STATE_ID": 4, "DISTRICT_I": 378, "BLOCK_ID": 4283, "HAB_NAME": "Choto Lobang", "TOT_POPULA": 194, "dist_to_main_network_m": 25.0 }, "geometry": { "type": "Point", "coordinates": [ 92.673187, 25.442005 ] } },
{ "type": "Feature", "properties": { "HAB_ID": 707071, "STATE_ID": 4, "DISTRICT_I": 378, "BLOCK_ID": 2138, "HAB_NAME": "Miyungkro", "TOT_POPULA": 236, "dist_to_main_network_m": 142.0 }, "geometry": { "type": "Point", "coordinates": [ 92.942943, 25.110906 ] } },
{ "type": "Feature", "properties": { "HAB_ID": 302502, "STATE_ID": 4, "DISTRICT_I": 378, "BLOCK_ID": 4283, "HAB_NAME": "Dikongma", "TOT_POPULA": 54, "dist_to_main_network_m": 71.0 }, "geometry": { "type": "Point", "coordinates": [ 92.945215, 25.398449 ] } },
{ "type": "Feature", "properties": { "HAB_ID": 173666, "STATE_ID": 4, "DISTRICT_I": 378, "BLOCK_ID": 2460, "HAB_NAME": "Boljang", "TOT_POPULA": 259, "dist_to_main_network_m": 2.0 }, "geometry": { "type": "Point", "coordinates": [ 93.238915, 25.198507 ] } },
{ "type": "Feature", "properties": { "HAB_ID": 304080, "STATE_ID": 4, "DISTRICT_I": 378, "BLOCK_ID": 1647, "HAB_NAME": "disagisim", "TOT_POPULA": 150, "dist_to_main_network_m": 106.0 }, "geometry": { "type": "Point", "coordinates": [ 93.103738, 25.325998 ] } },
{ "type": "Feature", "properties": { "HAB_ID": 1320471, "STATE_ID": 4, "DISTRICT_I": 378, "BLOCK_ID": 1647, "HAB_NAME": "Langting Shivraipur", "TOT_POPULA": 434, "dist_to_main_network_m": 59.0 }, "geometry": { "type": "Point", "coordinates": [ 93.108994, 25.497194 ] } },
{ "type": "Feature", "properties": { "HAB_ID": 1321613, "STATE_ID": 4, "DISTRICT_I": 378, "BLOCK_ID": 1647, "HAB_NAME": "Hindu Mission", "TOT_POPULA": 291, "dist_to_main_network_m": 57.0 }, "geometry": { "type": "Point", "coordinates": [ 93.35057, 25.434169 ] } },
{ "type": "Feature", "properties": { "HAB_ID": 1323540, "STATE_ID": 4, "DISTRICT_I": 378, "BLOCK_ID": 1647, "HAB_NAME": "P Maibang", "TOT_POPULA": 496, "dist_to_main_network_m": 100.0 }, "geometry": { "type": "Point", "coordinates": [ 93.145622, 25.290177 ] } },
{ "type": "Feature", "properties": { "HAB_ID": 1323557, "STATE_ID": 4, "DISTRICT_I": 378, "BLOCK_ID": 1647, "HAB_NAME": "Soil Conservation", "TOT_POPULA": 104, "dist_to_main_network_m": 17.0 }, "geometry": { "type": "Point", "coordinates": [ 93.125396, 25.319632 ] } },
{ "type": "Feature", "properties": { "HAB_ID": 1323576, "STATE_ID": 4, "DISTRICT_I": 378, "BLOCK_ID": 1647, "HAB_NAME": "Sabailing", "TOT_POPULA": 59, "dist_to_main_network_m": 37.0 }, "geometry": { "type": "Point", "coordinates": [ 93.294306, 25.301616 ] } },
{ "type": "Feature", "properties": { "HAB_ID": 1323582, "STATE_ID": 4, "DISTRICT_I": 378, "BLOCK_ID": 1647, "HAB_NAME": "Mupa Rly Station", "TOT_POPULA": 283, "dist_to_main_network_m": 733.0 }, "geometry": { "type": "Point", "coordinates": [ 93.119112, 25.375252 ] } },
{ "type": "Feature", "properties": { "HAB_ID": 1323591, "STATE_ID": 4, "DISTRICT_I": 378, "BLOCK_ID": 1647, "HAB_NAME": "Lhungjang", "TOT_POPULA": 76, "dist_to_main_network_m": 83.0 }, "geometry": { "type": "Point", "coordinates": [ 93.414552, 25.367684 ] } },
{ "type": "Feature", "properties": { "HAB_ID": 1399504, "STATE_ID": 4, "DISTRICT_I": 378, "BLOCK_ID": 1647, "HAB_NAME": "Hatikhali Garden Pt.II", "TOT_POPULA": 507, "dist_to_main_network_m": 181.0 }, "geometry": { "type": "Point", "coordinates": [ 93.097598, 25.638558 ] } },
{ "type": "Feature", "properties": { "HAB_ID": 1399506, "STATE_ID": 4, "DISTRICT_I": 378, "BLOCK_ID": 1647, "HAB_NAME": "Hatikhali Garden Pt.III", "TOT_POPULA": 651, "dist_to_main_network_m": 51.0 }, "geometry": { "type": "Point", "coordinates": [ 93.102691, 25.641811 ] } },
{ "type": "Feature", "properties": { "HAB_ID": 1399507, "STATE_ID": 4, "DISTRICT_I": 378, "BLOCK_ID": 1647, "HAB_NAME": "Wapudisa", "TOT_POPULA": 73, "dist_to_main_network_m": 40.0 }, "geometry": { "type": "Point", "coordinates": [ 93.015397, 25.672529 ] } },
{ "type": "Feature", "properties": { "HAB_ID": 558346, "STATE_ID": 4, "DISTRICT_I": 378, "BLOCK_ID": 4283, "HAB_NAME": "Khobak", "TOT_POPULA": 253, "dist_to_main_network_m": 9.0 }, "geometry": { "type": "Point", "coordinates": [ 92.805824, 25.285735 ] } },
{ "type": "Feature", "properties": { "HAB_ID": 872397, "STATE_ID": 4, "DISTRICT_I": 378, "BLOCK_ID": 4283, "HAB_NAME": "Puralangso", "TOT_POPULA": 509, "dist_to_main_network_m": 171.0 }, "geometry": { "type": "Point", "coordinates": [ 92.664125, 25.537224 ] } },
{ "type": "Feature", "properties": { "HAB_ID": 872562, "STATE_ID": 4, "DISTRICT_I": 378, "BLOCK_ID": 4283, "HAB_NAME": "Purana Dimainu", "TOT_POPULA": 94, "dist_to_main_network_m": 51.0 }, "geometry": { "type": "Point", "coordinates": [ 92.922761, 25.34861 ] } },
{ "type": "Feature", "properties": { "HAB_ID": 949219, "STATE_ID": 4, "DISTRICT_I": 378, "BLOCK_ID": 4283, "HAB_NAME": "New Sangbar", "TOT_POPULA": 986, "dist_to_main_network_m": 117.0 }, "geometry": { "type": "Point", "coordinates": [ 92.79429, 25.413763 ] } },
{ "type": "Feature", "properties": { "HAB_ID": 233333, "STATE_ID": 4, "DISTRICT_I": 378, "BLOCK_ID": 4283, "HAB_NAME": "Choto Langlai", "TOT_POPULA": 100, "dist_to_main_network_m": 54.0 }, "geometry": { "type": "Point", "coordinates": [ 92.735665, 25.462148 ] } },
{ "type": "Feature", "properties": { "HAB_ID": 586005, "STATE_ID": 4, "DISTRICT_I": 378, "BLOCK_ID": 4283, "HAB_NAME": "Khutlir", "TOT_POPULA": 169, "dist_to_main_network_m": 18.0 }, "geometry": { "type": "Point", "coordinates": [ 92.821803, 25.245348 ] } },
{ "type": "Feature", "properties": { "HAB_ID": 233334, "STATE_ID": 4, "DISTRICT_I": 378, "BLOCK_ID": 4283, "HAB_NAME": "Choto Larpheng", "TOT_POPULA": 256, "dist_to_main_network_m": 30.0 }, "geometry": { "type": "Point", "coordinates": [ 92.775143, 25.564283 ] } },
{ "type": "Feature", "properties": { "HAB_ID": 587058, "STATE_ID": 4, "DISTRICT_I": 378, "BLOCK_ID": 4283, "HAB_NAME": "Kotnipui", "TOT_POPULA": 93, "dist_to_main_network_m": 57.0 }, "geometry": { "type": "Point", "coordinates": [ 92.822018, 25.192976 ] } },
{ "type": "Feature", "properties": { "HAB_ID": 531368, "STATE_ID": 4, "DISTRICT_I": 378, "BLOCK_ID": 4283, "HAB_NAME": "Kekrangship", "TOT_POPULA": 98, "dist_to_main_network_m": 18.0 }, "geometry": { "type": "Point", "coordinates": [ 92.856663, 25.491608 ] } },
{ "type": "Feature", "properties": { "HAB_ID": 1318185, "STATE_ID": 4, "DISTRICT_I": 378, "BLOCK_ID": 4283, "HAB_NAME": "Rongarting N", "TOT_POPULA": 224, "dist_to_main_network_m": 34.0 }, "geometry": { "type": "Point", "coordinates": [ 92.713216, 25.482427 ] } },
{ "type": "Feature", "properties": { "HAB_ID": 1185616, "STATE_ID": 4, "DISTRICT_I": 378, "BLOCK_ID": 4283, "HAB_NAME": "New Kekrangship", "TOT_POPULA": 21, "dist_to_main_network_m": 120.0 }, "geometry": { "type": "Point", "coordinates": [ 92.832926, 25.482983 ] } },
{ "type": "Feature", "properties": { "HAB_ID": 1185630, "STATE_ID": 4, "DISTRICT_I": 378, "BLOCK_ID": 4283, "HAB_NAME": "Wakha", "TOT_POPULA": 234, "dist_to_main_network_m": 70.0 }, "geometry": { "type": "Point", "coordinates": [ 92.645691, 25.471223 ] } },
{ "type": "Feature", "properties": { "HAB_ID": 1317554, "STATE_ID": 4, "DISTRICT_I": 378, "BLOCK_ID": 4283, "HAB_NAME": "Dithur", "TOT_POPULA": 258, "dist_to_main_network_m": 23.0 }, "geometry": { "type": "Point", "coordinates": [ 92.770071, 25.504614 ] } },
{ "type": "Feature", "properties": { "HAB_ID": 1317565, "STATE_ID": 4, "DISTRICT_I": 378, "BLOCK_ID": 4283, "HAB_NAME": "Dithur Tea Garden", "TOT_POPULA": 518, "dist_to_main_network_m": 34.0 }, "geometry": { "type": "Point", "coordinates": [ 92.779019, 25.497488 ] } },
{ "type": "Feature", "properties": { "HAB_ID": 1317650, "STATE_ID": 4, "DISTRICT_I": 378, "BLOCK_ID": 4283, "HAB_NAME": "Haplai Raji", "TOT_POPULA": 96, "dist_to_main_network_m": 28.0 }, "geometry": { "type": "Point", "coordinates": [ 92.731225, 25.498852 ] } },
{ "type": "Feature", "properties": { "HAB_ID": 1317677, "STATE_ID": 4, "DISTRICT_I": 378, "BLOCK_ID": 4283, "HAB_NAME": "Jambudisa", "TOT_POPULA": 67, "dist_to_main_network_m": 49.0 }, "geometry": { "type": "Point", "coordinates": [ 92.736948, 25.496166 ] } },
{ "type": "Feature", "properties": { "HAB_ID": 1317704, "STATE_ID": 4, "DISTRICT_I": 378, "BLOCK_ID": 4283, "HAB_NAME": "Kamala Nagar", "TOT_POPULA": 206, "dist_to_main_network_m": 39.0 }, "geometry": { "type": "Point", "coordinates": [ 92.732461, 25.50286 ] } },
{ "type": "Feature", "properties": { "HAB_ID": 373270, "STATE_ID": 4, "DISTRICT_I": 378, "BLOCK_ID": 2460, "HAB_NAME": "Gopikot", "TOT_POPULA": 89, "dist_to_main_network_m": 35.0 }, "geometry": { "type": "Point", "coordinates": [ 93.12888, 25.042843 ] } },
{ "type": "Feature", "properties": { "HAB_ID": 420516, "STATE_ID": 4, "DISTRICT_I": 378, "BLOCK_ID": 2460, "HAB_NAME": "Henga Naga", "TOT_POPULA": 92, "dist_to_main_network_m": 132.0 }, "geometry": { "type": "Point", "coordinates": [ 93.117823, 25.160125 ] } },
{ "type": "Feature", "properties": { "HAB_ID": 718696, "STATE_ID": 4, "DISTRICT_I": 378, "BLOCK_ID": 2460, "HAB_NAME": "Moulnom", "TOT_POPULA": 214, "dist_to_main_network_m": 53.0 }, "geometry": { "type": "Point", "coordinates": [ 93.125924, 25.165709 ] } },
{ "type": "Feature", "properties": { "HAB_ID": 651215, "STATE_ID": 4, "DISTRICT_I": 378, "BLOCK_ID": 2460, "HAB_NAME": "Mahur Garden", "TOT_POPULA": 519, "dist_to_main_network_m": 57.0 }, "geometry": { "type": "Point", "coordinates": [ 93.110892, 25.177943 ] } },
{ "type": "Feature", "properties": { "HAB_ID": 780052, "STATE_ID": 4, "DISTRICT_I": 378, "BLOCK_ID": 2460, "HAB_NAME": "New Zoar", "TOT_POPULA": 235, "dist_to_main_network_m": 31.0 }, "geometry": { "type": "Point", "coordinates": [ 93.124297, 25.183321 ] } },
{ "type": "Feature", "properties": { "HAB_ID": 781142, "STATE_ID": 4, "DISTRICT_I": 378, "BLOCK_ID": 2460, "HAB_NAME": "Ngalsong", "TOT_POPULA": 42, "dist_to_main_network_m": 18.0 }, "geometry": { "type": "Point", "coordinates": [ 93.192418, 25.134151 ] } },
{ "type": "Feature", "properties": { "HAB_ID": 781179, "STATE_ID": 4, "DISTRICT_I": 378, "BLOCK_ID": 2460, "HAB_NAME": "Ngente", "TOT_POPULA": 119, "dist_to_main_network_m": 217.0 }, "geometry": { "type": "Point", "coordinates": [ 93.130669, 25.134824 ] } },
{ "type": "Feature", "properties": { "HAB_ID": 1073809, "STATE_ID": 4, "DISTRICT_I": 378, "BLOCK_ID": 4283, "HAB_NAME": "Umrangso 19 Km", "TOT_POPULA": 442, "dist_to_main_network_m": 25.0 }, "geometry": { "type": "Point", "coordinates": [ 92.76875, 25.539641 ] } },
{ "type": "Feature", "properties": { "HAB_ID": 990765, "STATE_ID": 4, "DISTRICT_I": 378, "BLOCK_ID": 4283, "HAB_NAME": "Sikilangso", "TOT_POPULA": 354, "dist_to_main_network_m": 30.0 }, "geometry": { "type": "Point", "coordinates": [ 92.668072, 25.465495 ] } },
{ "type": "Feature", "properties": { "HAB_ID": 1112029, "STATE_ID": 4, "DISTRICT_I": 378, "BLOCK_ID": 4283, "HAB_NAME": "Zahai", "TOT_POPULA": 246, "dist_to_main_network_m": 30.0 }, "geometry": { "type": "Point", "coordinates": [ 92.825791, 25.21813 ] } },
{ "type": "Feature", "properties": { "HAB_ID": 1185619, "STATE_ID": 4, "DISTRICT_I": 378, "BLOCK_ID": 4283, "HAB_NAME": "Old Sangbar", "TOT_POPULA": 504, "dist_to_main_network_m": 28.0 }, "geometry": { "type": "Point", "coordinates": [ 92.824342, 25.365196 ] } },
{ "type": "Feature", "properties": { "HAB_ID": 1185603, "STATE_ID": 4, "DISTRICT_I": 378, "BLOCK_ID": 4283, "HAB_NAME": "Assam Quarry", "TOT_POPULA": 437, "dist_to_main_network_m": 11.0 }, "geometry": { "type": "Point", "coordinates": [ 92.587166, 25.489136 ] } },
{ "type": "Feature", "properties": { "HAB_ID": 1317908, "STATE_ID": 4, "DISTRICT_I": 378, "BLOCK_ID": 4283, "HAB_NAME": "Maibang Dimainu", "TOT_POPULA": 52, "dist_to_main_network_m": 9.0 }, "geometry": { "type": "Point", "coordinates": [ 92.922352, 25.335386 ] } },
{ "type": "Feature", "properties": { "HAB_ID": 1185607, "STATE_ID": 4, "DISTRICT_I": 378, "BLOCK_ID": 4283, "HAB_NAME": "Embrubra II", "TOT_POPULA": 53, "dist_to_main_network_m": 3.0 }, "geometry": { "type": "Point", "coordinates": [ 92.906989, 25.389171 ] } },
{ "type": "Feature", "properties": { "HAB_ID": 1185620, "STATE_ID": 4, "DISTRICT_I": 378, "BLOCK_ID": 4283, "HAB_NAME": "Tumbung", "TOT_POPULA": 680, "dist_to_main_network_m": 32.0 }, "geometry": { "type": "Point", "coordinates": [ 92.713312, 25.496366 ] } },
{ "type": "Feature", "properties": { "HAB_ID": 1318233, "STATE_ID": 4, "DISTRICT_I": 378, "BLOCK_ID": 4283, "HAB_NAME": "Silum", "TOT_POPULA": 244, "dist_to_main_network_m": 37.0 }, "geometry": { "type": "Point", "coordinates": [ 92.735163, 25.502666 ] } },
{ "type": "Feature", "properties": { "HAB_ID": 1318244, "STATE_ID": 4, "DISTRICT_I": 378, "BLOCK_ID": 4283, "HAB_NAME": "chirilangso", "TOT_POPULA": 280, "dist_to_main_network_m": 69.0 }, "geometry": { "type": "Point", "coordinates": [ 92.679808, 25.553611 ] } },
{ "type": "Feature", "properties": { "HAB_ID": 1318341, "STATE_ID": 4, "DISTRICT_I": 378, "BLOCK_ID": 4283, "HAB_NAME": "Tuijonte", "TOT_POPULA": 146, "dist_to_main_network_m": 123.0 }, "geometry": { "type": "Point", "coordinates": [ 92.811222, 25.493283 ] } },
{ "type": "Feature", "properties": { "HAB_ID": 1318449, "STATE_ID": 4, "DISTRICT_I": 378, "BLOCK_ID": 4283, "HAB_NAME": "AMDC", "TOT_POPULA": 128, "dist_to_main_network_m": 151.0 }, "geometry": { "type": "Point", "coordinates": [ 92.774324, 25.522731 ] } },
{ "type": "Feature", "properties": { "HAB_ID": 1318521, "STATE_ID": 4, "DISTRICT_I": 378, "BLOCK_ID": 4283, "HAB_NAME": "Vaitang Hebron", "TOT_POPULA": 124, "dist_to_main_network_m": 24.0 }, "geometry": { "type": "Point", "coordinates": [ 92.813498, 25.327334 ] } },
{ "type": "Feature", "properties": { "HAB_ID": 1399420, "STATE_ID": 4, "DISTRICT_I": 378, "BLOCK_ID": 4283, "HAB_NAME": "Didung Raji", "TOT_POPULA": 200, "dist_to_main_network_m": 39.0 }, "geometry": { "type": "Point", "coordinates": [ 92.726762, 25.51007 ] } },
{ "type": "Feature", "properties": { "HAB_ID": 1399421, "STATE_ID": 4, "DISTRICT_I": 378, "BLOCK_ID": 4283, "HAB_NAME": "Mahurbra", "TOT_POPULA": 250, "dist_to_main_network_m": 9.0 }, "geometry": { "type": "Point", "coordinates": [ 93.009284, 25.453656 ] } },
{ "type": "Feature", "properties": { "HAB_ID": 1399423, "STATE_ID": 4, "DISTRICT_I": 378, "BLOCK_ID": 4283, "HAB_NAME": "Dimaham", "TOT_POPULA": 150, "dist_to_main_network_m": 48.0 }, "geometry": { "type": "Point", "coordinates": [ 92.753017, 25.499263 ] } },
{ "type": "Feature", "properties": { "HAB_ID": 718690, "STATE_ID": 4, "DISTRICT_I": 378, "BLOCK_ID": 2460, "HAB_NAME": "Moulien", "TOT_POPULA": 550, "dist_to_main_network_m": 29.0 }, "geometry": { "type": "Point", "coordinates": [ 93.197705, 25.042279 ] } },
{ "type": "Feature", "properties": { "HAB_ID": 48053, "STATE_ID": 4, "DISTRICT_I": 378, "BLOCK_ID": 2460, "HAB_NAME": "Ashalu", "TOT_POPULA": 362, "dist_to_main_network_m": 77.0 }, "geometry": { "type": "Point", "coordinates": [ 93.178589, 25.186757 ] } },
{ "type": "Feature", "properties": { "HAB_ID": 437669, "STATE_ID": 4, "DISTRICT_I": 378, "BLOCK_ID": 2460, "HAB_NAME": "J Hebron", "TOT_POPULA": 234, "dist_to_main_network_m": 14.0 }, "geometry": { "type": "Point", "coordinates": [ 93.11148, 25.173067 ] } },
{ "type": "Feature", "properties": { "HAB_ID": 339887, "STATE_ID": 4, "DISTRICT_I": 378, "BLOCK_ID": 2460, "HAB_NAME": "Gamvom", "TOT_POPULA": 103, "dist_to_main_network_m": 131.0 }, "geometry": { "type": "Point", "coordinates": [ 93.190005, 25.154498 ] } },
{ "type": "Feature", "properties": { "HAB_ID": 783545, "STATE_ID": 4, "DISTRICT_I": 378, "BLOCK_ID": 2460, "HAB_NAME": "Nim Bunglow Christian", "TOT_POPULA": 170, "dist_to_main_network_m": 29.0 }, "geometry": { "type": "Point", "coordinates": [ 93.143674, 25.222426 ] } },
{ "type": "Feature", "properties": { "HAB_ID": 533669, "STATE_ID": 4, "DISTRICT_I": 378, "BLOCK_ID": 2460, "HAB_NAME": "Kepilo", "TOT_POPULA": 568, "dist_to_main_network_m": 148.0 }, "geometry": { "type": "Point", "coordinates": [ 93.339146, 25.232408 ] } },
{ "type": "Feature", "properties": { "HAB_ID": 736216, "STATE_ID": 4, "DISTRICT_I": 378, "BLOCK_ID": 2460, "HAB_NAME": "N Hmar Lushai", "TOT_POPULA": 168, "dist_to_main_network_m": 24.0 }, "geometry": { "type": "Point", "coordinates": [ 93.261098, 25.083693 ] } },
{ "type": "Feature", "properties": { "HAB_ID": 736294, "STATE_ID": 4, "DISTRICT_I": 378, "BLOCK_ID": 2460, "HAB_NAME": "N Longkhai", "TOT_POPULA": 190, "dist_to_main_network_m": 62.0 }, "geometry": { "type": "Point", "coordinates": [ 93.145712, 25.175288 ] } },
{ "type": "Feature", "properties": { "HAB_ID": 783546, "STATE_ID": 4, "DISTRICT_I": 378, "BLOCK_ID": 2460, "HAB_NAME": "Nim Bunglow Hindu", "TOT_POPULA": 135, "dist_to_main_network_m": 405.0 }, "geometry": { "type": "Point", "coordinates": [ 93.146558, 25.233303 ] } },
{ "type": "Feature", "properties": { "HAB_ID": 736350, "STATE_ID": 4, "DISTRICT_I": 378, "BLOCK_ID": 2460, "HAB_NAME": "N Paisa", "TOT_POPULA": 97, "dist_to_main_network_m": 136.0 }, "geometry": { "type": "Point", "coordinates": [ 93.160768, 25.036944 ] } },
{ "type": "Feature", "properties": { "HAB_ID": 787444, "STATE_ID": 4, "DISTRICT_I": 378, "BLOCK_ID": 2460, "HAB_NAME": "Nkai Bunglow", "TOT_POPULA": 77, "dist_to_main_network_m": 8.0 }, "geometry": { "type": "Point", "coordinates": [ 93.128067, 25.179803 ] } },
{ "type": "Feature", "properties": { "HAB_ID": 420664, "STATE_ID": 4, "DISTRICT_I": 378, "BLOCK_ID": 2138, "HAB_NAME": "Herakilo 1", "TOT_POPULA": 217, "dist_to_main_network_m": 869.0 }, "geometry": { "type": "Point", "coordinates": [ 92.923799, 25.20296 ] } },
{ "type": "Feature", "properties": { "HAB_ID": 836339, "STATE_ID": 4, "DISTRICT_I": 378, "BLOCK_ID": 2460, "HAB_NAME": "Sansari", "TOT_POPULA": 93, "dist_to_main_network_m": 5.0 }, "geometry": { "type": "Point", "coordinates": [ 93.101786, 25.187548 ] } },
{ "type": "Feature", "properties": { "HAB_ID": 922461, "STATE_ID": 4, "DISTRICT_I": 378, "BLOCK_ID": 2460, "HAB_NAME": "Riam Bathari", "TOT_POPULA": 89, "dist_to_main_network_m": 4.0 }, "geometry": { "type": "Point", "coordinates": [ 93.062243, 25.228004 ] } },
{ "type": "Feature", "properties": { "HAB_ID": 1066093, "STATE_ID": 4, "DISTRICT_I": 378, "BLOCK_ID": 2460, "HAB_NAME": "Tuolpoi", "TOT_POPULA": 764, "dist_to_main_network_m": 55.0 }, "geometry": { "type": "Point", "coordinates": [ 93.267923, 25.199876 ] } },
{ "type": "Feature", "properties": { "HAB_ID": 922476, "STATE_ID": 4, "DISTRICT_I": 378, "BLOCK_ID": 2460, "HAB_NAME": "Riao", "TOT_POPULA": 105, "dist_to_main_network_m": 21.0 }, "geometry": { "type": "Point", "coordinates": [ 93.040328, 25.231422 ] } },
{ "type": "Feature", "properties": { "HAB_ID": 1321602, "STATE_ID": 4, "DISTRICT_I": 378, "BLOCK_ID": 2138, "HAB_NAME": "Blockpur", "TOT_POPULA": 85, "dist_to_main_network_m": 288.0 }, "geometry": { "type": "Point", "coordinates": [ 92.8537, 25.105674 ] } },
{ "type": "Feature", "properties": { "HAB_ID": 233344, "STATE_ID": 4, "DISTRICT_I": 378, "BLOCK_ID": 2138, "HAB_NAME": "Choto Moulkoi", "TOT_POPULA": 110, "dist_to_main_network_m": 32.0 }, "geometry": { "type": "Point", "coordinates": [ 92.884617, 25.105916 ] } },
{ "type": "Feature", "properties": { "HAB_ID": 420665, "STATE_ID": 4, "DISTRICT_I": 378, "BLOCK_ID": 2138, "HAB_NAME": "Herakilo 2", "TOT_POPULA": 50, "dist_to_main_network_m": 1203.0 }, "geometry": { "type": "Point", "coordinates": [ 92.926779, 25.208406 ] } },
{ "type": "Feature", "properties": { "HAB_ID": 241951, "STATE_ID": 4, "DISTRICT_I": 378, "BLOCK_ID": 2138, "HAB_NAME": "Doiheng", "TOT_POPULA": 276, "dist_to_main_network_m": 14.0 }, "geometry": { "type": "Point", "coordinates": [ 92.991513, 25.107101 ] } },
{ "type": "Feature", "properties": { "HAB_ID": 258732, "STATE_ID": 4, "DISTRICT_I": 378, "BLOCK_ID": 2138, "HAB_NAME": "DImbrudisa", "TOT_POPULA": 91, "dist_to_main_network_m": 1033.0 }, "geometry": { "type": "Point", "coordinates": [ 92.84327, 25.091799 ] } },
{ "type": "Feature", "properties": { "HAB_ID": 424556, "STATE_ID": 4, "DISTRICT_I": 378, "BLOCK_ID": 2138, "HAB_NAME": "Hokai Christian", "TOT_POPULA": 186, "dist_to_main_network_m": 2628.0 }, "geometry": { "type": "Point", "coordinates": [ 92.986076, 25.162651 ] } },
{ "type": "Feature", "properties": { "HAB_ID": 784363, "STATE_ID": 4, "DISTRICT_I": 378, "BLOCK_ID": 2138, "HAB_NAME": "Nimkai", "TOT_POPULA": 53, "dist_to_main_network_m": 6.0 }, "geometry": { "type": "Point", "coordinates": [ 92.967986, 25.25228 ] } },
{ "type": "Feature", "properties": { "HAB_ID": 797803, "STATE_ID": 4, "DISTRICT_I": 378, "BLOCK_ID": 2138, "HAB_NAME": "P Nachangjol", "TOT_POPULA": 365, "dist_to_main_network_m": 1879.0 }, "geometry": { "type": "Point", "coordinates": [ 92.798593, 25.097056 ] } },
{ "type": "Feature", "properties": { "HAB_ID": 736411, "STATE_ID": 4, "DISTRICT_I": 378, "BLOCK_ID": 2138, "HAB_NAME": "Nriachibanglo", "TOT_POPULA": 180, "dist_to_main_network_m": 77.0 }, "geometry": { "type": "Point", "coordinates": [ 92.961894, 25.20631 ] } },
{ "type": "Feature", "properties": { "HAB_ID": 1185572, "STATE_ID": 4, "DISTRICT_I": 378, "BLOCK_ID": 2138, "HAB_NAME": "Harangajao Deswali basti", "TOT_POPULA": 1433, "dist_to_main_network_m": 109.0 }, "geometry": { "type": "Point", "coordinates": [ 92.856361, 25.107524 ] } },
{ "type": "Feature", "properties": { "HAB_ID": 1322059, "STATE_ID": 4, "DISTRICT_I": 378, "BLOCK_ID": 2138, "HAB_NAME": "Boulmoul Bagan Lower", "TOT_POPULA": 224, "dist_to_main_network_m": 13.0 }, "geometry": { "type": "Point", "coordinates": [ 92.858302, 25.121547 ] } },
{ "type": "Feature", "properties": { "HAB_ID": 1185571, "STATE_ID": 4, "DISTRICT_I": 378, "BLOCK_ID": 2138, "HAB_NAME": "Harangajao Rly Station Colony", "TOT_POPULA": 610, "dist_to_main_network_m": 39.0 }, "geometry": { "type": "Point", "coordinates": [ 92.855484, 25.117687 ] } },
{ "type": "Feature", "properties": { "HAB_ID": 1322074, "STATE_ID": 4, "DISTRICT_I": 378, "BLOCK_ID": 2138, "HAB_NAME": "Boljol", "TOT_POPULA": 163, "dist_to_main_network_m": 11.0 }, "geometry": { "type": "Point", "coordinates": [ 92.943093, 25.255801 ] } },
{ "type": "Feature", "properties": { "HAB_ID": 1185573, "STATE_ID": 4, "DISTRICT_I": 378, "BLOCK_ID": 2138, "HAB_NAME": "Hokai Hindu", "TOT_POPULA": 102, "dist_to_main_network_m": 1811.0 }, "geometry": { "type": "Point", "coordinates": [ 92.981789, 25.170371 ] } },
{ "type": "Feature", "properties": { "HAB_ID": 1322084, "STATE_ID": 4, "DISTRICT_I": 378, "BLOCK_ID": 2138, "HAB_NAME": "Bongkung", "TOT_POPULA": 131, "dist_to_main_network_m": 19.0 }, "geometry": { "type": "Point", "coordinates": [ 92.929853, 25.293946 ] } },
{ "type": "Feature", "properties": { "HAB_ID": 1322215, "STATE_ID": 4, "DISTRICT_I": 378, "BLOCK_ID": 2138, "HAB_NAME": "Chaikam I", "TOT_POPULA": 56, "dist_to_main_network_m": 45.0 }, "geometry": { "type": "Point", "coordinates": [ 92.970817, 25.20576 ] } },
{ "type": "Feature", "properties": { "HAB_ID": 1322244, "STATE_ID": 4, "DISTRICT_I": 378, "BLOCK_ID": 2138, "HAB_NAME": "Chaptuk", "TOT_POPULA": 113, "dist_to_main_network_m": 1390.0 }, "geometry": { "type": "Point", "coordinates": [ 92.929171, 25.30739 ] } },
{ "type": "Feature", "properties": { "HAB_ID": 1322346, "STATE_ID": 4, "DISTRICT_I": 378, "BLOCK_ID": 2138, "HAB_NAME": "Damadi Hawar", "TOT_POPULA": 200, "dist_to_main_network_m": 142.0 }, "geometry": { "type": "Point", "coordinates": [ 92.859396, 25.112135 ] } },
{ "type": "Feature", "properties": { "HAB_ID": 233408, "STATE_ID": 4, "DISTRICT_I": 378, "BLOCK_ID": 1647, "HAB_NAME": "chotomanja", "TOT_POPULA": 33, "dist_to_main_network_m": 205.0 }, "geometry": { "type": "Point", "coordinates": [ 93.164655, 25.539456 ] } },
{ "type": "Feature", "properties": { "HAB_ID": 300249, "STATE_ID": 4, "DISTRICT_I": 378, "BLOCK_ID": 1647, "HAB_NAME": "didaoka", "TOT_POPULA": 182, "dist_to_main_network_m": 160.0 }, "geometry": { "type": "Point", "coordinates": [ 93.129106, 25.375566 ] } },
{ "type": "Feature", "properties": { "HAB_ID": 872603, "STATE_ID": 4, "DISTRICT_I": 378, "BLOCK_ID": 2460, "HAB_NAME": "Purana Songkhai", "TOT_POPULA": 251, "dist_to_main_network_m": 15.0 }, "geometry": { "type": "Point", "coordinates": [ 93.290812, 25.095667 ] } },
{ "type": "Feature", "properties": { "HAB_ID": 788479, "STATE_ID": 4, "DISTRICT_I": 378, "BLOCK_ID": 2460, "HAB_NAME": "Nom Jang", "TOT_POPULA": 687, "dist_to_main_network_m": 87.0 }, "geometry": { "type": "Point", "coordinates": [ 93.104464, 25.158544 ] } },
{ "type": "Feature", "properties": { "HAB_ID": 930779, "STATE_ID": 4, "DISTRICT_I": 378, "BLOCK_ID": 2460, "HAB_NAME": "sabojai", "TOT_POPULA": 165, "dist_to_main_network_m": 357.0 }, "geometry": { "type": "Point", "coordinates": [ 93.168649, 25.224711 ] } },
{ "type": "Feature", "properties": { "HAB_ID": 792745, "STATE_ID": 4, "DISTRICT_I": 378, "BLOCK_ID": 2460, "HAB_NAME": "Nutan Leikul", "TOT_POPULA": 455, "dist_to_main_network_m": 504.0 }, "geometry": { "type": "Point", "coordinates": [ 93.048461, 25.131736 ] } },
{ "type": "Feature", "properties": { "HAB_ID": 908045, "STATE_ID": 4, "DISTRICT_I": 378, "BLOCK_ID": 2460, "HAB_NAME": "Ramvom", "TOT_POPULA": 173, "dist_to_main_network_m": 61.0 }, "geometry": { "type": "Point", "coordinates": [ 93.20832, 24.996092 ] } },
{ "type": "Feature", "properties": { "HAB_ID": 788005, "STATE_ID": 4, "DISTRICT_I": 378, "BLOCK_ID": 2138, "HAB_NAME": "Nobdi Daulagupu", "TOT_POPULA": 164, "dist_to_main_network_m": 53.0 }, "geometry": { "type": "Point", "coordinates": [ 92.997759, 25.26622 ] } },
{ "type": "Feature", "properties": { "HAB_ID": 938284, "STATE_ID": 4, "DISTRICT_I": 378, "BLOCK_ID": 2460, "HAB_NAME": "Saitop", "TOT_POPULA": 33, "dist_to_main_network_m": 3233.0 }, "geometry": { "type": "Point", "coordinates": [ 93.0632, 25.042363 ] } },
{ "type": "Feature", "properties": { "HAB_ID": 1322368, "STATE_ID": 4, "DISTRICT_I": 378, "BLOCK_ID": 2138, "HAB_NAME": "Dimbrucherra I", "TOT_POPULA": 120, "dist_to_main_network_m": 1474.0 }, "geometry": { "type": "Point", "coordinates": [ 92.837225, 25.085027 ] } },
{ "type": "Feature", "properties": { "HAB_ID": 1185575, "STATE_ID": 4, "DISTRICT_I": 378, "BLOCK_ID": 2138, "HAB_NAME": "Jatinga Khasia", "TOT_POPULA": 1761, "dist_to_main_network_m": 12.0 }, "geometry": { "type": "Point", "coordinates": [ 93.021069, 25.129828 ] } },
{ "type": "Feature", "properties": { "HAB_ID": 1322410, "STATE_ID": 4, "DISTRICT_I": 378, "BLOCK_ID": 2138, "HAB_NAME": "Doliadisa Lower", "TOT_POPULA": 60, "dist_to_main_network_m": 47.0 }, "geometry": { "type": "Point", "coordinates": [ 92.84025, 25.103749 ] } },
{ "type": "Feature", "properties": { "HAB_ID": 1185576, "STATE_ID": 4, "DISTRICT_I": 378, "BLOCK_ID": 2138, "HAB_NAME": "Jerekho", "TOT_POPULA": 73, "dist_to_main_network_m": 744.0 }, "geometry": { "type": "Point", "coordinates": [ 92.86881, 25.097542 ] } },
{ "type": "Feature", "properties": { "HAB_ID": 1322434, "STATE_ID": 4, "DISTRICT_I": 378, "BLOCK_ID": 2138, "HAB_NAME": "Doloi Chunga", "TOT_POPULA": 735, "dist_to_main_network_m": 155.0 }, "geometry": { "type": "Point", "coordinates": [ 92.865842, 25.103536 ] } },
{ "type": "Feature", "properties": { "HAB_ID": 1322521, "STATE_ID": 4, "DISTRICT_I": 378, "BLOCK_ID": 2138, "HAB_NAME": "Duiring 2", "TOT_POPULA": 63, "dist_to_main_network_m": 2191.0 }, "geometry": { "type": "Point", "coordinates": [ 92.971916, 25.154896 ] } },
{ "type": "Feature", "properties": { "HAB_ID": 1322917, "STATE_ID": 4, "DISTRICT_I": 378, "BLOCK_ID": 2138, "HAB_NAME": "Thangpui", "TOT_POPULA": 70, "dist_to_main_network_m": 675.0 }, "geometry": { "type": "Point", "coordinates": [ 92.89151, 25.29594 ] } },
{ "type": "Feature", "properties": { "HAB_ID": 1399277, "STATE_ID": 4, "DISTRICT_I": 378, "BLOCK_ID": 2138, "HAB_NAME": "Hawarbasti", "TOT_POPULA": 102, "dist_to_main_network_m": 192.0 }, "geometry": { "type": "Point", "coordinates": [ 92.86236, 25.114583 ] } },
{ "type": "Feature", "properties": { "HAB_ID": 1399278, "STATE_ID": 4, "DISTRICT_I": 378, "BLOCK_ID": 2138, "HAB_NAME": "Rautilla", "TOT_POPULA": 42, "dist_to_main_network_m": 1331.0 }, "geometry": { "type": "Point", "coordinates": [ 92.995555, 25.148396 ] } },
{ "type": "Feature", "properties": { "HAB_ID": 1399279, "STATE_ID": 4, "DISTRICT_I": 378, "BLOCK_ID": 2138, "HAB_NAME": "Duiringpunchi", "TOT_POPULA": 100, "dist_to_main_network_m": 2050.0 }, "geometry": { "type": "Point", "coordinates": [ 92.990361, 25.153477 ] } },
{ "type": "Feature", "properties": { "HAB_ID": 300334, "STATE_ID": 4, "DISTRICT_I": 378, "BLOCK_ID": 1647, "HAB_NAME": "Dilimpur", "TOT_POPULA": 148, "dist_to_main_network_m": 6.0 }, "geometry": { "type": "Point", "coordinates": [ 93.127405, 25.728523 ] } },
{ "type": "Feature", "properties": { "HAB_ID": 33359, "STATE_ID": 4, "DISTRICT_I": 378, "BLOCK_ID": 1647, "HAB_NAME": "Amlangbra", "TOT_POPULA": 286, "dist_to_main_network_m": 66.0 }, "geometry": { "type": "Point", "coordinates": [ 93.01244, 25.382344 ] } },
{ "type": "Feature", "properties": { "HAB_ID": 300364, "STATE_ID": 4, "DISTRICT_I": 378, "BLOCK_ID": 1647, "HAB_NAME": "diduki", "TOT_POPULA": 303, "dist_to_main_network_m": 91.0 }, "geometry": { "type": "Point", "coordinates": [ 93.183849, 25.237236 ] } },
{ "type": "Feature", "properties": { "HAB_ID": 177617, "STATE_ID": 4, "DISTRICT_I": 378, "BLOCK_ID": 1647, "HAB_NAME": "boro diger", "TOT_POPULA": 489, "dist_to_main_network_m": 25.0 }, "geometry": { "type": "Point", "coordinates": [ 93.305045, 25.371893 ] } },
{ "type": "Feature", "properties": { "HAB_ID": 177695, "STATE_ID": 4, "DISTRICT_I": 378, "BLOCK_ID": 1647, "HAB_NAME": "Boro Lalbong", "TOT_POPULA": 361, "dist_to_main_network_m": 108.0 }, "geometry": { "type": "Point", "coordinates": [ 93.103349, 25.546231 ] } },
{ "type": "Feature", "properties": { "HAB_ID": 203304, "STATE_ID": 4, "DISTRICT_I": 378, "BLOCK_ID": 1647, "HAB_NAME": "chandpur nagar", "TOT_POPULA": 231, "dist_to_main_network_m": 103.0 }, "geometry": { "type": "Point", "coordinates": [ 93.129642, 25.3376 ] } },
{ "type": "Feature", "properties": { "HAB_ID": 385998, "STATE_ID": 4, "DISTRICT_I": 378, "BLOCK_ID": 1647, "HAB_NAME": "gunjung", "TOT_POPULA": 1515, "dist_to_main_network_m": 88.0 }, "geometry": { "type": "Point", "coordinates": [ 93.008793, 25.316064 ] } },
{ "type": "Feature", "properties": { "HAB_ID": 361539, "STATE_ID": 4, "DISTRICT_I": 378, "BLOCK_ID": 1647, "HAB_NAME": "Gidingpur", "TOT_POPULA": 503, "dist_to_main_network_m": 86.0 }, "geometry": { "type": "Point", "coordinates": [ 93.148664, 25.300206 ] } },
{ "type": "Feature", "properties": { "HAB_ID": 736112, "STATE_ID": 4, "DISTRICT_I": 378, "BLOCK_ID": 1647, "HAB_NAME": "Natun Bathari", "TOT_POPULA": 241, "dist_to_main_network_m": 195.0 }, "geometry": { "type": "Point", "coordinates": [ 93.17961, 25.364018 ] } },
{ "type": "Feature", "properties": { "HAB_ID": 460296, "STATE_ID": 4, "DISTRICT_I": 378, "BLOCK_ID": 1647, "HAB_NAME": "Jembru", "TOT_POPULA": 128, "dist_to_main_network_m": 102.0 }, "geometry": { "type": "Point", "coordinates": [ 92.967777, 25.393083 ] } },
{ "type": "Feature", "properties": { "HAB_ID": 619386, "STATE_ID": 4, "DISTRICT_I": 378, "BLOCK_ID": 1647, "HAB_NAME": "lamadisa", "TOT_POPULA": 225, "dist_to_main_network_m": 4.0 }, "geometry": { "type": "Point", "coordinates": [ 92.983365, 25.34656 ] } },
{ "type": "Feature", "properties": { "HAB_ID": 527543, "STATE_ID": 4, "DISTRICT_I": 378, "BLOCK_ID": 1647, "HAB_NAME": "kautaibari I", "TOT_POPULA": 21, "dist_to_main_network_m": 35.0 }, "geometry": { "type": "Point", "coordinates": [ 93.346102, 25.426644 ] } },
{ "type": "Feature", "properties": { "HAB_ID": 631188, "STATE_ID": 4, "DISTRICT_I": 378, "BLOCK_ID": 1647, "HAB_NAME": "longkhor", "TOT_POPULA": 131, "dist_to_main_network_m": 206.0 }, "geometry": { "type": "Point", "coordinates": [ 93.135204, 25.2741 ] } },
{ "type": "Feature", "properties": { "HAB_ID": 542370, "STATE_ID": 4, "DISTRICT_I": 378, "BLOCK_ID": 1647, "HAB_NAME": "khalimdisa", "TOT_POPULA": 350, "dist_to_main_network_m": 136.0 }, "geometry": { "type": "Point", "coordinates": [ 93.160928, 25.267603 ] } },
{ "type": "Feature", "properties": { "HAB_ID": 620711, "STATE_ID": 4, "DISTRICT_I": 378, "BLOCK_ID": 1647, "HAB_NAME": "langting bazar", "TOT_POPULA": 323, "dist_to_main_network_m": 48.0 }, "geometry": { "type": "Point", "coordinates": [ 93.115318, 25.496091 ] } },
{ "type": "Feature", "properties": { "HAB_ID": 714106, "STATE_ID": 4, "DISTRICT_I": 378, "BLOCK_ID": 1647, "HAB_NAME": "Mongjang", "TOT_POPULA": 205, "dist_to_main_network_m": 64.0 }, "geometry": { "type": "Point", "coordinates": [ 93.41743, 25.389527 ] } },
{ "type": "Feature", "properties": { "HAB_ID": 620712, "STATE_ID": 4, "DISTRICT_I": 378, "BLOCK_ID": 1647, "HAB_NAME": "langting hasin", "TOT_POPULA": 1823, "dist_to_main_network_m": 74.0 }, "geometry": { "type": "Point", "coordinates": [ 93.114639, 25.498801 ] } },
{ "type": "Feature", "properties": { "HAB_ID": 1319289, "STATE_ID": 4, "DISTRICT_I": 378, "BLOCK_ID": 1647, "HAB_NAME": "Natun Disao", "TOT_POPULA": 535, "dist_to_main_network_m": 41.0 }, "geometry": { "type": "Point", "coordinates": [ 93.077223, 25.295975 ] } },
{ "type": "Feature", "properties": { "HAB_ID": 631206, "STATE_ID": 4, "DISTRICT_I": 378, "BLOCK_ID": 1647, "HAB_NAME": "longlodisa Gadain", "TOT_POPULA": 74, "dist_to_main_network_m": 43.0 }, "geometry": { "type": "Point", "coordinates": [ 93.09988, 25.6532 ] } },
{ "type": "Feature", "properties": { "HAB_ID": 715622, "STATE_ID": 4, "DISTRICT_I": 378, "BLOCK_ID": 1647, "HAB_NAME": "morsaibari", "TOT_POPULA": 127, "dist_to_main_network_m": 313.0 }, "geometry": { "type": "Point", "coordinates": [ 93.188837, 25.280689 ] } },
{ "type": "Feature", "properties": { "HAB_ID": 633842, "STATE_ID": 4, "DISTRICT_I": 378, "BLOCK_ID": 1647, "HAB_NAME": "lungding khelma", "TOT_POPULA": 268, "dist_to_main_network_m": 27.0 }, "geometry": { "type": "Point", "coordinates": [ 93.177905, 25.598895 ] } },
{ "type": "Feature", "properties": { "HAB_ID": 848702, "STATE_ID": 4, "DISTRICT_I": 378, "BLOCK_ID": 1647, "HAB_NAME": "phaiphah", "TOT_POPULA": 159, "dist_to_main_network_m": 881.0 }, "geometry": { "type": "Point", "coordinates": [ 93.348325, 25.333185 ] } },
{ "type": "Feature", "properties": { "HAB_ID": 736164, "STATE_ID": 4, "DISTRICT_I": 378, "BLOCK_ID": 1647, "HAB_NAME": "Diblong I", "TOT_POPULA": 119, "dist_to_main_network_m": 91.0 }, "geometry": { "type": "Point", "coordinates": [ 93.095944, 25.624686 ] } },
{ "type": "Feature", "properties": { "HAB_ID": 1319701, "STATE_ID": 4, "DISTRICT_I": 378, "BLOCK_ID": 1647, "HAB_NAME": "Purana Hajong", "TOT_POPULA": 238, "dist_to_main_network_m": 153.0 }, "geometry": { "type": "Point", "coordinates": [ 93.210338, 25.364755 ] } },
{ "type": "Feature", "properties": { "HAB_ID": 736165, "STATE_ID": 4, "DISTRICT_I": 378, "BLOCK_ID": 1647, "HAB_NAME": "n dihajing", "TOT_POPULA": 77, "dist_to_main_network_m": 130.0 }, "geometry": { "type": "Point", "coordinates": [ 93.096554, 25.35226 ] } },
{ "type": "Feature", "properties": { "HAB_ID": 865329, "STATE_ID": 4, "DISTRICT_I": 378, "BLOCK_ID": 1647, "HAB_NAME": "prasadimdik", "TOT_POPULA": 619, "dist_to_main_network_m": 90.0 }, "geometry": { "type": "Point", "coordinates": [ 93.416874, 25.442908 ] } },
{ "type": "Feature", "properties": { "HAB_ID": 1399310, "STATE_ID": 4, "DISTRICT_I": 378, "BLOCK_ID": 1648, "HAB_NAME": "Surangdisa", "TOT_POPULA": 70, "dist_to_main_network_m": 24.0 }, "geometry": { "type": "Point", "coordinates": [ 92.957094, 25.487634 ] } },
{ "type": "Feature", "properties": { "HAB_ID": 917490, "STATE_ID": 4, "DISTRICT_I": 378, "BLOCK_ID": 1647, "HAB_NAME": "rawaidisa", "TOT_POPULA": 79, "dist_to_main_network_m": 2589.0 }, "geometry": { "type": "Point", "coordinates": [ 93.038272, 25.384191 ] } },
{ "type": "Feature", "properties": { "HAB_ID": 713986, "STATE_ID": 4, "DISTRICT_I": 378, "BLOCK_ID": 1648, "HAB_NAME": "mongle karbi", "TOT_POPULA": 62, "dist_to_main_network_m": 32.0 }, "geometry": { "type": "Point", "coordinates": [ 92.814005, 25.650949 ] } },
{ "type": "Feature", "properties": { "HAB_ID": 920793, "STATE_ID": 4, "DISTRICT_I": 378, "BLOCK_ID": 1647, "HAB_NAME": "relai", "TOT_POPULA": 42, "dist_to_main_network_m": 1983.0 }, "geometry": { "type": "Point", "coordinates": [ 93.095653, 25.24986 ] } },
{ "type": "Feature", "properties": { "HAB_ID": 98613, "STATE_ID": 4, "DISTRICT_I": 378, "BLOCK_ID": 1648, "HAB_NAME": "baraima", "TOT_POPULA": 359, "dist_to_main_network_m": 45.0 }, "geometry": { "type": "Point", "coordinates": [ 92.955684, 25.798565 ] } },
{ "type": "Feature", "properties": { "HAB_ID": 304629, "STATE_ID": 4, "DISTRICT_I": 378, "BLOCK_ID": 1648, "HAB_NAME": "diyungjaso", "TOT_POPULA": 124, "dist_to_main_network_m": 153.0 }, "geometry": { "type": "Point", "coordinates": [ 92.989278, 25.560456 ] } },
{ "type": "Feature", "properties": { "HAB_ID": 177696, "STATE_ID": 4, "DISTRICT_I": 378, "BLOCK_ID": 1648, "HAB_NAME": "Borolanghereng", "TOT_POPULA": 14, "dist_to_main_network_m": 6.0 }, "geometry": { "type": "Point", "coordinates": [ 92.888407, 25.551535 ] } },
{ "type": "Feature", "properties": { "HAB_ID": 670712, "STATE_ID": 4, "DISTRICT_I": 378, "BLOCK_ID": 1648, "HAB_NAME": "mangadihower", "TOT_POPULA": 180, "dist_to_main_network_m": 13.0 }, "geometry": { "type": "Point", "coordinates": [ 92.975734, 25.576924 ] } },
{ "type": "Feature", "properties": { "HAB_ID": 392487, "STATE_ID": 4, "DISTRICT_I": 378, "BLOCK_ID": 1648, "HAB_NAME": "Hajowari", "TOT_POPULA": 130, "dist_to_main_network_m": 51.0 }, "geometry": { "type": "Point", "coordinates": [ 92.922773, 25.723692 ] } },
{ "type": "Feature", "properties": { "HAB_ID": 792863, "STATE_ID": 4, "DISTRICT_I": 378, "BLOCK_ID": 1648, "HAB_NAME": "nitilangso", "TOT_POPULA": 45, "dist_to_main_network_m": 21.0 }, "geometry": { "type": "Point", "coordinates": [ 92.901678, 25.552473 ] } },
{ "type": "Feature", "properties": { "HAB_ID": 395985, "STATE_ID": 4, "DISTRICT_I": 378, "BLOCK_ID": 1648, "HAB_NAME": "Hangjanglangso", "TOT_POPULA": 120, "dist_to_main_network_m": 12.0 }, "geometry": { "type": "Point", "coordinates": [ 92.810522, 25.550943 ] } },
{ "type": "Feature", "properties": { "HAB_ID": 712267, "STATE_ID": 4, "DISTRICT_I": 378, "BLOCK_ID": 1648, "HAB_NAME": "mojowari", "TOT_POPULA": 330, "dist_to_main_network_m": 81.0 }, "geometry": { "type": "Point", "coordinates": [ 92.983156, 25.542648 ] } },
{ "type": "Feature", "properties": { "HAB_ID": 1185530, "STATE_ID": 4, "DISTRICT_I": 378, "BLOCK_ID": 1648, "HAB_NAME": "Disamto.", "TOT_POPULA": 43, "dist_to_main_network_m": 19.0 }, "geometry": { "type": "Point", "coordinates": [ 93.021946, 25.766247 ] } },
{ "type": "Feature", "properties": { "HAB_ID": 797957, "STATE_ID": 4, "DISTRICT_I": 378, "BLOCK_ID": 1648, "HAB_NAME": "p kungruwari", "TOT_POPULA": 181, "dist_to_main_network_m": 54.0 }, "geometry": { "type": "Point", "coordinates": [ 92.960553, 25.5768 ] } },
{ "type": "Feature", "properties": { "HAB_ID": 736264, "STATE_ID": 4, "DISTRICT_I": 378, "BLOCK_ID": 1648, "HAB_NAME": "n kungruwari", "TOT_POPULA": 92, "dist_to_main_network_m": 68.0 }, "geometry": { "type": "Point", "coordinates": [ 92.953233, 25.5961 ] } },
{ "type": "Feature", "properties": { "HAB_ID": 1185537, "STATE_ID": 4, "DISTRICT_I": 378, "BLOCK_ID": 1648, "HAB_NAME": "Longplaidisa.", "TOT_POPULA": 238, "dist_to_main_network_m": 21.0 }, "geometry": { "type": "Point", "coordinates": [ 92.809352, 25.557916 ] } },
{ "type": "Feature", "properties": { "HAB_ID": 789926, "STATE_ID": 4, "DISTRICT_I": 378, "BLOCK_ID": 1648, "HAB_NAME": "nasingwari", "TOT_POPULA": 290, "dist_to_main_network_m": 11.0 }, "geometry": { "type": "Point", "coordinates": [ 92.969979, 25.556799 ] } },
{ "type": "Feature", "properties": { "HAB_ID": 1185535, "STATE_ID": 4, "DISTRICT_I": 378, "BLOCK_ID": 1648, "HAB_NAME": "Desmaihadi", "TOT_POPULA": 107, "dist_to_main_network_m": 18.0 }, "geometry": { "type": "Point", "coordinates": [ 92.875307, 25.606503 ] } },
{ "type": "Feature", "properties": { "HAB_ID": 302421, "STATE_ID": 4, "DISTRICT_I": 378, "BLOCK_ID": 1647, "HAB_NAME": "dijao", "TOT_POPULA": 76, "dist_to_main_network_m": 158.0 }, "geometry": { "type": "Point", "coordinates": [ 93.139293, 25.534172 ] } },
{ "type": "Feature", "properties": { "HAB_ID": 300599, "STATE_ID": 4, "DISTRICT_I": 378, "BLOCK_ID": 1647, "HAB_NAME": "Digerkro", "TOT_POPULA": 561, "dist_to_main_network_m": 149.0 }, "geometry": { "type": "Point", "coordinates": [ 93.308838, 25.351226 ] } },
{ "type": "Feature", "properties": { "HAB_ID": 413188, "STATE_ID": 4, "DISTRICT_I": 378, "BLOCK_ID": 1648, "HAB_NAME": "harmudisa", "TOT_POPULA": 212, "dist_to_main_network_m": 44.0 }, "geometry": { "type": "Point", "coordinates": [ 92.989744, 25.814742 ] } },
{ "type": "Feature", "properties": { "HAB_ID": 554278, "STATE_ID": 4, "DISTRICT_I": 378, "BLOCK_ID": 1647, "HAB_NAME": "khejurbond", "TOT_POPULA": 580, "dist_to_main_network_m": 37.0 }, "geometry": { "type": "Point", "coordinates": [ 93.128043, 25.342281 ] } },
{ "type": "Feature", "properties": { "HAB_ID": 970807, "STATE_ID": 4, "DISTRICT_I": 378, "BLOCK_ID": 1647, "HAB_NAME": "semkhor", "TOT_POPULA": 431, "dist_to_main_network_m": 94.0 }, "geometry": { "type": "Point", "coordinates": [ 93.298996, 25.277978 ] } },
{ "type": "Feature", "properties": { "HAB_ID": 177700, "STATE_ID": 4, "DISTRICT_I": 378, "BLOCK_ID": 1648, "HAB_NAME": "Boro Longku", "TOT_POPULA": 228, "dist_to_main_network_m": 31.0 }, "geometry": { "type": "Point", "coordinates": [ 92.798703, 25.659644 ] } },
{ "type": "Feature", "properties": { "HAB_ID": 177701, "STATE_ID": 4, "DISTRICT_I": 378, "BLOCK_ID": 1648, "HAB_NAME": "borolangpher", "TOT_POPULA": 299, "dist_to_main_network_m": 13.0 }, "geometry": { "type": "Point", "coordinates": [ 92.901906, 25.757333 ] } },
{ "type": "Feature", "properties": { "HAB_ID": 453375, "STATE_ID": 4, "DISTRICT_I": 378, "BLOCK_ID": 1648, "HAB_NAME": "jangphanglangso", "TOT_POPULA": 163, "dist_to_main_network_m": 38.0 }, "geometry": { "type": "Point", "coordinates": [ 92.936279, 25.760129 ] } },
{ "type": "Feature", "properties": { "HAB_ID": 177731, "STATE_ID": 4, "DISTRICT_I": 378, "BLOCK_ID": 1648, "HAB_NAME": "borowashiling", "TOT_POPULA": 362, "dist_to_main_network_m": 166.0 }, "geometry": { "type": "Point", "coordinates": [ 92.937505, 25.79232 ] } },
{ "type": "Feature", "properties": { "HAB_ID": 1185544, "STATE_ID": 4, "DISTRICT_I": 378, "BLOCK_ID": 1648, "HAB_NAME": "nabdi hower", "TOT_POPULA": 19, "dist_to_main_network_m": 28.0 }, "geometry": { "type": "Point", "coordinates": [ 92.835722, 25.546028 ] } },
{ "type": "Feature", "properties": { "HAB_ID": 1185548, "STATE_ID": 4, "DISTRICT_I": 378, "BLOCK_ID": 1648, "HAB_NAME": "Nabdi Langyan", "TOT_POPULA": 59, "dist_to_main_network_m": 59.0 }, "geometry": { "type": "Point", "coordinates": [ 92.814115, 25.542071 ] } },
{ "type": "Feature", "properties": { "HAB_ID": 1185559, "STATE_ID": 4, "DISTRICT_I": 378, "BLOCK_ID": 1648, "HAB_NAME": "Thadikreng.", "TOT_POPULA": 56, "dist_to_main_network_m": 19.0 }, "geometry": { "type": "Point", "coordinates": [ 92.952472, 25.688043 ] } },
{ "type": "Feature", "properties": { "HAB_ID": 470611, "STATE_ID": 4, "DISTRICT_I": 378, "BLOCK_ID": 2460, "HAB_NAME": "Jorai Bathari", "TOT_POPULA": 87, "dist_to_main_network_m": 55.0 }, "geometry": { "type": "Point", "coordinates": [ 93.080117, 25.189222 ] } },
{ "type": "Feature", "properties": { "HAB_ID": 499458, "STATE_ID": 4, "DISTRICT_I": 378, "BLOCK_ID": 2460, "HAB_NAME": "Kanan", "TOT_POPULA": 100, "dist_to_main_network_m": 75.0 }, "geometry": { "type": "Point", "coordinates": [ 93.133797, 25.177495 ] } },
{ "type": "Feature", "properties": { "HAB_ID": 531810, "STATE_ID": 4, "DISTRICT_I": 378, "BLOCK_ID": 2460, "HAB_NAME": "Keraidelo", "TOT_POPULA": 283, "dist_to_main_network_m": 62.0 }, "geometry": { "type": "Point", "coordinates": [ 93.041348, 25.13356 ] } },
{ "type": "Feature", "properties": { "HAB_ID": 717946, "STATE_ID": 4, "DISTRICT_I": 378, "BLOCK_ID": 1647, "HAB_NAME": "motiphonglo", "TOT_POPULA": 130, "dist_to_main_network_m": 2239.0 }, "geometry": { "type": "Point", "coordinates": [ 93.047706, 25.286762 ] } },
{ "type": "Feature", "properties": { "HAB_ID": 797668, "STATE_ID": 4, "DISTRICT_I": 378, "BLOCK_ID": 1647, "HAB_NAME": "p dukaling", "TOT_POPULA": 79, "dist_to_main_network_m": 160.0 }, "geometry": { "type": "Point", "coordinates": [ 93.201679, 25.283092 ] } },
{ "type": "Feature", "properties": { "HAB_ID": 1320409, "STATE_ID": 4, "DISTRICT_I": 378, "BLOCK_ID": 1647, "HAB_NAME": "Batohaja", "TOT_POPULA": 222, "dist_to_main_network_m": 30.0 }, "geometry": { "type": "Point", "coordinates": [ 93.087973, 25.767529 ] } },
{ "type": "Feature", "properties": { "HAB_ID": 114379, "STATE_ID": 4, "DISTRICT_I": 378, "BLOCK_ID": 1648, "HAB_NAME": "batohaja", "TOT_POPULA": 233, "dist_to_main_network_m": 37.0 }, "geometry": { "type": "Point", "coordinates": [ 93.061626, 25.759173 ] } },
{ "type": "Feature", "properties": { "HAB_ID": 233420, "STATE_ID": 4, "DISTRICT_I": 378, "BLOCK_ID": 2460, "HAB_NAME": "Longma Gadain", "TOT_POPULA": 46, "dist_to_main_network_m": 335.0 }, "geometry": { "type": "Point", "coordinates": [ 93.052591, 25.14255 ] } },
{ "type": "Feature", "properties": { "HAB_ID": 304082, "STATE_ID": 4, "DISTRICT_I": 378, "BLOCK_ID": 2460, "HAB_NAME": "Hewangberam", "TOT_POPULA": 253, "dist_to_main_network_m": 62.0 }, "geometry": { "type": "Point", "coordinates": [ 93.12523, 25.196312 ] } },
{ "type": "Feature", "properties": { "HAB_ID": 304626, "STATE_ID": 4, "DISTRICT_I": 378, "BLOCK_ID": 2460, "HAB_NAME": "Isuilung", "TOT_POPULA": 130, "dist_to_main_network_m": 37.0 }, "geometry": { "type": "Point", "coordinates": [ 93.119962, 25.173302 ] } },
{ "type": "Feature", "properties": { "HAB_ID": 1185584, "STATE_ID": 4, "DISTRICT_I": 378, "BLOCK_ID": 2460, "HAB_NAME": "Geremlambra", "TOT_POPULA": 131, "dist_to_main_network_m": 169.0 }, "geometry": { "type": "Point", "coordinates": [ 93.140397, 25.218086 ] } },
{ "type": "Feature", "properties": { "HAB_ID": 1185585, "STATE_ID": 4, "DISTRICT_I": 378, "BLOCK_ID": 2460, "HAB_NAME": "Tilla Basti", "TOT_POPULA": 602, "dist_to_main_network_m": 7.0 }, "geometry": { "type": "Point", "coordinates": [ 93.119632, 25.17833 ] } },
{ "type": "Feature", "properties": { "HAB_ID": 1185594, "STATE_ID": 4, "DISTRICT_I": 378, "BLOCK_ID": 2460, "HAB_NAME": "Allephai", "TOT_POPULA": 54, "dist_to_main_network_m": 26.0 }, "geometry": { "type": "Point", "coordinates": [ 93.061888, 25.005705 ] } },
{ "type": "Feature", "properties": { "HAB_ID": 1318145, "STATE_ID": 4, "DISTRICT_I": 378, "BLOCK_ID": 2460, "HAB_NAME": "Gadin Raji", "TOT_POPULA": 109, "dist_to_main_network_m": 53.0 }, "geometry": { "type": "Point", "coordinates": [ 93.099612, 25.184666 ] } },
{ "type": "Feature", "properties": { "HAB_ID": 1318204, "STATE_ID": 4, "DISTRICT_I": 378, "BLOCK_ID": 2460, "HAB_NAME": "Hangrum II", "TOT_POPULA": 431, "dist_to_main_network_m": 55.0 }, "geometry": { "type": "Point", "coordinates": [ 93.304073, 25.14699 ] } },
{ "type": "Feature", "properties": { "HAB_ID": 233396, "STATE_ID": 4, "DISTRICT_I": 378, "BLOCK_ID": 1647, "HAB_NAME": "Choto Lalbong", "TOT_POPULA": 149, "dist_to_main_network_m": 203.0 }, "geometry": { "type": "Point", "coordinates": [ 93.115034, 25.566277 ] } },
{ "type": "Feature", "properties": { "HAB_ID": 766420, "STATE_ID": 4, "DISTRICT_I": 378, "BLOCK_ID": 1647, "HAB_NAME": "natun boila", "TOT_POPULA": 173, "dist_to_main_network_m": 3.0 }, "geometry": { "type": "Point", "coordinates": [ 93.176309, 25.382598 ] } },
{ "type": "Feature", "properties": { "HAB_ID": 797646, "STATE_ID": 4, "DISTRICT_I": 378, "BLOCK_ID": 1647, "HAB_NAME": "Diblong II", "TOT_POPULA": 169, "dist_to_main_network_m": 1325.0 }, "geometry": { "type": "Point", "coordinates": [ 93.082881, 25.60058 ] } },
{ "type": "Feature", "properties": { "HAB_ID": 1320474, "STATE_ID": 4, "DISTRICT_I": 378, "BLOCK_ID": 1647, "HAB_NAME": "Mailubra", "TOT_POPULA": 113, "dist_to_main_network_m": 67.0 }, "geometry": { "type": "Point", "coordinates": [ 93.207683, 25.490599 ] } },
{ "type": "Feature", "properties": { "HAB_ID": 1320507, "STATE_ID": 4, "DISTRICT_I": 378, "BLOCK_ID": 1647, "HAB_NAME": "Thongibra", "TOT_POPULA": 165, "dist_to_main_network_m": 50.0 }, "geometry": { "type": "Point", "coordinates": [ 93.319548, 25.419812 ] } },
{ "type": "Feature", "properties": { "HAB_ID": 1320519, "STATE_ID": 4, "DISTRICT_I": 378, "BLOCK_ID": 1647, "HAB_NAME": "Nobdi langting Gadain", "TOT_POPULA": 65, "dist_to_main_network_m": 279.0 }, "geometry": { "type": "Point", "coordinates": [ 93.291773, 25.401399 ] } },
{ "type": "Feature", "properties": { "HAB_ID": 1321144, "STATE_ID": 4, "DISTRICT_I": 378, "BLOCK_ID": 1647, "HAB_NAME": "Drunbra I", "TOT_POPULA": 99, "dist_to_main_network_m": 94.0 }, "geometry": { "type": "Point", "coordinates": [ 93.282732, 25.331619 ] } },
{ "type": "Feature", "properties": { "HAB_ID": 1321212, "STATE_ID": 4, "DISTRICT_I": 378, "BLOCK_ID": 1647, "HAB_NAME": "Drunbra II", "TOT_POPULA": 211, "dist_to_main_network_m": 124.0 }, "geometry": { "type": "Point", "coordinates": [ 93.280812, 25.336058 ] } },
{ "type": "Feature", "properties": { "HAB_ID": 1321244, "STATE_ID": 4, "DISTRICT_I": 378, "BLOCK_ID": 1647, "HAB_NAME": "Dairangikro", "TOT_POPULA": 187, "dist_to_main_network_m": 17.0 }, "geometry": { "type": "Point", "coordinates": [ 93.317877, 25.363595 ] } },
{ "type": "Feature", "properties": { "HAB_ID": 1399513, "STATE_ID": 4, "DISTRICT_I": 378, "BLOCK_ID": 1647, "HAB_NAME": "Natun Hajong", "TOT_POPULA": 89, "dist_to_main_network_m": 70.0 }, "geometry": { "type": "Point", "coordinates": [ 93.197238, 25.382518 ] } },
{ "type": "Feature", "properties": { "HAB_ID": 1399514, "STATE_ID": 4, "DISTRICT_I": 378, "BLOCK_ID": 1647, "HAB_NAME": "Didamkro", "TOT_POPULA": 145, "dist_to_main_network_m": 126.0 }, "geometry": { "type": "Point", "coordinates": [ 93.295487, 25.341008 ] } },
{ "type": "Feature", "properties": { "HAB_ID": 1399517, "STATE_ID": 4, "DISTRICT_I": 378, "BLOCK_ID": 1647, "HAB_NAME": "Gereso Wapu", "TOT_POPULA": 59, "dist_to_main_network_m": 53.0 }, "geometry": { "type": "Point", "coordinates": [ 93.077423, 25.556424 ] } },
{ "type": "Feature", "properties": { "HAB_ID": 1399518, "STATE_ID": 4, "DISTRICT_I": 378, "BLOCK_ID": 1647, "HAB_NAME": "Thaijudisabra", "TOT_POPULA": 127, "dist_to_main_network_m": 135.0 }, "geometry": { "type": "Point", "coordinates": [ 93.14798, 25.481632 ] } },
{ "type": "Feature", "properties": { "HAB_ID": 1399519, "STATE_ID": 4, "DISTRICT_I": 378, "BLOCK_ID": 1647, "HAB_NAME": "Mosodisa", "TOT_POPULA": 74, "dist_to_main_network_m": 733.0 }, "geometry": { "type": "Point", "coordinates": [ 93.100389, 25.492413 ] } },
{ "type": "Feature", "properties": { "HAB_ID": 1399522, "STATE_ID": 4, "DISTRICT_I": 378, "BLOCK_ID": 1647, "HAB_NAME": "Maibangsa", "TOT_POPULA": 178, "dist_to_main_network_m": 35.0 }, "geometry": { "type": "Point", "coordinates": [ 92.987552, 25.331509 ] } },
{ "type": "Feature", "properties": { "HAB_ID": 1399533, "STATE_ID": 4, "DISTRICT_I": 378, "BLOCK_ID": 1647, "HAB_NAME": "Naidingpur II", "TOT_POPULA": 50, "dist_to_main_network_m": 53.0 }, "geometry": { "type": "Point", "coordinates": [ 92.961614, 25.345677 ] } },
{ "type": "Feature", "properties": { "HAB_ID": 1399535, "STATE_ID": 4, "DISTRICT_I": 378, "BLOCK_ID": 1647, "HAB_NAME": "Juibra", "TOT_POPULA": 250, "dist_to_main_network_m": 16.0 }, "geometry": { "type": "Point", "coordinates": [ 93.298051, 25.297735 ] } },
{ "type": "Feature", "properties": { "HAB_ID": 1399538, "STATE_ID": 4, "DISTRICT_I": 378, "BLOCK_ID": 1647, "HAB_NAME": "Guilung Christian", "TOT_POPULA": 155, "dist_to_main_network_m": 14.0 }, "geometry": { "type": "Point", "coordinates": [ 93.237777, 25.28079 ] } },
{ "type": "Feature", "properties": { "HAB_ID": 35064, "STATE_ID": 4, "DISTRICT_I": 378, "BLOCK_ID": 4283, "HAB_NAME": "Amrudisa", "TOT_POPULA": 381, "dist_to_main_network_m": 48.0 }, "geometry": { "type": "Point", "coordinates": [ 92.925192, 25.442113 ] } },
{ "type": "Feature", "properties": { "HAB_ID": 72447, "STATE_ID": 4, "DISTRICT_I": 378, "BLOCK_ID": 4283, "HAB_NAME": "Baigao", "TOT_POPULA": 154, "dist_to_main_network_m": 56.0 }, "geometry": { "type": "Point", "coordinates": [ 92.878208, 25.417602 ] } },
{ "type": "Feature", "properties": { "HAB_ID": 177625, "STATE_ID": 4, "DISTRICT_I": 378, "BLOCK_ID": 4283, "HAB_NAME": "Boro Langlai", "TOT_POPULA": 286, "dist_to_main_network_m": 40.0 }, "geometry": { "type": "Point", "coordinates": [ 92.728744, 25.479504 ] } },
{ "type": "Feature", "properties": { "HAB_ID": 363857, "STATE_ID": 4, "DISTRICT_I": 378, "BLOCK_ID": 4283, "HAB_NAME": "Gobinda Nagar", "TOT_POPULA": 233, "dist_to_main_network_m": 29.0 }, "geometry": { "type": "Point", "coordinates": [ 92.723702, 25.487618 ] } },
{ "type": "Feature", "properties": { "HAB_ID": 422176, "STATE_ID": 4, "DISTRICT_I": 378, "BLOCK_ID": 4283, "HAB_NAME": "Bangphiri Hindu", "TOT_POPULA": 159, "dist_to_main_network_m": 108.0 }, "geometry": { "type": "Point", "coordinates": [ 92.803066, 25.435274 ] } },
{ "type": "Feature", "properties": { "HAB_ID": 422197, "STATE_ID": 4, "DISTRICT_I": 378, "BLOCK_ID": 4283, "HAB_NAME": "Langlut Hindu", "TOT_POPULA": 64, "dist_to_main_network_m": 12.0 }, "geometry": { "type": "Point", "coordinates": [ 92.83533, 25.44342 ] } },
{ "type": "Feature", "properties": { "HAB_ID": 620588, "STATE_ID": 4, "DISTRICT_I": 378, "BLOCK_ID": 4283, "HAB_NAME": "Langlai Hashnu", "TOT_POPULA": 157, "dist_to_main_network_m": 27.0 }, "geometry": { "type": "Point", "coordinates": [ 92.963703, 25.444341 ] } },
{ "type": "Feature", "properties": { "HAB_ID": 726926, "STATE_ID": 4, "DISTRICT_I": 378, "BLOCK_ID": 4283, "HAB_NAME": "Mualdam", "TOT_POPULA": 319, "dist_to_main_network_m": 16.0 }, "geometry": { "type": "Point", "coordinates": [ 92.818572, 25.212 ] } },
{ "type": "Feature", "properties": { "HAB_ID": 824525, "STATE_ID": 4, "DISTRICT_I": 378, "BLOCK_ID": 4283, "HAB_NAME": "Porbo Dikhongma", "TOT_POPULA": 125, "dist_to_main_network_m": 41.0 }, "geometry": { "type": "Point", "coordinates": [ 92.952316, 25.433323 ] } },
{ "type": "Feature", "properties": { "HAB_ID": 1073808, "STATE_ID": 4, "DISTRICT_I": 378, "BLOCK_ID": 4283, "HAB_NAME": "Umrangso 14Km", "TOT_POPULA": 504, "dist_to_main_network_m": 82.0 }, "geometry": { "type": "Point", "coordinates": [ 92.75718, 25.502006 ] } },
{ "type": "Feature", "properties": { "HAB_ID": 1084976, "STATE_ID": 4, "DISTRICT_I": 378, "BLOCK_ID": 4283, "HAB_NAME": "Vaitang", "TOT_POPULA": 127, "dist_to_main_network_m": 45.0 }, "geometry": { "type": "Point", "coordinates": [ 92.818357, 25.322662 ] } },
{ "type": "Feature", "properties": { "HAB_ID": 1185615, "STATE_ID": 4, "DISTRICT_I": 378, "BLOCK_ID": 4283, "HAB_NAME": "Kanan", "TOT_POPULA": 126, "dist_to_main_network_m": 79.0 }, "geometry": { "type": "Point", "coordinates": [ 92.866978, 25.366187 ] } },
{ "type": "Feature", "properties": { "HAB_ID": 1185627, "STATE_ID": 4, "DISTRICT_I": 378, "BLOCK_ID": 4283, "HAB_NAME": "Umrangso 16 Km", "TOT_POPULA": 460, "dist_to_main_network_m": 13.0 }, "geometry": { "type": "Point", "coordinates": [ 92.762909, 25.511551 ] } },
{ "type": "Feature", "properties": { "HAB_ID": 1185629, "STATE_ID": 4, "DISTRICT_I": 378, "BLOCK_ID": 4283, "HAB_NAME": "Varplak", "TOT_POPULA": 186, "dist_to_main_network_m": 21.0 }, "geometry": { "type": "Point", "coordinates": [ 92.73053, 25.498515 ] } },
{ "type": "Feature", "properties": { "HAB_ID": 1317938, "STATE_ID": 4, "DISTRICT_I": 378, "BLOCK_ID": 4283, "HAB_NAME": "Miyungpur", "TOT_POPULA": 360, "dist_to_main_network_m": 114.0 }, "geometry": { "type": "Point", "coordinates": [ 92.751295, 25.511554 ] } },
{ "type": "Feature", "properties": { "HAB_ID": 1318047, "STATE_ID": 4, "DISTRICT_I": 378, "BLOCK_ID": 4283, "HAB_NAME": "Phaizol", "TOT_POPULA": 56, "dist_to_main_network_m": 35.0 }, "geometry": { "type": "Point", "coordinates": [ 92.797261, 25.453467 ] } },
{ "type": "Feature", "properties": { "HAB_ID": 1318169, "STATE_ID": 4, "DISTRICT_I": 378, "BLOCK_ID": 4283, "HAB_NAME": "Rongarting K", "TOT_POPULA": 217, "dist_to_main_network_m": 28.0 }, "geometry": { "type": "Point", "coordinates": [ 92.72311, 25.485302 ] } },
{ "type": "Feature", "properties": { "HAB_ID": 126260, "STATE_ID": 4, "DISTRICT_I": 378, "BLOCK_ID": 2460, "HAB_NAME": "Berelongdisa", "TOT_POPULA": 95, "dist_to_main_network_m": 68.0 }, "geometry": { "type": "Point", "coordinates": [ 93.027537, 25.197747 ] } },
{ "type": "Feature", "properties": { "HAB_ID": 177607, "STATE_ID": 4, "DISTRICT_I": 378, "BLOCK_ID": 2460, "HAB_NAME": "Boro Arkap", "TOT_POPULA": 324, "dist_to_main_network_m": 62.0 }, "geometry": { "type": "Point", "coordinates": [ 93.19168, 25.031435 ] } },
{ "type": "Feature", "properties": { "HAB_ID": 177628, "STATE_ID": 4, "DISTRICT_I": 378, "BLOCK_ID": 2460, "HAB_NAME": "Boro Leikek", "TOT_POPULA": 26, "dist_to_main_network_m": 20.0 }, "geometry": { "type": "Point", "coordinates": [ 93.206677, 25.120799 ] } },
{ "type": "Feature", "properties": { "HAB_ID": 177631, "STATE_ID": 4, "DISTRICT_I": 378, "BLOCK_ID": 2460, "HAB_NAME": "Boro Longmailai", "TOT_POPULA": 127, "dist_to_main_network_m": 50.0 }, "geometry": { "type": "Point", "coordinates": [ 93.101934, 25.189899 ] } },
{ "type": "Feature", "properties": { "HAB_ID": 223552, "STATE_ID": 4, "DISTRICT_I": 378, "BLOCK_ID": 2460, "HAB_NAME": "Chillei", "TOT_POPULA": 426, "dist_to_main_network_m": 57.0 }, "geometry": { "type": "Point", "coordinates": [ 93.18093, 25.024614 ] } },
{ "type": "Feature", "properties": { "HAB_ID": 233296, "STATE_ID": 4, "DISTRICT_I": 378, "BLOCK_ID": 2460, "HAB_NAME": "Choto Arkap", "TOT_POPULA": 152, "dist_to_main_network_m": 64.0 }, "geometry": { "type": "Point", "coordinates": [ 93.158864, 25.093678 ] } },
{ "type": "Feature", "properties": { "HAB_ID": 233332, "STATE_ID": 4, "DISTRICT_I": 378, "BLOCK_ID": 2460, "HAB_NAME": "Choto Laisong", "TOT_POPULA": 290, "dist_to_main_network_m": 3566.0 }, "geometry": { "type": "Point", "coordinates": [ 93.270517, 25.242148 ] } },
{ "type": "Feature", "properties": { "HAB_ID": 233335, "STATE_ID": 4, "DISTRICT_I": 378, "BLOCK_ID": 2460, "HAB_NAME": "Choto Leikek", "TOT_POPULA": 19, "dist_to_main_network_m": 27.0 }, "geometry": { "type": "Point", "coordinates": [ 93.207063, 25.127165 ] } },
{ "type": "Feature", "properties": { "HAB_ID": 233351, "STATE_ID": 4, "DISTRICT_I": 378, "BLOCK_ID": 2460, "HAB_NAME": "Choto Ninglo Hindu", "TOT_POPULA": 221, "dist_to_main_network_m": 2734.0 }, "geometry": { "type": "Point", "coordinates": [ 93.243415, 25.238749 ] } },
{ "type": "Feature", "properties": { "HAB_ID": 388212, "STATE_ID": 4, "DISTRICT_I": 378, "BLOCK_ID": 2460, "HAB_NAME": "Gurubari", "TOT_POPULA": 197, "dist_to_main_network_m": 76.0 }, "geometry": { "type": "Point", "coordinates": [ 93.020337, 25.248554 ] } },
{ "type": "Feature", "properties": { "HAB_ID": 415619, "STATE_ID": 4, "DISTRICT_I": 378, "BLOCK_ID": 2460, "HAB_NAME": "Hasnghajik", "TOT_POPULA": 112, "dist_to_main_network_m": 202.0 }, "geometry": { "type": "Point", "coordinates": [ 93.126379, 25.201977 ] } },
{ "type": "Feature", "properties": { "HAB_ID": 419937, "STATE_ID": 4, "DISTRICT_I": 378, "BLOCK_ID": 2460, "HAB_NAME": "Hejelo", "TOT_POPULA": 215, "dist_to_main_network_m": 3679.0 }, "geometry": { "type": "Point", "coordinates": [ 93.285576, 25.242721 ] } },
{ "type": "Feature", "properties": { "HAB_ID": 419950, "STATE_ID": 4, "DISTRICT_I": 378, "BLOCK_ID": 2460, "HAB_NAME": "Hekakong", "TOT_POPULA": 240, "dist_to_main_network_m": 61.0 }, "geometry": { "type": "Point", "coordinates": [ 93.175036, 25.177784 ] } },
{ "type": "Feature", "properties": { "HAB_ID": 717705, "STATE_ID": 4, "DISTRICT_I": 378, "BLOCK_ID": 2460, "HAB_NAME": "Moti Riao", "TOT_POPULA": 164, "dist_to_main_network_m": 57.0 }, "geometry": { "type": "Point", "coordinates": [ 93.100936, 25.192633 ] } },
{ "type": "Feature", "properties": { "HAB_ID": 718541, "STATE_ID": 4, "DISTRICT_I": 378, "BLOCK_ID": 2460, "HAB_NAME": "Moucher", "TOT_POPULA": 277, "dist_to_main_network_m": 42.0 }, "geometry": { "type": "Point", "coordinates": [ 93.197382, 25.02153 ] } },
{ "type": "Feature", "properties": { "HAB_ID": 752482, "STATE_ID": 4, "DISTRICT_I": 378, "BLOCK_ID": 2460, "HAB_NAME": "Nakhajao", "TOT_POPULA": 162, "dist_to_main_network_m": 160.0 }, "geometry": { "type": "Point", "coordinates": [ 93.172821, 25.166868 ] } },
{ "type": "Feature", "properties": { "HAB_ID": 755597, "STATE_ID": 4, "DISTRICT_I": 378, "BLOCK_ID": 2460, "HAB_NAME": "Nanadisa", "TOT_POPULA": 128, "dist_to_main_network_m": 62.0 }, "geometry": { "type": "Point", "coordinates": [ 93.056432, 25.180821 ] } },
{ "type": "Feature", "properties": { "HAB_ID": 779859, "STATE_ID": 4, "DISTRICT_I": 378, "BLOCK_ID": 2460, "HAB_NAME": "New Ngalsong", "TOT_POPULA": 132, "dist_to_main_network_m": 47.0 }, "geometry": { "type": "Point", "coordinates": [ 93.121861, 25.186311 ] } },
{ "type": "Feature", "properties": { "HAB_ID": 791201, "STATE_ID": 4, "DISTRICT_I": 378, "BLOCK_ID": 2460, "HAB_NAME": "Nrianam", "TOT_POPULA": 62, "dist_to_main_network_m": 98.0 }, "geometry": { "type": "Point", "coordinates": [ 93.142298, 25.176845 ] } },
{ "type": "Feature", "properties": { "HAB_ID": 792751, "STATE_ID": 4, "DISTRICT_I": 378, "BLOCK_ID": 2460, "HAB_NAME": "Nutan Ninglo", "TOT_POPULA": 454, "dist_to_main_network_m": 116.0 }, "geometry": { "type": "Point", "coordinates": [ 93.344942, 25.217012 ] } },
{ "type": "Feature", "properties": { "HAB_ID": 792772, "STATE_ID": 4, "DISTRICT_I": 378, "BLOCK_ID": 2460, "HAB_NAME": "N Songkhai", "TOT_POPULA": 545, "dist_to_main_network_m": 64.0 }, "geometry": { "type": "Point", "coordinates": [ 93.281406, 25.085337 ] } },
{ "type": "Feature", "properties": { "HAB_ID": 797802, "STATE_ID": 4, "DISTRICT_I": 378, "BLOCK_ID": 2460, "HAB_NAME": "P Hmar Lushai", "TOT_POPULA": 277, "dist_to_main_network_m": 32.0 }, "geometry": { "type": "Point", "coordinates": [ 93.252667, 25.091458 ] } },
{ "type": "Feature", "properties": { "HAB_ID": 848705, "STATE_ID": 4, "DISTRICT_I": 378, "BLOCK_ID": 2460, "HAB_NAME": "Phaipui", "TOT_POPULA": 216, "dist_to_main_network_m": 99.0 }, "geometry": { "type": "Point", "coordinates": [ 93.226336, 25.02398 ] } },
{ "type": "Feature", "properties": { "HAB_ID": 870839, "STATE_ID": 4, "DISTRICT_I": 378, "BLOCK_ID": 2460, "HAB_NAME": "Pura", "TOT_POPULA": 200, "dist_to_main_network_m": 320.0 }, "geometry": { "type": "Point", "coordinates": [ 93.06462, 25.160905 ] } },
{ "type": "Feature", "properties": { "HAB_ID": 1321558, "STATE_ID": 4, "DISTRICT_I": 378, "BLOCK_ID": 2138, "HAB_NAME": "Aivaphai", "TOT_POPULA": 144, "dist_to_main_network_m": 1815.0 }, "geometry": { "type": "Point", "coordinates": [ 92.798921, 25.100439 ] } },
{ "type": "Feature", "properties": { "HAB_ID": 959912, "STATE_ID": 4, "DISTRICT_I": 378, "BLOCK_ID": 2460, "HAB_NAME": "Saron", "TOT_POPULA": 1494, "dist_to_main_network_m": 22.0 }, "geometry": { "type": "Point", "coordinates": [ 93.118567, 25.183847 ] } },
{ "type": "Feature", "properties": { "HAB_ID": 970707, "STATE_ID": 4, "DISTRICT_I": 378, "BLOCK_ID": 2460, "HAB_NAME": "Semdikor", "TOT_POPULA": 129, "dist_to_main_network_m": 90.0 }, "geometry": { "type": "Point", "coordinates": [ 93.113344, 25.188262 ] } },
{ "type": "Feature", "properties": { "HAB_ID": 1052294, "STATE_ID": 4, "DISTRICT_I": 378, "BLOCK_ID": 2460, "HAB_NAME": "Thoinagar", "TOT_POPULA": 238, "dist_to_main_network_m": 635.0 }, "geometry": { "type": "Point", "coordinates": [ 93.144959, 25.202751 ] } },
{ "type": "Feature", "properties": { "HAB_ID": 1064329, "STATE_ID": 4, "DISTRICT_I": 378, "BLOCK_ID": 2460, "HAB_NAME": "Tuicham", "TOT_POPULA": 58, "dist_to_main_network_m": 4480.0 }, "geometry": { "type": "Point", "coordinates": [ 93.037231, 25.039704 ] } },
{ "type": "Feature", "properties": { "HAB_ID": 1065548, "STATE_ID": 4, "DISTRICT_I": 378, "BLOCK_ID": 2460, "HAB_NAME": "Tumjang", "TOT_POPULA": 93, "dist_to_main_network_m": 55.0 }, "geometry": { "type": "Point", "coordinates": [ 93.22151, 25.179535 ] } },
{ "type": "Feature", "properties": { "HAB_ID": 1065933, "STATE_ID": 4, "DISTRICT_I": 378, "BLOCK_ID": 2460, "HAB_NAME": "Tungje", "TOT_POPULA": 482, "dist_to_main_network_m": 39.0 }, "geometry": { "type": "Point", "coordinates": [ 93.375684, 25.254974 ] } },
{ "type": "Feature", "properties": { "HAB_ID": 177637, "STATE_ID": 4, "DISTRICT_I": 378, "BLOCK_ID": 2138, "HAB_NAME": "Boro Robi", "TOT_POPULA": 60, "dist_to_main_network_m": 1678.0 }, "geometry": { "type": "Point", "coordinates": [ 93.005264, 25.152261 ] } },
{ "type": "Feature", "properties": { "HAB_ID": 179389, "STATE_ID": 4, "DISTRICT_I": 378, "BLOCK_ID": 2138, "HAB_NAME": "Boulmoul", "TOT_POPULA": 250, "dist_to_main_network_m": 30.0 }, "geometry": { "type": "Point", "coordinates": [ 92.857106, 25.119153 ] } },
{ "type": "Feature", "properties": { "HAB_ID": 233319, "STATE_ID": 4, "DISTRICT_I": 378, "BLOCK_ID": 2138, "HAB_NAME": "Choto Haflong", "TOT_POPULA": 123, "dist_to_main_network_m": 1582.0 }, "geometry": { "type": "Point", "coordinates": [ 92.977432, 25.131966 ] } },
{ "type": "Feature", "properties": { "HAB_ID": 398347, "STATE_ID": 4, "DISTRICT_I": 378, "BLOCK_ID": 2138, "HAB_NAME": "Harangajao Bazar", "TOT_POPULA": 689, "dist_to_main_network_m": 35.0 }, "geometry": { "type": "Point", "coordinates": [ 92.856903, 25.116794 ] } },
{ "type": "Feature", "properties": { "HAB_ID": 457247, "STATE_ID": 4, "DISTRICT_I": 378, "BLOCK_ID": 2138, "HAB_NAME": "Jatinga Lampu", "TOT_POPULA": 100, "dist_to_main_network_m": 60.0 }, "geometry": { "type": "Point", "coordinates": [ 92.962521, 25.11594 ] } },
{ "type": "Feature", "properties": { "HAB_ID": 470609, "STATE_ID": 4, "DISTRICT_I": 378, "BLOCK_ID": 2138, "HAB_NAME": "Jorai", "TOT_POPULA": 99, "dist_to_main_network_m": 12.0 }, "geometry": { "type": "Point", "coordinates": [ 93.002794, 25.215014 ] } },
{ "type": "Feature", "properties": { "HAB_ID": 489847, "STATE_ID": 4, "DISTRICT_I": 378, "BLOCK_ID": 2138, "HAB_NAME": "kalimaibong", "TOT_POPULA": 60, "dist_to_main_network_m": 16.0 }, "geometry": { "type": "Point", "coordinates": [ 92.9306, 25.197843 ] } },
{ "type": "Feature", "properties": { "HAB_ID": 937057, "STATE_ID": 4, "DISTRICT_I": 378, "BLOCK_ID": 2138, "HAB_NAME": "Saiding", "TOT_POPULA": 275, "dist_to_main_network_m": 1008.0 }, "geometry": { "type": "Point", "coordinates": [ 92.806064, 25.091925 ] } },
{ "type": "Feature", "properties": { "HAB_ID": 946384, "STATE_ID": 4, "DISTRICT_I": 378, "BLOCK_ID": 2138, "HAB_NAME": "Samparidisa", "TOT_POPULA": 303, "dist_to_main_network_m": 62.0 }, "geometry": { "type": "Point", "coordinates": [ 93.0039, 25.239824 ] } },
{ "type": "Feature", "properties": { "HAB_ID": 1185582, "STATE_ID": 4, "DISTRICT_I": 378, "BLOCK_ID": 2138, "HAB_NAME": "Hokai Punchi", "TOT_POPULA": 210, "dist_to_main_network_m": 1914.0 }, "geometry": { "type": "Point", "coordinates": [ 93.002273, 25.160959 ] } },
{ "type": "Feature", "properties": { "HAB_ID": 1322709, "STATE_ID": 4, "DISTRICT_I": 378, "BLOCK_ID": 2138, "HAB_NAME": "kapurcherra 2", "TOT_POPULA": 113, "dist_to_main_network_m": 238.0 }, "geometry": { "type": "Point", "coordinates": [ 92.924181, 25.111364 ] } },
{ "type": "Feature", "properties": { "HAB_ID": 1322762, "STATE_ID": 4, "DISTRICT_I": 378, "BLOCK_ID": 2138, "HAB_NAME": "P kubing", "TOT_POPULA": 101, "dist_to_main_network_m": 21.0 }, "geometry": { "type": "Point", "coordinates": [ 92.962824, 25.174014 ] } },
{ "type": "Feature", "properties": { "HAB_ID": 1322853, "STATE_ID": 4, "DISTRICT_I": 378, "BLOCK_ID": 2138, "HAB_NAME": "Paiza", "TOT_POPULA": 132, "dist_to_main_network_m": 229.0 }, "geometry": { "type": "Point", "coordinates": [ 92.955364, 25.274785 ] } },
{ "type": "Feature", "properties": { "HAB_ID": 1322864, "STATE_ID": 4, "DISTRICT_I": 378, "BLOCK_ID": 2138, "HAB_NAME": "Raisingram", "TOT_POPULA": 65, "dist_to_main_network_m": 77.0 }, "geometry": { "type": "Point", "coordinates": [ 92.849746, 25.177432 ] } },
{ "type": "Feature", "properties": { "HAB_ID": 249643, "STATE_ID": 4, "DISTRICT_I": 378, "BLOCK_ID": 1647, "HAB_NAME": "daoblibdisa", "TOT_POPULA": 255, "dist_to_main_network_m": 35.0 }, "geometry": { "type": "Point", "coordinates": [ 93.399135, 25.43149 ] } },
{ "type": "Feature", "properties": { "HAB_ID": 249654, "STATE_ID": 4, "DISTRICT_I": 378, "BLOCK_ID": 1647, "HAB_NAME": "daorephaja", "TOT_POPULA": 13, "dist_to_main_network_m": 139.0 }, "geometry": { "type": "Point", "coordinates": [ 93.353827, 25.489583 ] } },
{ "type": "Feature", "properties": { "HAB_ID": 258522, "STATE_ID": 4, "DISTRICT_I": 378, "BLOCK_ID": 1647, "HAB_NAME": "Delen watiling", "TOT_POPULA": 132, "dist_to_main_network_m": 100.0 }, "geometry": { "type": "Point", "coordinates": [ 93.184992, 25.268206 ] } },
{ "type": "Feature", "properties": { "HAB_ID": 261579, "STATE_ID": 4, "DISTRICT_I": 378, "BLOCK_ID": 1647, "HAB_NAME": "dersi", "TOT_POPULA": 276, "dist_to_main_network_m": 58.0 }, "geometry": { "type": "Point", "coordinates": [ 92.986003, 25.369452 ] } },
{ "type": "Feature", "properties": { "HAB_ID": 300243, "STATE_ID": 4, "DISTRICT_I": 378, "BLOCK_ID": 1647, "HAB_NAME": "didambra", "TOT_POPULA": 1010, "dist_to_main_network_m": 93.0 }, "geometry": { "type": "Point", "coordinates": [ 93.28256, 25.35215 ] } },
{ "type": "Feature", "properties": { "HAB_ID": 302078, "STATE_ID": 4, "DISTRICT_I": 378, "BLOCK_ID": 1647, "HAB_NAME": "Dihur phonglo", "TOT_POPULA": 688, "dist_to_main_network_m": 56.0 }, "geometry": { "type": "Point", "coordinates": [ 93.136453, 25.296617 ] } },
{ "type": "Feature", "properties": { "HAB_ID": 302516, "STATE_ID": 4, "DISTRICT_I": 378, "BLOCK_ID": 1647, "HAB_NAME": "Diklimdaopar", "TOT_POPULA": 138, "dist_to_main_network_m": 84.0 }, "geometry": { "type": "Point", "coordinates": [ 93.042279, 25.587078 ] } },
{ "type": "Feature", "properties": { "HAB_ID": 311296, "STATE_ID": 4, "DISTRICT_I": 378, "BLOCK_ID": 1647, "HAB_NAME": "drang bathari", "TOT_POPULA": 150, "dist_to_main_network_m": 77.0 }, "geometry": { "type": "Point", "coordinates": [ 93.249086, 25.351895 ] } },
{ "type": "Feature", "properties": { "HAB_ID": 381592, "STATE_ID": 4, "DISTRICT_I": 378, "BLOCK_ID": 1647, "HAB_NAME": "Guilung", "TOT_POPULA": 558, "dist_to_main_network_m": 180.0 }, "geometry": { "type": "Point", "coordinates": [ 93.23707, 25.271541 ] } },
{ "type": "Feature", "properties": { "HAB_ID": 418314, "STATE_ID": 4, "DISTRICT_I": 378, "BLOCK_ID": 1647, "HAB_NAME": "Hajadisa", "TOT_POPULA": 921, "dist_to_main_network_m": 36.0 }, "geometry": { "type": "Point", "coordinates": [ 93.290951, 25.381156 ] } },
{ "type": "Feature", "properties": { "HAB_ID": 424544, "STATE_ID": 4, "DISTRICT_I": 378, "BLOCK_ID": 1647, "HAB_NAME": "Hojai Dobongling", "TOT_POPULA": 168, "dist_to_main_network_m": 43.0 }, "geometry": { "type": "Point", "coordinates": [ 92.949539, 25.356543 ] } },
{ "type": "Feature", "properties": { "HAB_ID": 440633, "STATE_ID": 4, "DISTRICT_I": 378, "BLOCK_ID": 1647, "HAB_NAME": "jagdi", "TOT_POPULA": 226, "dist_to_main_network_m": 819.0 }, "geometry": { "type": "Point", "coordinates": [ 93.208806, 25.308255 ] } },
{ "type": "Feature", "properties": { "HAB_ID": 446800, "STATE_ID": 4, "DISTRICT_I": 378, "BLOCK_ID": 1647, "HAB_NAME": "Jalwa", "TOT_POPULA": 110, "dist_to_main_network_m": 12.0 }, "geometry": { "type": "Point", "coordinates": [ 93.223254, 25.267986 ] } },
{ "type": "Feature", "properties": { "HAB_ID": 448284, "STATE_ID": 4, "DISTRICT_I": 378, "BLOCK_ID": 1647, "HAB_NAME": "Jamberling", "TOT_POPULA": 133, "dist_to_main_network_m": 44.0 }, "geometry": { "type": "Point", "coordinates": [ 93.078754, 25.321477 ] } },
{ "type": "Feature", "properties": { "HAB_ID": 554808, "STATE_ID": 4, "DISTRICT_I": 378, "BLOCK_ID": 1647, "HAB_NAME": "khepre", "TOT_POPULA": 694, "dist_to_main_network_m": 60.0 }, "geometry": { "type": "Point", "coordinates": [ 93.360298, 25.436477 ] } },
{ "type": "Feature", "properties": { "HAB_ID": 594233, "STATE_ID": 4, "DISTRICT_I": 378, "BLOCK_ID": 1647, "HAB_NAME": "koladisa", "TOT_POPULA": 134, "dist_to_main_network_m": 117.0 }, "geometry": { "type": "Point", "coordinates": [ 93.379525, 25.473431 ] } },
{ "type": "Feature", "properties": { "HAB_ID": 603403, "STATE_ID": 4, "DISTRICT_I": 378, "BLOCK_ID": 1647, "HAB_NAME": "Kaotemdima", "TOT_POPULA": 104, "dist_to_main_network_m": 54.0 }, "geometry": { "type": "Point", "coordinates": [ 93.122273, 25.319613 ] } },
{ "type": "Feature", "properties": { "HAB_ID": 651329, "STATE_ID": 4, "DISTRICT_I": 378, "BLOCK_ID": 1647, "HAB_NAME": "mahurpura", "TOT_POPULA": 295, "dist_to_main_network_m": 65.0 }, "geometry": { "type": "Point", "coordinates": [ 93.108062, 25.339332 ] } },
{ "type": "Feature", "properties": { "HAB_ID": 651333, "STATE_ID": 4, "DISTRICT_I": 378, "BLOCK_ID": 1647, "HAB_NAME": "mahurwapu", "TOT_POPULA": 85, "dist_to_main_network_m": 133.0 }, "geometry": { "type": "Point", "coordinates": [ 93.109301, 25.336829 ] } },
{ "type": "Feature", "properties": { "HAB_ID": 652092, "STATE_ID": 4, "DISTRICT_I": 378, "BLOCK_ID": 1647, "HAB_NAME": "mailoo", "TOT_POPULA": 195, "dist_to_main_network_m": 100.0 }, "geometry": { "type": "Point", "coordinates": [ 93.210678, 25.489897 ] } },
{ "type": "Feature", "properties": { "HAB_ID": 707072, "STATE_ID": 4, "DISTRICT_I": 378, "BLOCK_ID": 1647, "HAB_NAME": "miyungrendisa", "TOT_POPULA": 201, "dist_to_main_network_m": 51.0 }, "geometry": { "type": "Point", "coordinates": [ 93.127276, 25.284238 ] } },
{ "type": "Feature", "properties": { "HAB_ID": 717805, "STATE_ID": 4, "DISTRICT_I": 378, "BLOCK_ID": 1647, "HAB_NAME": "motidaodung", "TOT_POPULA": 152, "dist_to_main_network_m": 29.0 }, "geometry": { "type": "Point", "coordinates": [ 93.037604, 25.334262 ] } },
{ "type": "Feature", "properties": { "HAB_ID": 1317709, "STATE_ID": 4, "DISTRICT_I": 378, "BLOCK_ID": 1647, "HAB_NAME": "Harichandrapur", "TOT_POPULA": 1529, "dist_to_main_network_m": 183.0 }, "geometry": { "type": "Point", "coordinates": [ 93.132684, 25.310734 ] } },
{ "type": "Feature", "properties": { "HAB_ID": 718695, "STATE_ID": 4, "DISTRICT_I": 378, "BLOCK_ID": 1647, "HAB_NAME": "moulkon", "TOT_POPULA": 26, "dist_to_main_network_m": 141.0 }, "geometry": { "type": "Point", "coordinates": [ 93.38526, 25.334098 ] } },
{ "type": "Feature", "properties": { "HAB_ID": 738960, "STATE_ID": 4, "DISTRICT_I": 378, "BLOCK_ID": 1647, "HAB_NAME": "Nobdi langting", "TOT_POPULA": 681, "dist_to_main_network_m": 111.0 }, "geometry": { "type": "Point", "coordinates": [ 93.289557, 25.402926 ] } },
{ "type": "Feature", "properties": { "HAB_ID": 750754, "STATE_ID": 4, "DISTRICT_I": 378, "BLOCK_ID": 1647, "HAB_NAME": "Naidingpur I", "TOT_POPULA": 128, "dist_to_main_network_m": 46.0 }, "geometry": { "type": "Point", "coordinates": [ 92.953804, 25.345722 ] } },
{ "type": "Feature", "properties": { "HAB_ID": 788015, "STATE_ID": 4, "DISTRICT_I": 378, "BLOCK_ID": 1647, "HAB_NAME": "nablaidisa", "TOT_POPULA": 1050, "dist_to_main_network_m": 202.0 }, "geometry": { "type": "Point", "coordinates": [ 93.263468, 25.380068 ] } },
{ "type": "Feature", "properties": { "HAB_ID": 792906, "STATE_ID": 4, "DISTRICT_I": 378, "BLOCK_ID": 1647, "HAB_NAME": "natun Lampu", "TOT_POPULA": 506, "dist_to_main_network_m": 93.0 }, "geometry": { "type": "Point", "coordinates": [ 93.124335, 25.309721 ] } },
{ "type": "Feature", "properties": { "HAB_ID": 797617, "STATE_ID": 4, "DISTRICT_I": 378, "BLOCK_ID": 1647, "HAB_NAME": "P Daokrang", "TOT_POPULA": 132, "dist_to_main_network_m": 57.0 }, "geometry": { "type": "Point", "coordinates": [ 93.099398, 25.391502 ] } },
{ "type": "Feature", "properties": { "HAB_ID": 1042526, "STATE_ID": 4, "DISTRICT_I": 378, "BLOCK_ID": 1647, "HAB_NAME": "thaijuphang", "TOT_POPULA": 189, "dist_to_main_network_m": 11.0 }, "geometry": { "type": "Point", "coordinates": [ 92.987838, 25.397477 ] } },
{ "type": "Feature", "properties": { "HAB_ID": 304077, "STATE_ID": 4, "DISTRICT_I": 378, "BLOCK_ID": 1648, "HAB_NAME": "disabra", "TOT_POPULA": 211, "dist_to_main_network_m": 71.0 }, "geometry": { "type": "Point", "coordinates": [ 92.826048, 25.682696 ] } },
{ "type": "Feature", "properties": { "HAB_ID": 304135, "STATE_ID": 4, "DISTRICT_I": 378, "BLOCK_ID": 1648, "HAB_NAME": "Dimadao Wapu", "TOT_POPULA": 279, "dist_to_main_network_m": 162.0 }, "geometry": { "type": "Point", "coordinates": [ 92.931072, 25.482614 ] } },
{ "type": "Feature", "properties": { "HAB_ID": 304136, "STATE_ID": 4, "DISTRICT_I": 378, "BLOCK_ID": 1648, "HAB_NAME": "dismao 1", "TOT_POPULA": 195, "dist_to_main_network_m": 89.0 }, "geometry": { "type": "Point", "coordinates": [ 92.94417, 25.768736 ] } },
{ "type": "Feature", "properties": { "HAB_ID": 304137, "STATE_ID": 4, "DISTRICT_I": 378, "BLOCK_ID": 1648, "HAB_NAME": "dismao 2", "TOT_POPULA": 249, "dist_to_main_network_m": 55.0 }, "geometry": { "type": "Point", "coordinates": [ 92.951849, 25.765234 ] } },
{ "type": "Feature", "properties": { "HAB_ID": 620667, "STATE_ID": 4, "DISTRICT_I": 378, "BLOCK_ID": 1648, "HAB_NAME": "Langri1", "TOT_POPULA": 205, "dist_to_main_network_m": 34.0 }, "geometry": { "type": "Point", "coordinates": [ 92.882979, 25.734275 ] } },
{ "type": "Feature", "properties": { "HAB_ID": 620668, "STATE_ID": 4, "DISTRICT_I": 378, "BLOCK_ID": 1648, "HAB_NAME": "Langri2", "TOT_POPULA": 68, "dist_to_main_network_m": 40.0 }, "geometry": { "type": "Point", "coordinates": [ 92.879481, 25.741396 ] } },
{ "type": "Feature", "properties": { "HAB_ID": 620675, "STATE_ID": 4, "DISTRICT_I": 378, "BLOCK_ID": 1648, "HAB_NAME": "Longrimukh", "TOT_POPULA": 367, "dist_to_main_network_m": 82.0 }, "geometry": { "type": "Point", "coordinates": [ 92.890904, 25.753067 ] } },
{ "type": "Feature", "properties": { "HAB_ID": 888343, "STATE_ID": 4, "DISTRICT_I": 378, "BLOCK_ID": 1648, "HAB_NAME": "raijaodisa", "TOT_POPULA": 78, "dist_to_main_network_m": 16.0 }, "geometry": { "type": "Point", "coordinates": [ 93.011344, 25.785198 ] } },
{ "type": "Feature", "properties": { "HAB_ID": 888795, "STATE_ID": 4, "DISTRICT_I": 378, "BLOCK_ID": 1648, "HAB_NAME": "railinghadi", "TOT_POPULA": 276, "dist_to_main_network_m": 36.0 }, "geometry": { "type": "Point", "coordinates": [ 92.922198, 25.66336 ] } },
{ "type": "Feature", "properties": { "HAB_ID": 1185561, "STATE_ID": 4, "DISTRICT_I": 378, "BLOCK_ID": 1648, "HAB_NAME": "taraabi", "TOT_POPULA": 96, "dist_to_main_network_m": 6.0 }, "geometry": { "type": "Point", "coordinates": [ 93.011638, 25.763141 ] } },
{ "type": "Feature", "properties": { "HAB_ID": 1320419, "STATE_ID": 4, "DISTRICT_I": 378, "BLOCK_ID": 1648, "HAB_NAME": "Digandu Bazaar", "TOT_POPULA": 120, "dist_to_main_network_m": 12.0 }, "geometry": { "type": "Point", "coordinates": [ 93.004004, 25.781435 ] } },
{ "type": "Feature", "properties": { "HAB_ID": 1321261, "STATE_ID": 4, "DISTRICT_I": 378, "BLOCK_ID": 1648, "HAB_NAME": "Kailadisa", "TOT_POPULA": 114, "dist_to_main_network_m": 24.0 }, "geometry": { "type": "Point", "coordinates": [ 92.907819, 25.673263 ] } },
{ "type": "Feature", "properties": { "HAB_ID": 1321297, "STATE_ID": 4, "DISTRICT_I": 378, "BLOCK_ID": 1648, "HAB_NAME": "Kokdalangso 2", "TOT_POPULA": 204, "dist_to_main_network_m": 5.0 }, "geometry": { "type": "Point", "coordinates": [ 92.852511, 25.723628 ] } },
{ "type": "Feature", "properties": { "HAB_ID": 1321361, "STATE_ID": 4, "DISTRICT_I": 378, "BLOCK_ID": 1648, "HAB_NAME": "Langtapur", "TOT_POPULA": 102, "dist_to_main_network_m": 30.0 }, "geometry": { "type": "Point", "coordinates": [ 92.954913, 25.674327 ] } },
{ "type": "Feature", "properties": { "HAB_ID": 774630, "STATE_ID": 4, "DISTRICT_I": 378, "BLOCK_ID": 1648, "HAB_NAME": "nayapur", "TOT_POPULA": 606, "dist_to_main_network_m": 34.0 }, "geometry": { "type": "Point", "coordinates": [ 93.035873, 25.793818 ] } },
{ "type": "Feature", "properties": { "HAB_ID": 784849, "STATE_ID": 4, "DISTRICT_I": 378, "BLOCK_ID": 1648, "HAB_NAME": "ningthelangso", "TOT_POPULA": 60, "dist_to_main_network_m": 70.0 }, "geometry": { "type": "Point", "coordinates": [ 92.915933, 25.734093 ] } },
{ "type": "Feature", "properties": { "HAB_ID": 1073549, "STATE_ID": 4, "DISTRICT_I": 378, "BLOCK_ID": 1648, "HAB_NAME": "umrangso 29km", "TOT_POPULA": 320, "dist_to_main_network_m": 23.0 }, "geometry": { "type": "Point", "coordinates": [ 92.778061, 25.610016 ] } },
{ "type": "Feature", "properties": { "HAB_ID": 892266, "STATE_ID": 4, "DISTRICT_I": 378, "BLOCK_ID": 1648, "HAB_NAME": "rajbari 1", "TOT_POPULA": 175, "dist_to_main_network_m": 39.0 }, "geometry": { "type": "Point", "coordinates": [ 92.935426, 25.801519 ] } },
{ "type": "Feature", "properties": { "HAB_ID": 807875, "STATE_ID": 4, "DISTRICT_I": 378, "BLOCK_ID": 1648, "HAB_NAME": "poklangso", "TOT_POPULA": 70, "dist_to_main_network_m": 63.0 }, "geometry": { "type": "Point", "coordinates": [ 92.913389, 25.536978 ] } },
{ "type": "Feature", "properties": { "HAB_ID": 1042527, "STATE_ID": 4, "DISTRICT_I": 378, "BLOCK_ID": 1648, "HAB_NAME": "thaijuwari", "TOT_POPULA": 193, "dist_to_main_network_m": 44.0 }, "geometry": { "type": "Point", "coordinates": [ 92.970638, 25.569317 ] } },
{ "type": "Feature", "properties": { "HAB_ID": 848778, "STATE_ID": 4, "DISTRICT_I": 378, "BLOCK_ID": 1648, "HAB_NAME": "phalaiphahadi", "TOT_POPULA": 309, "dist_to_main_network_m": 23.0 }, "geometry": { "type": "Point", "coordinates": [ 93.0031, 25.563435 ] } },
{ "type": "Feature", "properties": { "HAB_ID": 1103143, "STATE_ID": 4, "DISTRICT_I": 378, "BLOCK_ID": 1648, "HAB_NAME": "waferdisa", "TOT_POPULA": 31, "dist_to_main_network_m": 33.0 }, "geometry": { "type": "Point", "coordinates": [ 92.82738, 25.618584 ] } },
{ "type": "Feature", "properties": { "HAB_ID": 1063180, "STATE_ID": 4, "DISTRICT_I": 378, "BLOCK_ID": 1648, "HAB_NAME": "tortalangso 1", "TOT_POPULA": 56, "dist_to_main_network_m": 238.0 }, "geometry": { "type": "Point", "coordinates": [ 92.807375, 25.670687 ] } },
{ "type": "Feature", "properties": { "HAB_ID": 866684, "STATE_ID": 4, "DISTRICT_I": 378, "BLOCK_ID": 1648, "HAB_NAME": "prapdisa", "TOT_POPULA": 660, "dist_to_main_network_m": 29.0 }, "geometry": { "type": "Point", "coordinates": [ 92.91503, 25.738461 ] } },
{ "type": "Feature", "properties": { "HAB_ID": 1103909, "STATE_ID": 4, "DISTRICT_I": 378, "BLOCK_ID": 1648, "HAB_NAME": "wasaikhong", "TOT_POPULA": 188, "dist_to_main_network_m": 50.0 }, "geometry": { "type": "Point", "coordinates": [ 92.96313, 25.786111 ] } },
{ "type": "Feature", "properties": { "HAB_ID": 1103946, "STATE_ID": 4, "DISTRICT_I": 378, "BLOCK_ID": 1648, "HAB_NAME": "wasubil 1", "TOT_POPULA": 150, "dist_to_main_network_m": 17.0 }, "geometry": { "type": "Point", "coordinates": [ 92.915672, 25.744651 ] } },
{ "type": "Feature", "properties": { "HAB_ID": 872567, "STATE_ID": 4, "DISTRICT_I": 378, "BLOCK_ID": 1648, "HAB_NAME": "P Gera", "TOT_POPULA": 100, "dist_to_main_network_m": 27.0 }, "geometry": { "type": "Point", "coordinates": [ 92.910785, 25.635578 ] } },
{ "type": "Feature", "properties": { "HAB_ID": 1185533, "STATE_ID": 4, "DISTRICT_I": 378, "BLOCK_ID": 1648, "HAB_NAME": "Daodipdisa.", "TOT_POPULA": 48, "dist_to_main_network_m": 43.0 }, "geometry": { "type": "Point", "coordinates": [ 92.859477, 25.6967 ] } },
{ "type": "Feature", "properties": { "HAB_ID": 1185540, "STATE_ID": 4, "DISTRICT_I": 378, "BLOCK_ID": 1648, "HAB_NAME": "Lurulangso.", "TOT_POPULA": 83, "dist_to_main_network_m": 41.0 }, "geometry": { "type": "Point", "coordinates": [ 92.808133, 25.656271 ] } },
{ "type": "Feature", "properties": { "HAB_ID": 1185547, "STATE_ID": 4, "DISTRICT_I": 378, "BLOCK_ID": 1648, "HAB_NAME": "Nobdi Longkukro.", "TOT_POPULA": 130, "dist_to_main_network_m": 34.0 }, "geometry": { "type": "Point", "coordinates": [ 92.78471, 25.61877 ] } },
{ "type": "Feature", "properties": { "HAB_ID": 353041, "STATE_ID": 4, "DISTRICT_I": 378, "BLOCK_ID": 2460, "HAB_NAME": "Patharkot", "TOT_POPULA": 38, "dist_to_main_network_m": 33.0 }, "geometry": { "type": "Point", "coordinates": [ 93.152721, 25.131862 ] } },
{ "type": "Feature", "properties": { "HAB_ID": 466444, "STATE_ID": 4, "DISTRICT_I": 378, "BLOCK_ID": 2460, "HAB_NAME": "N Wari II", "TOT_POPULA": 56, "dist_to_main_network_m": 39.0 }, "geometry": { "type": "Point", "coordinates": [ 93.050759, 25.212633 ] } },
{ "type": "Feature", "properties": { "HAB_ID": 1185590, "STATE_ID": 4, "DISTRICT_I": 378, "BLOCK_ID": 2460, "HAB_NAME": "M. Phonglo", "TOT_POPULA": 95, "dist_to_main_network_m": 295.0 }, "geometry": { "type": "Point", "coordinates": [ 93.165907, 25.235947 ] } },
{ "type": "Feature", "properties": { "HAB_ID": 1320428, "STATE_ID": 4, "DISTRICT_I": 378, "BLOCK_ID": 1647, "HAB_NAME": "Noyapur", "TOT_POPULA": 222, "dist_to_main_network_m": 96.0 }, "geometry": { "type": "Point", "coordinates": [ 93.102288, 25.771908 ] } }
]
}
